Questionnaire;Département;q1;q2a_1;q2a_2;q2b_1;q2b_2;q2c_1;q2c_2;q3a;q3b;q3b1_1;q3b1_2;q3b1_3;q3b1_4;q3b1_5;q3b1_6;q3b1_7;q3b1_8;q3c;q4a_1;q4a_2;q4a_3;q4a_4;q4a_5;q4a_6;q4b_1;q4b_2;q4b_3;q4b_4;q4b_5;q4b_6;q4c_1;q4c_2;q4c_3;q4c_4;q4c_5;q4c_6;q5;q6;q7;q8;q9_1;q9_2;q9_3;q9_4;q9_5;q9_6;q10;q11;q11b1;q11b2;q11b3;q11b4;q11b5;q11b6;q11b7;q11b8;q11b9;q11b10;q11b11;q11b12;q11b13;q12;q13;q13b_1;q13b_2;q13b_3;q13b_4;q13b_5;q13b_6;q13b_7;q14;q15;q16_1;q16_2;q16_3;q16_4;q16_5;q16_6;q17;q18;q18b;q19;q20parents_1;q20parents_2;q20parents_3;q20parents_4;q20parents_5;q20parents_6;q20enfants_1;q20enfants_2;q20enfants_3;q20enfants_4;q20enfants_5;q20enfants_6;q21;q21b;q22;q23;q23b;q23b_autre;s1;villesstd;classville;s2;ageaine;s4_1;s4_2;s4_3;s5;s5b;S6_1;age;s8_1;s9_1;s6_2;agecon;s8_2;S9_2;agemen;cspmen;cspgroup;classeage;classenbenfant;classeageaine;;;;;;
1;1;2;3;3;3;3;1;1;2;1;1;1;0;1;1;0;0;1;1;1;4;3;2;2;3;2;2;2;2;2;3;1;1;1;1;1;1;3;3;5;2;0;1;0;0;0;0;5;995;995;995;995;995;995;995;995;995;995;995;995;995;995;2;995;995;995;995;995;995;995;995;999;2;0;0;0;0;0;1;2;2;995;4;1;1;1;1;1;1;2;2;2;2;2;2;1;2;2;1;1;;FRANCHEVILLE;FRANCHEVILLE;3;3;23;6;6;2;1;2;2;52;1;7;1;55;1;2;55;2;1;4;3;4;;;;;;
2;1;2;3;2;3;3;1;2;1;1;1;0;1;1;0;0;1;0;2;3;2;3;5;2;5;3;1;3;4;2;4;1;2;2;3;2;3;3;2;1;3;1;0;0;0;1;0;3;995;995;995;995;995;995;995;995;995;995;995;995;995;995;999;999;995;995;995;995;995;995;995;3;1;0;0;0;1;0;0;3;2;995;4;2;2;2;2;2;3;2;3;2;2;3;3;1;2;4;1;4;;GARENCIERES;GARENCIERES;3;1;10;997;997;997;1;2;2;37;1;3;1;50;1;3;50;3;1;4;1;2;;;;;;
3;1;2;2;3;1;3;1;1;2;3;995;995;995;995;995;995;995;995;999;3;3;2;2;3;3;3;3;3;3;3;3;1;1;1;1;1;1;3;2;1;1;0;0;1;0;0;0;4;995;995;995;995;995;995;995;995;995;995;995;995;995;995;1;2;0;0;0;0;0;0;0;999;999;0;0;0;0;0;0;999;999;999;999;999;999;999;999;999;999;999;999;999;999;999;999;999;999;999;1;6;;VERNON;VERNON;2;3;23;6;5;997;1;999;1;55;1;3;2;52;1;4;55;3;1;4;3;4;;;;;;
4;1;3;3;3;3;3;2;2;3;3;995;995;995;995;995;995;995;995;2;2;3;2;2;3;2;3;3;3;3;3;3;2;2;2;2;2;2;1;2;1;2;0;0;0;0;1;0;3;995;995;995;995;995;995;995;995;995;995;995;995;995;995;1;2;1;0;0;0;0;0;0;3;1;0;0;0;0;1;0;3;2;995;2;2;2;2;2;2;2;2;2;2;2;2;2;1;2;3;1;1;;LOUVIERS;LOUVIERS;2;3;20;5;5;5;1;999;1;45;1;3;2;45;1;4;45;3;1;3;3;4;;;;;;
5;1;1;3;1;3;3;2;1;1;1;1;0;0;1;1;0;0;0;1;5;3;3;5;3;3;1;1;3;3;1;1;3;1;2;3;2;2;2;3;5;3;1;0;0;0;0;0;4;995;995;995;995;995;995;995;995;995;995;995;995;995;995;2;995;995;995;995;995;995;995;995;3;1;0;0;0;1;0;0;2;2;995;2;2;2;2;2;3;3;2;2;2;2;3;3;1;2;4;1;4;;BEUZEVILLE;BEUZEVILLE;3;3;6;997;997;997;1;999;1;36;1;3;2;32;1;4;36;3;1;2;3;2;;;;;;
6;1;1;2;1;2;2;1;1;1;1;1;0;1;1;1;1;0;0;999;5;1;5;5;2;5;4;1;1;1;1;4;3;1;1;1;1;3;4;1;4;3;1;1;0;1;0;0;5;995;995;995;995;995;995;995;995;995;995;995;995;995;995;2;995;995;995;995;995;995;995;995;3;2;0;0;0;0;1;0;2;2;995;4;2;2;2;2;2;3;2;2;2;2;2;3;2;995;4;4;995;;LA HAYE MALHERBE;LAHAYEMALHERBE;3;2;6;997;997;997;1;999;2;38;1;1;1;38;1;1;38;1;1;2;2;2;;;;;;
7;1;2;2;2;1;1;2;2;2;1;1;0;0;1;0;0;0;0;2;2;2;2;2;2;2;3;3;3;3;3;3;2;2;2;2;2;2;3;2;3;3;0;0;1;0;0;0;2;1;0;0;0;0;0;0;0;0;0;1;0;0;0;2;2;0;0;1;0;0;0;0;999;2;0;1;0;0;0;0;1;2;995;2;2;2;2;1;1;999;2;2;2;2;2;2;1;2;3;3;995;;BOSC REGNOULT EN ROUMOIS;BOSCREGNOULTENROUMOIS;3;2;21;6;5;997;1;999;1;54;1;3;2;50;1;5;54;3;1;4;2;4;;;;;;
8;1;2;2;3;1;1;2;1;1;1;0;0;0;1;0;1;0;0;2;2;1;1;2;2;2;3;1;1;1;3;3;2;1;1;1;2;2;2;3;5;2;1;1;0;0;0;0;2;1;0;0;0;0;0;0;0;0;0;1;0;0;0;2;2;1;0;0;0;0;0;0;2;1;0;0;0;0;1;0;3;2;995;2;2;2;2;1;1;2;2;2;2;2;2;2;1;2;3;2;995;;MARCILLY LA CAMPAGNE;MARCILLYLACAMPAGNE;3;3;16;2;2;997;1;999;1;40;1;3;2;40;1;5;40;3;1;3;3;3;;;;;;
9;1;2;3;2;2;2;2;1;2;3;995;995;995;995;995;995;995;995;999;5;3;2;5;2;3;4;1;3;4;1;3;3;1;1;3;1;1;3;3;5;2;1;1;0;1;0;0;5;995;995;995;995;995;995;995;995;995;995;995;995;995;995;2;2;1;0;0;0;0;0;0;4;2;0;0;0;1;0;0;3;2;995;4;2;2;2;1;1;3;2;2;2;2;2;3;1;2;3;2;995;;EZY SUR EURE;EZYSUREURE;2;2;11;997;997;997;1;999;2;47;1;2;1;46;1;3;46;3;1;3;2;2;;;;;;
10;1;1;2;1;3;1;2;2;2;3;995;995;995;995;995;995;995;995;2;1;2;1;1;3;1;1;1;3;3;1;3;2;2;2;2;2;2;1;2;2;3;1;0;0;0;1;0;4;995;995;995;995;995;995;995;995;995;995;995;995;995;995;2;995;995;995;995;995;995;995;995;3;2;0;0;0;1;0;0;2;2;995;2;2;1;2;1;1;3;2;1;2;1;1;3;1;2;3;2;995;;GISORS;GISORS;2;1;9;4;997;997;1;999;1;50;1;2;2;50;2;8;50;2;1;4;1;2;;;;;;
11;1;1;2;1;2;2;1;1;1;2;1;1;0;1;0;0;0;1;999;1;1;1;1;1;1;2;2;2;2;2;2;1;2;2;1;1;1;4;4;5;3;1;1;0;0;0;0;3;995;995;995;995;995;995;995;995;995;995;995;995;995;995;2;2;0;1;0;0;0;0;1;4;2;1;0;0;0;0;0;2;2;995;4;999;1;999;1;1;999;2;2;2;2;2;999;1;2;4;1;4;;LES ROTTEREAUX;LESROTTEREAUX;3;3;18;5;997;997;1;1;2;43;1;2;1;42;1;6;42;6;3;3;3;4;;;;;;
12;1;1;2;1;3;3;1;2;1;1;1;1;1;1;0;0;0;0;1;2;3;2;2;3;2;3;3;3;2;3;2;1;1;1;1;1;1;4;4;5;3;1;1;1;0;0;0;2;1;0;0;0;0;0;1;0;0;0;0;0;0;0;2;2;0;1;0;1;0;0;0;2;2;1;0;0;0;0;0;2;1;1;3;1;2;1;1;2;999;2;2;2;2;2;999;1;2;3;1;4;;BERVILLE LA CAMPAGNE;BERVILLELACAMPAGNE;3;3;20;5;2;1;1;999;1;45;1;3;2;42;2;8;45;3;1;3;3;4;;;;;;
13;1;3;2;2;1;1;1;2;3;1;0;1;0;0;0;0;0;1;999;5;3;2;5;3;3;4;1;3;4;3;3;3;2;1;3;2;2;2;2;2;2;0;0;0;0;1;0;5;2;995;995;995;995;995;995;995;995;995;995;995;995;995;2;2;1;0;0;0;0;0;0;999;1;0;0;0;0;0;1;3;2;995;2;2;2;2;2;2;3;2;2;2;2;2;3;1;2;1;2;995;;EVREUX;EVREUX;2;3;14;997;997;997;1;999;1;44;1;3;2;43;1;3;44;3;1;3;3;3;;;;;;
14;1;2;4;3;3;1;1;1;2;3;995;995;995;995;995;995;995;995;1;3;2;2;2;3;3;3;3;3;3;3;3;1;2;2;2;2;2;1;2;2;2;0;0;0;0;1;0;5;2;995;995;995;995;995;995;995;995;995;995;995;995;995;2;995;995;995;995;995;995;995;995;4;2;0;0;0;1;0;0;3;2;995;4;2;2;2;2;2;3;2;2;2;2;2;3;1;2;3;2;995;;ECQUETOT;ECQUETOT;3;3;23;5;5;5;1;2;2;51;1;3;1;52;1;3;52;3;1;4;3;4;;;;;;
15;1;2;4;1;1;1;2;2;2;1;1;0;0;0;0;1;0;0;2;5;2;5;5;2;2;4;3;4;4;3;3;3;2;3;3;2;2;3;2;5;3;0;0;1;0;1;0;4;1;0;0;0;0;0;0;0;0;0;0;1;0;0;999;999;995;995;995;995;995;995;995;999;2;0;0;0;0;0;0;2;2;995;999;2;2;2;2;2;3;2;2;2;2;2;3;1;2;4;4;995;;VITOT;VITOT;3;1;4;997;997;997;1;1;1;34;1;3;2;33;1;5;34;3;1;2;1;1;;;;;;
16;1;3;3;2;3;1;2;1;2;1;1;1;1;0;0;1;0;0;1;3;2;3;3;2;1;2;2;2;3;2;1;2;2;2;2;2;2;2;2;1;3;0;0;0;0;1;0;4;2;995;995;995;995;995;995;995;995;995;995;995;995;995;2;2;1;0;0;0;0;0;0;999;1;0;0;0;0;0;1;3;2;995;2;2;2;2;2;2;2;2;2;2;2;2;2;1;2;3;1;1;;EVREUX;EVREUX;2;2;18;4;997;997;1;999;1;47;1;3;2;51;1;4;47;3;1;3;2;4;;;;;;
17;1;2;3;3;1;1;2;2;2;1;1;0;0;0;0;0;0;0;2;4;2;2;5;2;5;3;3;3;4;3;4;1;2;1;3;2;3;2;2;2;2;0;0;0;0;1;0;5;2;995;995;995;995;995;995;995;995;995;995;995;995;995;2;2;1;1;0;0;0;0;0;3;2;0;0;0;1;0;0;3;999;999;2;2;2;2;2;2;2;2;2;2;2;2;2;1;2;2;1;4;;LE BOSC ROGER EN ROUMOIS;LEBOSCROGERENROUMOIS;2;3;13;997;997;997;1;999;2;42;1;3;1;41;1;3;41;3;1;3;3;3;;;;;;
18;1;2;3;2;999;1;2;2;2;1;0;0;1;0;0;0;0;0;2;2;3;3;5;2;3;3;3;3;4;1;3;2;2;2;3;2;2;2;2;1;3;0;0;0;0;1;0;4;2;995;995;995;995;995;995;995;995;995;995;995;995;995;2;2;1;1;0;0;0;0;0;3;1;0;0;0;0;1;0;3;2;995;4;999;999;999;999;999;999;2;2;2;2;2;3;1;2;3;1;6;;LA CHAPELLE REANVILLE;LACHAPELLEREANVILLE;2;3;14;997;997;997;1;999;2;43;1;3;1;44;1;3;44;3;1;3;3;3;;;;;;
19;1;2;2;2;1;1;1;1;2;1;0;0;1;1;0;0;0;0;2;3;3;3;5;3;2;3;2;2;4;3;2;2;2;2;3;2;1;2;2;1;1;0;0;1;0;1;0;3;995;995;995;995;995;995;995;995;995;995;995;995;995;995;2;2;1;1;0;0;0;0;0;2;2;0;1;0;0;0;0;3;2;995;2;2;2;2;2;2;3;2;2;2;2;3;3;1;2;3;1;4;;AMFREVILLE SUR ITON;AMFREVILLESURITON;3;2;11;997;997;997;1;2;2;38;1;3;1;38;1;3;38;3;1;2;2;2;;;;;;
20;1;2;3;1;3;1;1;1;1;1;0;0;0;1;1;0;0;0;1;5;3;3;5;2;3;4;1;3;3;3;3;3;2;2;2;2;2;3;2;2;3;0;0;1;0;1;0;5;995;995;995;995;995;995;995;995;995;995;995;995;995;995;2;995;995;995;995;995;995;995;995;4;2;0;0;0;1;0;0;3;2;995;4;2;2;2;2;2;3;2;2;2;2;3;3;1;2;3;2;995;;PORTES;PORTES;3;1;6;997;997;997;1;999;2;44;1;3;1;45;1;3;45;3;1;3;1;2;;;;;;
21;1;2;2;3;1;1;2;2;2;1;0;0;0;1;1;1;0;0;1;5;5;5;5;5;5;3;1;4;4;1;3;3;3;3;3;3;3;2;2;1;2;0;0;1;0;1;0;4;1;0;0;0;0;0;0;0;0;0;0;1;0;0;2;2;0;0;0;1;0;1;0;3;2;0;0;0;0;0;0;2;2;995;4;2;2;2;2;2;3;2;2;2;2;2;2;1;2;2;1;2;;999;999;999;2;22;6;6;997;1;999;2;50;1;3;1;55;1;4;55;4;2;4;2;4;;;;;;
22;1;2;2;3;3;3;999;2;2;3;995;995;995;995;995;995;995;995;2;4;3;4;3;2;2;999;999;999;999;999;999;2;2;2;2;2;2;1;2;2;1;0;0;0;0;1;0;5;995;995;995;995;995;995;995;995;995;995;995;995;995;995;2;995;995;995;995;995;995;995;995;3;1;0;0;0;0;1;0;3;2;995;4;2;2;2;2;2;2;2;2;2;2;2;2;1;2;2;2;995;;PLASNES;PLASNES;3;3;14;997;997;997;1;999;2;39;1;2;1;39;1;5;39;5;3;2;3;3;;;;;;
23;1;2;2;2;1;1;2;2;3;1;0;1;0;0;0;0;1;0;2;5;3;5;5;3;5;4;2;4;4;3;4;3;2;3;3;2;3;1;2;2;1;0;0;0;0;0;1;5;995;995;995;995;995;995;995;995;995;995;995;995;995;995;2;2;1;0;0;0;0;0;0;4;1;0;0;0;0;0;1;3;2;995;3;2;2;2;3;2;3;2;2;2;2;3;2;1;2;2;4;995;;ANGERVILLE LA CAMPAGNE;ANGERVILLELACAMPAGNE;2;2;12;997;997;997;1;2;1;41;1;3;2;36;1;5;41;3;1;3;2;3;;;;;;
24;1;2;4;4;1;3;1;1;3;1;1;0;0;0;1;1;0;0;1;4;3;3;3;3;2;4;3;3;3;3;2;3;1;1;1;2;2;3;3;5;2;0;0;0;0;0;1;5;995;995;995;995;995;995;995;995;995;995;995;995;995;995;2;2;1;1;0;0;0;0;0;999;2;0;1;0;0;0;0;3;2;995;2;2;2;2;1;2;3;2;2;2;2;2;3;1;2;999;1;4;;STE OPPORTUNE DU BOSC;STEOPPORTUNEDUBOSC;3;3;16;3;997;997;1;2;2;38;1;3;1;41;1;6;41;6;3;3;3;3;;;;;;
25;1;2;3;2;1;1;1;2;2;1;1;0;0;0;1;0;1;0;2;2;3;2;2;3;3;3;3;3;3;3;4;3;2;2;3;2;3;2;2;2;3;0;0;1;0;1;0;3;995;995;995;995;995;995;995;995;995;995;995;995;995;995;2;995;995;995;995;995;995;995;995;3;2;0;0;0;0;0;1;2;2;995;2;2;2;2;2;3;3;2;2;2;2;3;3;1;2;4;1;4;;conches en ouche;CONCHESENOUCHE;3;2;8;997;997;997;1;999;1;39;1;3;1;39;1;3;39;3;1;2;2;2;;;;;;
26;1;2;2;1;3;3;2;2;2;1;0;1;0;0;1;0;0;0;1;4;4;4;4;4;4;1;3;3;3;3;3;1;2;2;2;2;2;2;2;1;3;0;0;0;0;0;1;5;995;995;995;995;995;995;995;995;995;995;995;995;995;995;2;995;995;995;995;995;995;995;995;1;1;0;0;0;0;1;0;3;2;995;2;2;2;2;2;2;2;999;999;999;999;999;999;1;2;1;1;4;;houlbec cocherel;HOULBECCOCHEREL;3;2;16;2;1;997;1;1;1;46;1;2;1;61;1;7;46;2;1;3;2;3;;;;;;
27;1;1;3;2;1;1;1;1;2;1;0;0;0;0;1;1;0;0;1;1;3;2;2;4;2;1;3;2;2;3;2;2;1;1;2;1;2;2;2;5;2;0;0;0;0;1;0;4;995;995;995;995;995;995;995;995;995;995;995;995;995;995;2;2;1;0;0;0;0;0;0;2;1;0;0;0;0;0;0;2;2;995;4;2;2;2;2;2;2;2;2;2;2;2;2;1;999;4;1;1;;la haye de calleville;LAHAYEDECALLEVILLE;3;2;18;5;3;997;1;999;1;40;1;3;2;42;1;5;40;3;1;3;2;4;;;;;;
28;1;2;3;3;3;3;1;1;2;3;995;995;995;995;995;995;995;995;1;3;3;3;5;3;3;3;3;3;4;3;3;1;1;1;3;1;1;2;2;2;2;0;0;0;0;0;1;5;995;995;995;995;995;995;995;995;995;995;995;995;995;995;1;2;1;0;0;0;0;0;0;3;1;1;0;0;0;0;0;3;2;995;4;2;2;2;2;2;3;2;2;2;2;2;3;1;2;999;2;995;;GUICHAINVILLE;GUICHAINVILLE;3;1;12;997;997;997;1;999;2;43;1;2;1;51;1;2;51;2;1;4;1;3;;;;;;
29;1;2;3;2;1;1;2;2;2;1;0;1;1;0;0;1;1;0;2;3;2;1;5;5;2;1;1;1;4;4;1;1;1;1;3;3;1;2;2;3;3;1;1;0;0;1;0;4;1;0;0;0;0;0;0;0;0;0;0;1;0;0;2;995;995;995;995;995;995;995;995;999;999;0;0;0;0;0;0;999;999;999;999;999;999;999;999;999;999;999;999;999;999;999;999;999;999;999;1;6;;FONTAINE BELLANGER;FONTAINEBELLANGER;3;2;13;997;997;997;1;999;2;39;1;2;1;41;1;4;41;4;2;3;2;3;;;;;;
30;1;2;3;1;3;2;2;2;2;3;995;995;995;995;995;995;995;995;2;1;3;3;3;3;3;2;3;3;3;3;3;1;1;1;1;1;1;3;2;1;1;0;0;0;0;1;0;5;995;995;995;995;995;995;995;995;995;995;995;995;995;995;2;995;995;995;995;995;995;995;995;2;1;0;0;0;0;1;0;3;2;995;2;2;2;2;2;2;2;2;2;2;2;2;2;1;2;2;1;4;;LIEUREY;LIEUREY;3;2;13;1;997;997;1;1;2;39;1;2;1;40;1;2;40;2;1;3;2;3;;;;;;
31;1;1;3;1;3;2;1;2;1;1;1;0;1;0;0;1;1;0;999;2;2;2;2;1;1;3;2;3;3;2;2;2;2;2;2;2;2;1;2;2;2;0;0;0;0;1;0;2;1;0;0;0;1;0;0;0;0;0;0;0;0;0;2;2;1;0;0;0;0;1;0;3;2;0;0;0;0;1;0;2;2;995;3;2;1;2;1;1;3;2;2;2;2;2;2;1;2;3;1;1;;VERNON;VERNON;2;2;11;997;997;997;1;999;1;36;1;3;2;35;1;5;36;3;1;2;2;2;;;;;;
32;1;2;3;3;1;1;2;2;2;1;1;0;0;1;0;0;1;0;999;5;3;3;5;3;3;4;3;3;4;3;3;3;2;2;3;2;2;3;3;2;3;1;0;1;0;1;0;5;995;995;995;995;995;995;995;995;995;995;995;995;995;995;2;995;995;995;995;995;995;995;995;3;2;0;0;0;1;0;0;2;2;995;4;2;2;2;1;1;3;2;2;2;2;2;3;1;2;3;2;995;;BOURGTHEROULDE INFREVILLE;BOURGTHEROULDEINFREVILLE;3;2;6;997;997;997;1;2;1;36;1;3;2;35;2;8;36;3;1;2;2;2;;;;;;
33;1;1;1;2;3;1;1;1;1;1;0;0;0;1;1;0;0;0;999;5;2;2;5;2;1;4;1;3;4;3;1;3;2;1;3;1;2;2;2;1;2;0;0;0;0;1;0;5;995;995;995;995;995;995;995;995;995;995;995;995;995;995;2;995;995;995;995;995;995;995;995;2;1;0;0;0;1;0;0;3;2;995;2;3;3;3;3;3;3;3;3;3;3;3;3;1;2;3;1;4;;BOURG ACHARD;BOURGACHARD;3;3;6;997;997;997;1;2;1;40;1;3;2;40;1;4;40;3;1;3;3;2;;;;;;
34;1;1;2;2;1;2;1;2;1;3;995;995;995;995;995;995;995;995;2;2;2;5;2;1;1;1;1;4;2;3;2;2;2;3;2;2;2;2;2;1;2;0;1;1;0;0;0;5;995;995;995;995;995;995;995;995;995;995;995;995;995;995;2;995;995;995;995;995;995;995;995;3;2;0;0;0;1;0;0;2;2;995;3;2;3;2;2;2;3;2;1;1;1;2;3;1;2;4;1;4;;BOURG ACHARD;BOURGACHARD;3;2;23;6;5;997;1;2;2;45;1;3;1;48;1;4;48;4;2;3;2;4;;;;;;
35;1;3;2;3;3;1;1;1;4;3;995;995;995;995;995;995;995;995;2;5;4;4;5;4;5;3;3;3;4;3;4;3;2;2;3;2;3;2;2;2;2;0;0;0;0;0;1;2;1;0;0;0;0;0;0;0;0;0;0;1;0;0;2;995;995;995;995;995;995;995;995;999;2;0;0;0;0;1;0;3;2;995;2;2;2;2;2;2;2;999;999;999;999;999;999;1;2;2;4;995;;EVREUX;EVREUX;2;1;5;997;997;997;1;999;1;44;1;3;2;41;1;5;44;3;1;3;1;1;;;;;;
36;1;1;3;4;3;3;1;1;1;1;1;0;0;1;1;0;0;1;2;2;4;999;1;4;3;3;3;4;2;3;2;2;1;3;1;3;1;3;2;3;3;0;0;1;0;0;0;5;995;995;995;995;995;995;995;995;995;995;995;995;995;995;1;2;1;0;0;0;0;0;0;3;2;0;0;0;1;0;0;3;1;2;2;2;2;2;1;2;3;2;2;2;2;2;3;1;2;3;1;4;;ST SYLVESTRE DE CORMEILLE;STSYLVESTREDECORMEILLE;3;5;23;6;5;997;1;2;1;57;1;1;2;57;1;1;57;1;1;4;4;4;;;;;;
37;1;2;3;2;3;2;2;1;1;1;0;0;1;0;0;1;0;0;2;2;2;3;2;3;3;3;2;3;2;3;3;2;2;2;2;2;2;2;2;5;3;0;0;0;0;1;0;3;995;995;995;995;995;995;995;995;995;995;995;995;995;995;2;995;995;995;995;995;995;995;995;2;1;0;0;0;0;0;1;2;1;1;2;2;2;2;2;2;2;2;2;2;2;2;3;1;2;3;2;995;;ST SEBASTIEN DE MORSENT;STSEBASTIENDEMORSENT;2;2;19;5;2;997;1;999;2;46;1;3;1;51;1;3;51;3;1;4;2;4;;;;;;
38;1;2;2;1;1;1;2;2;2;1;0;0;1;0;0;0;0;1;2;1;3;1;5;999;4;3;3;3;1;999;999;1;1;1;1;3;3;2;2;1;3;0;0;0;0;1;0;5;995;995;995;995;995;995;995;995;995;995;995;995;995;995;2;995;995;995;995;995;995;995;995;999;1;0;0;0;1;0;0;3;2;995;3;2;2;2;2;2;2;999;999;999;999;999;999;1;1;3;2;995;;VERNON;VERNON;2;2;24;6;5;997;1;999;2;50;1;3;1;50;1;3;50;3;1;4;2;4;;;;;;
39;1;2;3;2;1;1;2;2;2;1;0;0;1;1;0;0;1;0;2;5;3;2;5;3;3;4;3;3;4;3;3;3;2;2;3;2;2;1;2;5;1;0;0;1;0;1;0;5;995;995;995;995;995;995;995;995;995;995;995;995;995;995;2;995;995;995;995;995;995;995;995;2;1;0;1;0;0;0;0;3;999;999;4;1;1;1;1;3;3;2;2;2;2;3;3;1;2;4;1;1;;VERNON;VERNON;2;2;13;997;997;997;1;2;2;43;1;3;1;47;1;3;47;3;1;3;2;3;;;;;;
40;1;2;2;2;3;3;2;2;2;1;0;1;1;0;0;0;0;0;999;2;2;2;2;2;1;3;1;3;3;1;3;2;2;2;2;2;2;2;2;5;2;0;0;0;0;1;0;4;995;995;995;995;995;995;995;995;995;995;995;995;995;995;999;2;0;0;0;0;0;1;0;999;2;0;0;0;1;0;0;2;1;1;2;2;2;2;2;2;3;2;2;2;2;2;3;1;2;3;1;3;;HEUBECOURT;HEUBECOURT;3;4;23;6;6;5;1;2;2;45;1;1;1;49;1;1;49;1;1;3;4;4;;;;;;
41;1;1;1;1;1;1;1;1;1;1;1;0;1;1;0;0;1;0;2;5;2;2;5;1;1;4;1;2;4;1;2;3;1;1;3;1;1;4;3;5;3;1;1;1;0;0;0;4;995;995;995;995;995;995;995;995;995;995;995;995;995;995;2;995;995;995;995;995;995;995;995;4;2;0;1;0;0;0;0;1;2;995;2;2;2;2;2;2;2;999;999;999;999;999;999;1;2;3;1;2;;SAINT MARCEL;SAINTMARCEL;2;2;15;1;997;997;1;999;2;38;1;2;1;38;1;3;38;3;1;2;2;3;;;;;;
42;1;1;1;2;1;1;2;2;1;1;1;0;0;0;0;0;1;0;2;2;2;2;1;2;2;3;3;3;3;3;3;2;2;2;2;2;2;3;2;2;3;0;0;0;0;1;0;4;995;995;995;995;995;995;995;995;995;995;995;995;995;995;999;2;1;0;0;0;0;1;0;999;2;0;0;0;0;1;0;3;2;995;2;3;2;2;1;2;3;2;2;2;2;2;2;1;2;1;1;4;;PONT DE L ARCHE;PONTDELARCHE;2;3;20;6;6;5;1;1;1;60;1;2;2;53;1;5;60;2;1;4;3;4;;;;;;
43;1;3;2;3;3;3;2;2;3;3;995;995;995;995;995;995;995;995;2;3;2;2;5;2;2;3;3;3;4;3;3;2;2;2;3;2;2;2;2;1;2;1;0;0;0;0;0;3;995;995;995;995;995;995;995;995;995;995;995;995;995;995;2;995;995;995;995;995;995;995;995;2;2;0;0;0;1;0;0;3;2;995;3;2;2;2;2;2;2;2;2;2;2;2;2;1;2;3;1;4;;GASNY;GASNY;3;3;16;2;2;1;1;999;1;48;1;3;2;42;1;4;48;3;1;3;3;3;;;;;;
44;1;2;2;1;1;1;1;1;1;1;1;0;0;0;1;0;1;0;1;1;2;1;1;2;2;1;1;3;3;3;3;1;1;1;1;1;1;4;3;5;3;0;0;0;0;1;0;3;995;995;995;995;995;995;995;995;995;995;995;995;995;995;2;995;995;995;995;995;995;995;995;3;1;0;0;0;1;0;0;3;2;995;4;2;2;2;2;2;2;2;2;2;2;2;2;1;2;3;2;995;;PREY;PREY;3;2;20;5;997;997;1;2;2;44;1;3;1;48;1;6;48;6;3;3;2;4;;;;;;
45;1;2;3;1;3;1;2;2;3;1;0;0;1;1;0;0;0;1;2;2;2;1;5;2;2;2;2;2;4;2;2;1;2;1;3;1;2;3;2;1;3;0;0;1;0;1;0;4;995;995;995;995;995;995;995;995;995;995;995;995;995;995;2;995;995;995;995;995;995;995;995;2;2;0;0;0;1;0;0;3;2;995;4;2;2;2;2;999;999;999;999;999;999;3;3;1;2;3;1;4;;GUICHAINVILLE;GUICHAINVILLE;3;2;15;2;997;997;1;999;1;43;1;3;1;41;1;5;43;3;1;3;2;3;;;;;;
46;1;2;2;2;1;1;2;2;1;1;0;1;1;1;1;0;0;0;2;3;3;3;5;2;5;1;1;3;3;3;4;1;2;2;2;2;3;2;3;2;3;0;0;1;0;1;0;2;1;0;0;0;0;1;0;0;0;0;0;0;0;0;2;995;995;995;995;995;995;995;995;999;2;0;0;0;0;0;1;2;2;995;4;2;2;2;1;1;1;2;2;2;2;2;2;1;2;4;2;995;;GIVERVILLE;GIVERVILLE;3;2;12;1;997;997;1;999;2;53;1;3;1;63;2;7;63;7;4;4;2;3;;;;;;
47;1;2;3;1;3;1;2;1;1;1;1;0;0;1;0;0;0;0;999;2;3;1;2;3;3;2;3;2;2;3;3;1;1;1;1;1;1;2;3;3;3;0;0;1;0;1;0;2;1;0;0;0;0;0;0;0;1;0;0;0;0;0;2;995;995;995;995;995;995;995;995;2;2;0;1;0;0;0;0;3;2;995;3;2;2;2;2;2;3;2;2;2;2;3;3;1;2;4;1;4;;HONDOUVILLE;HONDOUVILLE;3;2;19;5;4;997;1;1;2;28;1;2;1;44;1;4;44;4;2;3;2;4;;;;;;
48;1;2;3;2;1;1;2;1;2;1;0;0;0;1;0;0;0;0;1;1;3;3;1;2;2;2;3;3;2;3;2;2;1;1;2;1;2;3;2;1;3;0;0;1;0;0;0;2;1;0;0;0;0;0;0;0;0;0;0;1;0;0;2;995;995;995;995;995;995;995;995;4;1;0;0;0;1;0;0;2;2;995;4;2;1;1;2;2;3;2;2;2;2;2;3;1;2;3;2;995;;999;999;999;2;20;6;5;997;1;1;2;53;1;2;1;58;1;2;58;2;1;4;2;4;;;;;;
49;1;3;2;1;2;2;2;2;2;2;0;0;0;0;0;0;0;0;1;5;3;3;5;3;3;4;3;3;4;3;3;3;2;2;3;2;2;2;2;1;1;0;0;1;0;0;0;5;995;995;995;995;995;995;995;995;995;995;995;995;995;995;2;995;995;995;995;995;995;995;995;2;2;0;0;0;0;0;1;3;2;995;2;2;2;2;2;2;999;999;999;999;999;999;3;1;2;3;1;4;;SAINT MARCEL;SAINTMARCEL;2;2;12;997;997;997;1;999;1;46;1;3;1;48;1;4;46;3;1;3;2;3;;;;;;
50;1;2;2;2;1;1;2;2;1;1;1;0;0;1;0;1;0;0;2;2;2;2;2;2;2;1;1;1;1;2;1;2;1;1;1;1;1;3;3;3;2;0;0;1;0;1;0;5;995;995;995;995;995;995;995;995;995;995;995;995;995;995;2;995;995;995;995;995;995;995;995;999;2;0;0;0;0;1;0;2;2;995;1;2;2;2;1;1;999;2;2;2;2;2;3;1;2;3;1;2;;RUGLES;RUGLES;3;2;15;2;997;997;1;999;2;41;1;3;1;65;1;7;65;7;4;5;2;3;;;;;;
51;1;2;4;3;3;1;1;2;2;3;995;995;995;995;995;995;995;995;2;5;2;2;5;2;5;4;3;3;4;2;4;3;2;2;3;2;3;2;2;2;3;0;0;0;0;1;0;5;995;995;995;995;995;995;995;995;995;995;995;995;995;995;2;995;995;995;995;995;995;995;995;4;1;0;0;0;1;0;0;2;2;995;4;2;2;2;2;3;3;2;2;2;2;3;3;1;2;3;1;1;;VERNON;VERNON;2;3;7;997;997;997;1;999;2;38;1;3;1;36;1;3;36;3;1;2;3;2;;;;;;
52;1;3;4;2;3;3;2;1;3;3;995;995;995;995;995;995;995;995;2;2;3;3;3;3;3;3;3;3;3;3;3;2;2;2;2;2;2;1;1;1;1;0;0;0;0;0;1;5;995;995;995;995;995;995;995;995;995;995;995;995;995;995;1;2;1;0;0;0;0;0;0;2;1;0;0;0;0;1;0;3;2;995;4;2;2;2;2;2;2;2;2;2;2;2;2;1;2;3;2;995;;VERNON;VERNON;2;3;22;6;6;6;1;2;1;54;1;3;2;53;1;5;54;3;1;4;3;4;;;;;;
53;1;2;1;1;3;3;2;2;2;3;995;995;995;995;995;995;995;995;2;5;2;5;5;5;5;4;3;4;4;4;4;3;2;3;3;3;3;3;3;5;3;0;0;0;0;1;0;5;995;995;995;995;995;995;995;995;995;995;995;995;995;995;2;995;995;995;995;995;995;995;995;999;2;0;0;0;1;0;0;3;2;995;4;2;2;2;2;1;3;2;2;2;2;2;3;1;2;3;4;995;;VERNON;VERNON;2;1;1;997;997;997;1;999;2;33;1;3;1;34;1;3;34;3;1;2;1;1;;;;;;
54;1;2;3;2;1;1;1;2;3;3;995;995;995;995;995;995;995;995;2;2;3;1;5;3;4;3;3;3;4;3;3;1;2;1;3;2;2;1;2;2;3;0;0;1;0;0;0;4;995;995;995;995;995;995;995;995;995;995;995;995;995;995;2;995;995;995;995;995;995;995;995;3;1;0;0;0;0;1;0;3;2;995;1;2;2;2;2;2;3;2;2;2;2;2;3;1;2;3;1;1;;EVREUX;EVREUX;2;3;16;2;997;997;1;999;1;49;1;3;2;49;1;3;49;3;1;3;3;3;;;;;;
55;1;2;2;1;1;1;1;1;2;1;1;0;1;0;1;0;0;0;2;3;1;2;2;3;2;3;3;3;3;3;3;1;1;1;1;2;2;2;2;2;2;0;0;0;0;1;0;4;995;995;995;995;995;995;995;995;995;995;995;995;995;995;2;995;995;995;995;995;995;995;995;3;1;0;0;0;1;0;0;2;2;995;1;2;2;2;999;1;3;999;999;999;999;999;999;1;2;3;2;995;;BERNAY;BERNAY;2;1;12;997;997;997;1;999;2;40;1;2;1;38;1;2;38;2;1;2;1;3;;;;;;
56;1;1;2;2;1;1;1;1;1;1;1;0;1;1;0;1;0;0;1;5;3;2;1;1;1;4;1;1;1;1;1;3;1;1;1;1;1;1;3;1;2;0;1;0;0;1;0;5;995;995;995;995;995;995;995;995;995;995;995;995;995;995;2;995;995;995;995;995;995;995;995;4;1;0;0;1;0;0;0;2;2;995;3;2;1;2;2;2;2;2;1;2;2;2;2;1;2;3;4;995;;BEAUMONTEL;BEAUMONTEL;3;2;23;6;5;997;1;999;2;46;1;3;1;49;1;5;49;5;3;3;2;4;;;;;;
57;1;2;3;2;1;1;2;2;1;1;1;0;1;1;0;0;0;1;2;5;2;4;5;3;3;4;1;1;4;3;3;3;1;2;3;2;2;3;3;2;3;1;0;0;0;1;0;4;995;995;995;995;995;995;995;995;995;995;995;995;995;995;2;995;995;995;995;995;995;995;995;2;2;0;0;0;1;0;0;2;2;995;3;2;2;2;2;2;3;2;2;2;2;2;3;1;2;3;2;995;;CAUGE;CAUGE;3;2;7;997;997;997;1;2;2;39;1;3;1;39;1;5;39;5;3;2;2;2;;;;;;
58;1;2;3;3;1;1;1;2;1;1;0;0;0;1;0;0;1;0;2;5;3;2;3;3;2;4;3;1;3;3;1;3;1;1;2;2;1;3;3;1;2;0;0;0;1;1;0;5;995;995;995;995;995;995;995;995;995;995;995;995;995;995;2;995;995;995;995;995;995;995;995;2;2;0;0;0;0;1;0;3;2;995;2;2;2;2;2;2;2;2;2;2;2;2;2;1;2;3;1;1;;HAUVILLE;HAUVILLE;3;2;6;997;997;997;1;2;2;27;1;2;1;28;1;2;28;2;1;1;2;2;;;;;;
59;1;1;2;2;1;1;1;1;2;1;0;0;1;1;1;0;0;0;1;5;3;2;5;2;2;4;1;1;4;3;1;3;1;1;3;2;1;3;2;5;2;0;0;0;0;1;0;3;995;995;995;995;995;995;995;995;995;995;995;995;995;995;2;995;995;995;995;995;995;995;995;2;2;0;0;0;1;0;0;2;2;995;4;2;2;1;1;1;3;2;2;2;2;2;3;1;2;3;1;3;;BOURTH;BOURTH;3;2;8;997;997;997;1;999;2;37;1;3;1;37;1;6;37;6;3;2;2;2;;;;;;
60;1;2;3;1;1;1;2;1;1;2;0;0;0;0;0;0;0;0;2;2;2;1;1;2;2;2;1;2;2;1;2;1;1;1;1;1;1;3;2;3;3;1;1;1;0;0;0;2;1;0;1;0;0;0;0;0;0;0;0;0;0;0;1;2;0;0;0;0;0;1;1;4;1;0;0;0;1;0;0;2;2;995;3;2;2;2;2;2;2;2;2;2;2;2;2;1;2;4;1;1;;GISORS;GISORS;2;2;21;6;5;997;1;999;1;54;1;3;2;50;1;5;54;3;1;4;2;4;;;;;;
61;1;1;2;1;1;1;2;2;1;1;1;1;1;1;0;0;0;0;2;5;5;5;5;5;5;4;4;4;4;4;4;3;3;3;3;3;3;4;4;5;3;1;0;0;1;0;0;5;995;995;995;995;995;995;995;995;995;995;995;995;995;995;999;2;0;0;0;0;0;0;1;4;2;0;0;0;0;1;0;3;2;995;4;2;1;1;1;1;1;3;3;3;3;3;3;1;2;4;2;995;;BARC;BARC;3;2;21;6;6;997;1;999;2;50;1;2;1;53;1;2;53;2;1;4;2;4;;;;;;
62;1;2;2;1;1;1;1;1;1;1;1;1;1;1;0;0;1;0;1;5;3;2;5;2;5;4;1;3;4;1;4;3;1;2;3;1;3;4;3;1;2;0;0;1;0;1;0;4;995;995;995;995;995;995;995;995;995;995;995;995;995;995;2;995;995;995;995;995;995;995;995;3;1;0;0;0;1;0;0;2;2;995;4;2;2;2;2;2;1;2;2;2;2;2;3;1;2;2;1;4;;IVRY LA BATAILLE;IVRYLABATAILLE;3;1;7;997;997;997;1;999;2;50;1;3;1;55;1;5;55;5;3;4;1;2;;;;;;
63;1;2;2;2;1;1;1;2;2;1;1;0;1;0;1;1;0;0;1;5;5;5;1;5;1;4;4;4;2;4;1;3;3;3;2;3;2;3;3;5;999;1;0;0;0;1;0;5;995;995;995;995;995;995;995;995;995;995;995;995;995;995;1;2;1;0;0;0;0;0;0;2;1;0;0;0;0;0;1;2;2;995;3;2;2;2;2;2;3;2;2;2;2;2;3;1;2;999;4;995;;EVREUX;EVREUX;2;4;24;6;5;5;1;999;1;56;1;3;2;50;1;4;56;3;1;4;4;4;;;;;;
64;1;2;3;2;1;1;2;1;2;3;995;995;995;995;995;995;995;995;2;2;2;3;1;2;3;2;3;3;2;3;3;2;1;2;1;2;1;2;3;1;3;1;0;0;0;1;0;4;995;995;995;995;995;995;995;995;995;995;995;995;995;995;2;995;995;995;995;995;995;995;995;1;1;1;0;0;0;0;0;3;2;995;1;2;2;2;2;2;999;2;2;2;2;2;999;1;2;4;1;3;;EVREUX;EVREUX;2;2;18;5;2;997;1;999;2;55;1;3;1;60;1;2;60;2;1;4;2;4;;;;;;
65;1;2;3;2;1;1;1;1;2;1;0;1;0;0;0;0;1;0;1;1;3;3;3;3;2;3;3;3;3;3;3;1;1;1;1;1;1;2;2;1;3;0;0;1;0;0;0;3;995;995;995;995;995;995;995;995;995;995;995;995;995;995;2;995;995;995;995;995;995;995;995;3;2;0;0;0;0;1;0;3;2;995;3;2;2;2;2;2;3;2;2;2;2;2;3;1;2;4;1;4;;ST OUEN DE THOUBERVILLE;STOUENDETHOUBERVILLE;3;2;23;6;5;997;1;2;2;50;1;3;1;50;1;4;50;4;2;4;2;4;;;;;;
66;1;1;3;2;1;1;1;1;1;1;0;0;0;1;1;0;0;0;1;3;1;2;2;1;1;3;2;3;3;3;3;2;2;2;2;2;2;3;3;5;3;0;0;1;1;0;0;5;995;995;995;995;995;995;995;995;995;995;995;995;995;995;2;995;995;995;995;995;995;995;995;4;2;0;0;0;1;0;0;3;2;995;2;2;2;2;2;2;2;2;2;2;2;2;2;1;2;3;4;995;;MANNEVILLE LA RAOULT;MANNEVILLELARAOULT;3;2;20;2;1;997;1;999;2;43;1;3;1;45;1;1;45;1;1;3;2;4;;;;;;
67;1;3;3;3;1;1;1;1;2;1;1;0;0;1;1;1;0;0;1;999;3;2;2;3;5;4;1;3;4;1;4;3;1;1;3;1;3;3;3;5;3;1;0;1;0;0;0;4;995;995;995;995;995;995;995;995;995;995;995;995;995;995;2;995;995;995;995;995;995;995;995;3;2;0;1;0;0;0;0;2;2;995;4;1;2;2;2;1;3;2;2;2;2;2;3;1;1;3;1;1;;ROUTOT;ROUTOT;3;2;8;997;997;997;1;2;2;35;1;2;1;39;1;6;39;6;3;2;2;2;;;;;;
68;1;2;1;3;1;1;2;2;2;1;1;0;1;1;0;1;1;0;2;3;2;2;2;2;2;3;2;1;2;1;2;1;2;2;1;1;2;3;3;2;3;1;1;0;0;0;0;3;995;995;995;995;995;995;995;995;995;995;995;995;995;995;2;995;995;995;995;995;995;995;995;3;2;0;0;1;0;0;0;2;2;995;4;2;2;2;2;2;3;2;2;2;2;3;3;1;2;3;1;6;;TOURNEDOS BOIS HUBERT;TOURNEDOSBOISHUBERT;3;4;22;4;997;997;1;999;2;44;1;3;1;50;1;3;50;3;1;4;4;4;;;;;;
69;1;1;1;1;3;1;2;2;2;3;995;995;995;995;995;995;995;995;1;5;5;4;5;4;4;4;4;4;4;3;3;3;1;2;3;2;3;1;2;5;3;0;0;0;0;1;0;5;995;995;995;995;995;995;995;995;995;995;995;995;995;995;2;995;995;995;995;995;995;995;995;3;1;0;0;0;0;1;0;2;2;995;3;2;2;2;2;2;3;2;2;2;2;2;3;1;2;3;1;4;;CAUGE;CAUGE;3;3;8;997;997;997;1;999;1;36;1;3;2;37;1;3;36;3;1;2;3;2;;;;;;
70;1;1;3;3;2;1;2;1;1;1;1;1;0;1;1;1;0;0;2;4;2;2;5;2;5;3;1;3;4;1;4;2;1;2;3;2;3;3;2;1;3;0;1;1;1;0;0;5;995;995;995;995;995;995;995;995;995;995;995;995;995;995;1;2;1;0;0;0;0;0;0;3;1;0;0;0;1;0;0;2;2;995;2;2;2;2;2;2;3;2;2;2;2;2;3;1;2;3;999;999;;conches en ouche;CONCHESENOUCHE;3;3;8;997;997;997;1;999;1;32;1;3;2;34;1;5;32;3;1;2;3;2;;;;;;
71;1;2;2;2;3;1;2;2;2;2;0;0;0;0;0;0;0;0;1;5;3;5;2;3;2;1;3;4;2;3;2;1;3;3;2;1;2;2;2;2;2;0;0;0;0;1;0;4;995;995;995;995;995;995;995;995;995;995;995;995;995;995;1;2;1;0;0;0;0;0;0;2;2;0;0;0;1;0;0;3;2;995;2;2;2;2;2;2;3;2;2;2;2;2;3;1;2;3;4;995;;LOUVIERS;LOUVIERS;2;2;23;5;5;997;1;999;2;47;1;3;1;36;1;4;36;4;2;2;2;4;;;;;;
72;1;2;2;2;3;3;2;2;2;1;1;0;0;1;0;0;0;0;1;2;2;2;2;3;3;3;3;3;3;3;3;999;999;999;999;999;999;3;3;2;3;0;0;0;0;1;0;5;995;995;995;995;995;995;995;995;995;995;995;995;995;995;2;995;995;995;995;995;995;995;995;2;1;0;1;0;0;0;0;3;2;995;1;2;2;2;2;2;2;2;2;2;2;2;3;1;2;3;1;4;;LA HARENGERE;LAHARENGERE;3;1;18;3;997;997;1;999;1;44;1;3;2;43;1;5;44;3;1;3;1;4;;;;;;
73;1;2;2;2;999;999;2;2;3;1;0;0;1;1;0;0;0;0;1;1;3;1;5;2;3;2;1;2;4;2;3;1;1;1;3;1;1;4;4;5;3;1;0;0;0;1;0;3;995;995;995;995;995;995;995;995;995;995;995;995;995;995;1;2;1;0;0;0;0;0;0;1;1;0;1;0;0;0;0;1;2;995;2;2;2;2;2;2;2;2;2;2;2;2;2;1;2;3;2;995;;LE THUIT SIGNOL;LETHUITSIGNOL;3;3;17;2;1;1;1;999;2;45;1;3;1;49;1;5;49;5;3;3;3;3;;;;;;
74;1;2;2;2;1;1;2;1;2;1;1;1;0;0;0;0;0;0;1;3;2;3;5;3;3;3;3;3;4;3;3;1;1;1;3;1;1;2;2;2;2;0;0;0;0;0;1;4;995;995;995;995;995;995;995;995;995;995;995;995;995;995;2;995;995;995;995;995;995;995;995;1;2;0;0;0;0;1;0;3;2;995;2;2;2;2;2;2;3;2;2;2;2;3;3;1;2;2;2;995;;ANDE;ANDE;2;2;13;997;997;997;1;999;2;45;1;2;1;48;1;2;48;2;1;3;2;3;;;;;;
75;1;2;2;2;3;3;2;2;2;1;0;0;1;0;0;0;0;0;2;5;3;4;5;2;5;4;3;3;4;3;4;3;2;2;3;2;3;2;2;999;2;0;0;0;0;0;1;5;995;995;995;995;995;995;995;995;995;995;995;995;995;995;2;995;995;995;995;995;995;995;995;999;2;0;0;0;0;1;0;2;2;995;2;2;2;2;2;3;3;2;2;2;3;3;3;1;2;999;4;995;;VERNON;VERNON;2;2;4;997;997;997;1;999;2;32;1;3;1;32;1;3;32;3;1;2;2;1;;;;;;
76;1;2;3;2;1;1;1;2;2;1;0;0;0;1;0;0;1;0;1;5;3;3;3;3;3;4;3;3;3;3;3;3;1;1;1;1;1;1;3;2;2;1;0;0;1;1;0;4;1;0;0;0;0;0;0;0;0;0;0;1;0;0;2;995;995;995;995;995;995;995;995;4;2;0;0;0;1;0;0;3;2;995;2;2;2;2;2;2;999;2;2;2;2;2;3;1;2;3;4;995;;GARENNES SUR EURE;GARENNESSUREURE;3;2;10;997;997;997;1;999;2;34;1;2;1;37;1;6;37;6;3;2;2;2;;;;;;
77;1;2;2;1;1;1;1;1;2;1;1;1;1;1;0;0;0;0;1;2;2;1;1;2;3;1;1;1;1;1;1;1;1;1;1;1;1;2;2;2;2;0;0;0;0;1;0;5;995;995;995;995;995;995;995;995;995;995;995;995;995;995;2;995;995;995;995;995;995;995;995;3;2;0;0;0;1;0;0;2;2;995;2;2;2;2;2;2;2;2;2;2;2;2;2;1;2;2;2;995;;EVREUX;EVREUX;2;4;23;6;6;6;1;1;1;49;1;3;2;47;1;5;49;3;1;3;4;4;;;;;;
78;1;2;4;3;1;1;1;1;2;1;1;0;1;0;0;0;1;0;999;5;5;5;5;5;5;4;4;4;4;4;4;3;3;3;3;3;3;3;3;2;3;0;0;0;0;1;0;5;995;995;995;995;995;995;995;995;995;995;995;995;995;995;2;995;995;995;995;995;995;995;995;1;2;0;0;0;0;1;0;2;2;995;3;2;2;2;2;2;3;2;2;2;2;2;3;1;2;4;1;1;;LA SAUSSAYE;LASAUSSAYE;3;4;20;6;6;6;1;1;2;54;1;3;1;48;1;6;48;6;3;3;4;4;;;;;;
79;1;2;2;1;3;3;1;1;2;3;995;995;995;995;995;995;995;995;1;2;3;5;2;5;3;3;3;3;3;3;3;1;1;1;1;1;1;3;2;2;3;1;0;0;0;0;0;5;995;995;995;995;995;995;995;995;995;995;995;995;995;995;2;995;995;995;995;995;995;995;995;3;1;0;0;0;0;1;0;3;2;995;1;2;2;2;1;1;999;2;2;2;2;2;3;1;2;4;1;4;;BOSC ROGER EN ROUMOIS;BOSCROGERENROUMOIS;2;2;23;6;5;997;1;999;1;54;1;3;2;51;1;5;54;3;1;4;2;4;;;;;;
80;1;1;3;1;1;1;1;1;1;1;1;0;1;1;1;1;0;0;1;2;3;2;1;2;1;2;1;1;2;3;2;1;1;1;1;1;1;3;2;5;3;0;0;0;1;1;0;5;995;995;995;995;995;995;995;995;995;995;995;995;995;995;2;995;995;995;995;995;995;995;995;3;2;0;0;0;1;0;0;1;1;5;999;2;2;2;2;2;3;2;2;2;2;2;3;1;2;4;2;995;;FOURMETOT;FOURMETOT;3;2;22;5;3;997;1;999;1;48;1;3;1;54;1;4;48;3;1;3;2;4;;;;;;
81;1;2;4;3;3;3;2;2;2;3;995;995;995;995;995;995;995;995;2;4;2;4;3;2;3;3;3;3;3;3;3;2;2;2;2;2;2;1;1;1;2;0;0;0;0;0;1;5;995;995;995;995;995;995;995;995;995;995;995;995;995;995;2;995;995;995;995;995;995;995;995;4;2;0;0;0;0;1;0;3;2;995;3;2;2;2;2;2;2;999;999;999;999;999;999;1;2;2;2;995;;VERNON;VERNON;2;2;21;5;1;997;1;999;1;49;1;3;2;46;1;5;49;3;1;3;2;4;;;;;;
82;1;2;2;2;3;3;2;1;2;1;0;0;1;1;0;0;0;0;999;999;3;2;999;2;1;999;3;3;999;3;3;999;1;1;999;1;1;2;2;2;2;0;0;0;0;1;0;4;995;995;995;995;995;995;995;995;995;995;995;995;995;995;2;995;995;995;995;995;995;995;995;2;2;0;0;0;1;0;0;2;2;995;3;2;2;2;1;1;3;2;2;2;2;2;3;1;1;3;1;3;;CLAVILLE;CLAVILLE;3;2;16;2;997;997;1;2;1;44;1;2;2;41;1;2;44;2;1;3;2;3;;;;;;
83;1;2;2;4;1;1;1;2;2;2;0;0;0;0;0;0;0;0;1;5;4;3;5;4;2;4;3;3;4;3;2;3;1;1;3;1;2;2;2;5;3;0;1;1;0;1;0;2;1;0;0;0;0;0;0;0;1;0;0;0;0;0;1;2;1;0;0;0;0;0;0;2;2;0;0;0;0;1;0;3;2;995;2;2;2;2;2;2;3;2;2;2;2;3;3;1;2;3;1;3;;GRAVERON SEMERVILLE;GRAVERONSEMERVILLE;3;3;23;5;6;2;1;2;2;47;1;3;1;49;1;3;49;3;1;3;3;4;;;;;;
84;1;2;3;2;3;3;1;1;2;1;0;0;1;0;1;1;1;0;1;5;5;5;5;5;5;4;4;4;4;4;4;3;3;3;3;3;3;2;2;5;2;0;0;1;0;0;0;5;995;995;995;995;995;995;995;995;995;995;995;995;995;995;2;995;995;995;995;995;995;995;995;999;2;0;0;0;0;1;0;1;2;995;4;2;2;2;2;2;3;2;2;2;2;3;3;1;2;3;4;995;;MENILLES;MENILLES;2;2;22;6;6;997;1;1;2;57;1;1;1;66;2;7;66;7;4;5;2;4;;;;;;
85;1;2;2;2;1;1;2;2;2;1;0;1;0;0;1;0;1;0;2;5;5;5;5;5;5;4;4;4;4;4;4;3;3;3;3;3;3;3;4;3;3;0;0;0;0;1;0;4;995;995;995;995;995;995;995;995;995;995;995;995;995;995;2;995;995;995;995;995;995;995;995;1;2;0;0;0;0;1;0;2;2;995;4;2;2;2;1;1;2;2;2;2;2;2;3;1;2;4;2;995;;MUZY;MUZY;3;3;22;6;6;6;1;2;2;46;1;2;1;47;1;5;47;5;3;3;3;4;;;;;;
86;1;3;4;3;3;3;1;1;4;3;995;995;995;995;995;995;995;995;2;5;4;3;5;2;3;4;3;3;4;2;3;3;1;1;3;2;1;3;2;5;3;0;0;0;0;0;1;5;995;995;995;995;995;995;995;995;995;995;995;995;995;995;2;995;995;995;995;995;995;995;995;3;1;0;0;0;0;0;1;2;2;995;4;2;2;2;2;3;3;2;2;2;2;3;3;1;2;2;3;995;;VENABLES;VENABLES;3;2;7;997;997;997;1;2;1;40;1;3;2;40;2;8;40;3;1;3;2;2;;;;;;
87;1;2;999;999;1;1;2;2;2;1;1;1;1;1;0;0;1;0;2;5;2;2;2;2;3;1;1;3;3;1;3;2;2;1;1;2;1;2;2;1;3;0;0;0;0;1;0;5;995;995;995;995;995;995;995;995;995;995;995;995;995;995;2;995;995;995;995;995;995;995;995;2;2;0;0;0;1;0;0;2;2;995;4;2;2;2;2;2;2;2;2;2;2;2;2;1;2;3;1;2;;EVREUX;EVREUX;2;4;13;997;997;997;1;999;2;45;1;3;1;42;1;3;42;3;1;3;4;3;;;;;;
88;1;5;2;2;1;1;1;1;2;1;1;1;1;1;0;0;0;0;1;2;2;2;2;2;2;1;1;1;1;3;1;1;1;1;1;2;1;4;4;5;3;1;1;1;0;0;0;5;995;995;995;995;995;995;995;995;995;995;995;995;995;995;1;1;995;995;995;995;995;995;995;2;2;1;0;0;0;0;0;3;2;995;4;1;1;2;1;1;1;1;2;2;2;3;3;1;2;4;1;4;;BOULLEVILLE;BOULLEVILLE;3;6;22;6;4;4;1;1;2;41;1;6;1;41;2;8;41;8;4;3;4;4;;;;;;
89;1;2;2;1;1;1;2;1;2;1;1;0;0;1;1;1;0;0;2;5;5;2;5;4;5;4;4;3;4;3;4;3;2;2;3;2;3;2;2;2;3;0;0;1;0;1;0;4;995;995;995;995;995;995;995;995;995;995;995;995;995;995;1;2;1;1;0;0;0;0;0;2;2;0;0;0;0;0;1;3;2;995;4;2;2;2;2;3;3;999;999;999;999;999;999;1;2;4;2;995;;BRIONNE;BRIONNE;3;1;4;997;997;997;1;999;1;34;1;5;2;38;1;5;34;5;3;2;1;1;;;;;;
90;1;2;3;3;3;3;1;1;2;1;1;0;1;1;0;0;0;0;1;2;2;5;2;5;2;3;3;4;1;4;1;2;1;3;1;3;1;3;3;5;1;1;0;0;0;1;0;3;995;995;995;995;995;995;995;995;995;995;995;995;995;995;2;995;995;995;995;995;995;995;995;999;999;0;0;0;0;0;0;999;999;999;999;999;999;999;999;999;999;999;999;999;999;999;999;999;999;999;2;995;;BRIONNE;BRIONNE;3;2;23;5;5;997;1;999;2;46;1;6;1;48;1;6;48;6;3;3;2;4;;;;;;
91;1;1;2;2;1;1;1;1;2;3;995;995;995;995;995;995;995;995;2;5;3;2;5;5;2;4;3;3;4;4;3;3;2;2;3;3;2;2;2;5;3;0;0;0;0;1;0;3;995;995;995;995;995;995;995;995;995;995;995;995;995;995;1;1;995;995;995;995;995;995;995;4;2;0;0;0;0;1;0;3;2;995;2;2;2;2;2;2;2;999;999;999;999;999;999;1;2;2;1;4;;EVREUX;EVREUX;2;1;13;1;997;997;1;999;2;47;1;5;1;54;1;5;54;5;3;4;1;3;;;;;;
92;1;1;2;2;1;1;2;2;2;3;995;995;995;995;995;995;995;995;2;5;3;3;5;5;5;4;3;3;4;4;4;3;2;2;3;3;3;3;2;2;3;0;0;0;0;1;0;4;995;995;995;995;995;995;995;995;995;995;995;995;995;995;2;995;995;995;995;995;995;995;995;2;2;0;0;0;0;0;1;3;2;995;2;2;2;2;2;2;3;2;2;2;2;2;3;1;2;3;1;1;;PACY SUR EURE;PACYSUREURE;2;1;3;997;997;997;1;999;2;37;1;5;1;41;1;6;41;6;3;3;1;1;;;;;;
93;1;1;2;1;1;1;1;1;2;1;1;1;0;1;0;0;1;0;1;5;1;1;1;3;2;4;2;2;2;2;2;3;2;2;2;2;2;3;3;2;3;0;1;1;0;1;0;4;995;995;995;995;995;995;995;995;995;995;995;995;995;995;2;995;995;995;995;995;995;995;995;3;1;0;0;0;1;0;0;2;2;995;4;2;3;2;2;2;3;2;3;2;2;2;3;1;2;3;2;995;;LE VIEIL EVREUX;LEVIEILEVREUX;3;5;;6;6;6;1;999;2;54;1;4;1;56;1;4;56;4;2;4;4;1;;;;;;
94;1;2;2;2;1;1;1;1;1;1;0;1;0;1;0;0;1;0;1;1;2;2;2;3;3;1;1;1;1;1;3;1;1;1;1;1;2;3;3;5;2;0;1;1;0;1;0;2;1;0;1;0;0;0;0;0;0;0;0;0;0;0;2;995;995;995;995;995;995;995;995;3;2;0;0;0;1;0;0;2;2;995;4;2;1;2;1;1;1;2;2;2;2;2;2;1;2;3;1;4;;VILLEGATS;VILLEGATS;3;2;17;3;997;997;1;999;2;40;1;5;1;42;1;5;42;5;3;3;2;3;;;;;;
95;1;1;2;2;1;1;1;1;1;1;1;0;0;0;0;0;0;0;2;5;2;3;3;2;3;4;3;3;3;999;3;3;2;2;2;2;2;2;3;2;3;0;0;0;0;1;0;5;995;995;995;995;995;995;995;995;995;995;995;995;995;995;2;995;995;995;995;995;995;995;995;2;1;0;0;0;1;0;0;3;2;995;4;2;2;2;2;2;2;2;2;2;2;2;2;1;2;4;2;995;;LA SAUSSAYE;LASAUSSAYE;3;2;12;997;997;997;1;999;2;36;1;5;1;40;1;6;40;6;3;3;2;3;;;;;;
96;1;1;2;1;3;1;2;1;2;1;1;0;0;1;0;1;1;0;2;5;3;3;5;2;2;4;3;3;4;1;4;3;2;2;3;1;2;3;3;3;1;1;0;1;1;0;0;5;995;995;995;995;995;995;995;995;995;995;995;995;995;995;2;995;995;995;995;995;995;995;995;4;2;0;0;0;1;0;0;3;2;995;4;2;2;2;2;2;3;2;2;2;2;2;3;1;2;4;2;995;;VALAILLES;VALAILLES;3;1;10;997;997;997;1;2;2;39;1;5;1;39;1;2;39;2;1;2;1;2;;;;;;
97;1;2;2;2;1;1;1;1;1;1;0;0;1;1;1;0;0;0;1;5;2;2;5;2;5;3;1;3;4;3;4;2;1;2;3;2;3;3;3;1;2;0;0;0;0;1;0;4;995;995;995;995;995;995;995;995;995;995;995;995;995;995;2;995;995;995;995;995;995;995;995;2;1;0;0;0;0;1;0;1;2;995;4;2;1;1;1;1;2;2;2;2;2;2;3;1;2;3;999;999;;PINTERVILLE;PINTERVILLE;2;3;8;997;997;997;1;2;2;34;1;5;1;33;1;3;33;3;1;2;3;2;;;;;;
98;1;2;2;1;1;1;1;1;2;1;1;0;1;1;0;0;0;0;1;2;2;2;1;3;3;3;1;3;3;3;3;2;2;2;2;2;2;2;2;3;3;1;1;0;0;0;0;5;995;995;995;995;995;995;995;995;995;995;995;995;995;995;2;995;995;995;995;995;995;995;995;4;2;0;0;0;1;0;0;2;2;995;3;2;2;2;1;1;3;2;2;2;2;3;3;1;2;3;1;1;;BOULLEVILLE;BOULLEVILLE;3;2;4;997;997;997;1;999;2;34;1;5;1;33;1;6;33;6;3;2;2;1;;;;;;
99;1;2;3;2;3;3;1;1;2;3;995;995;995;995;995;995;995;995;2;3;4;999;3;4;4;3;3;999;3;3;3;2;1;999;1;1;1;2;2;3;3;0;0;1;0;1;0;3;995;995;995;995;995;995;995;995;995;995;995;995;995;995;999;2;1;1;0;0;0;0;0;4;2;0;0;0;0;1;0;2;1;3;2;2;2;2;1;2;1;2;2;2;2;2;2;1;2;3;1;4;;ST AUBIN SUR GAILLON;STAUBINSURGAILLON;3;1;21;5;997;997;1;999;2;53;1;5;1;55;1;4;55;4;2;4;1;4;;;;;;
100;1;1;1;1;1;1;2;1;1;1;1;0;1;0;0;0;0;0;2;3;3;3;3;3;3;3;3;3;3;3;3;2;2;2;2;2;2;3;3;3;1;0;1;0;0;1;0;5;995;995;995;995;995;995;995;995;995;995;995;995;995;995;1;1;995;995;995;995;995;995;995;2;2;1;0;0;0;0;0;3;2;995;2;2;2;2;2;2;2;2;2;2;2;2;2;1;2;4;3;995;;EVREUX;EVREUX;2;2;10;997;997;997;1;999;2;30;1;5;1;32;1;6;32;6;3;2;2;2;;;;;;
101;1;1;3;2;1;1;1;1;1;1;1;1;0;1;0;0;0;0;1;2;2;2;2;1;2;3;3;1;1;3;3;1;1;1;1;1;1;3;4;5;3;0;0;0;0;1;0;5;995;995;995;995;995;995;995;995;995;995;995;995;995;995;2;995;995;995;995;995;995;995;995;2;2;0;0;0;0;1;0;1;2;995;4;2;1;2;2;1;3;2;2;2;2;2;3;1;2;3;1;4;;ST CHRISTOPHE SUR AVRE;STCHRISTOPHESURAVRE;3;3;23;6;3;1;1;2;2;46;1;5;1;47;1;5;47;5;3;3;3;4;;;;;;
102;1;1;2;2;1;1;2;2;1;1;0;0;1;1;0;0;0;0;2;2;2;2;2;2;2;1;1;3;1;1;1;2;2;2;2;2;2;3;3;2;2;1;1;0;0;1;0;3;995;995;995;995;995;995;995;995;995;995;995;995;995;995;2;995;995;995;995;995;995;995;995;999;2;0;0;0;1;0;0;3;2;995;1;2;2;2;2;2;999;999;999;999;999;999;999;1;2;3;2;995;;VAL DE REUIL;VALDEREUIL;2;5;;6;6;6;1;999;2;59;2;7;1;56;1;4;56;4;2;4;4;1;;;;;;
103;1;2;2;2;1;1;1;1;2;1;1;0;1;0;1;0;0;0;999;5;2;5;5;2;5;4;3;4;4;1;4;3;2;3;3;1;3;3;3;2;3;1;1;0;0;0;0;3;995;995;995;995;995;995;995;995;995;995;995;995;995;995;2;995;995;995;995;995;995;995;995;3;2;0;0;0;1;0;0;3;2;995;4;2;2;2;1;1;2;2;2;2;2;2;3;1;2;3;4;995;;COURCELLES SUR SEINE;COURCELLESSURSEINE;2;1;18;3;997;997;1;999;2;48;1;5;1;50;1;6;50;6;3;4;1;4;;;;;;
104;1;2;999;999;999;999;999;999;999;999;0;0;0;0;0;0;0;0;999;999;999;999;999;999;999;3;1;3;3;3;1;1;1;1;1;1;1;3;3;2;3;0;0;0;0;1;0;5;995;995;995;995;995;995;995;995;995;995;995;995;995;995;999;2;1;0;0;0;0;0;0;4;2;0;0;0;1;0;0;2;2;995;4;2;2;1;2;1;3;2;2;1;2;2;3;1;2;4;2;995;;BEUZEVILLE;BEUZEVILLE;3;3;15;997;997;997;1;999;2;46;1;5;1;52;1;5;52;5;3;4;3;3;;;;;;
105;1;1;2;1;1;1;2;2;1;1;1;1;1;1;0;0;0;0;2;5;2;3;5;3;2;3;3;3;3;3;3;3;1;1;3;2;1;3;3;3;2;1;1;0;1;0;0;1;1;0;0;0;0;1;0;0;0;0;0;0;0;0;2;995;995;995;995;995;995;995;995;3;2;0;0;0;1;0;0;2;2;995;4;1;1;1;1;2;3;2;2;2;2;2;3;1;2;3;1;6;;conches en ouche;CONCHESENOUCHE;3;3;22;6;6;1;1;999;2;44;1;5;1;47;1;6;47;6;3;3;3;4;;;;;;
106;1;2;3;2;1;1;1;1;2;1;1;0;0;1;0;0;0;0;999;2;2;2;2;3;3;3;3;3;3;3;3;2;2;2;2;2;2;4;3;2;3;0;1;0;0;0;0;5;995;995;995;995;995;995;995;995;995;995;995;995;995;995;2;995;995;995;995;995;995;995;995;4;2;0;0;0;1;0;0;2;2;995;2;2;1;2;1;1;2;2;2;2;2;2;2;1;2;3;1;4;;EVREUX;EVREUX;2;6;;6;6;6;1;999;2;60;2;7;1;51;1;5;51;5;3;4;4;1;;;;;;
107;1;2;3;3;1;1;1;2;2;3;995;995;995;995;995;995;995;995;1;4;3;3;2;3;3;3;3;3;2;1;1;1;1;1;1;1;2;4;3;5;3;1;0;1;0;1;0;4;995;995;995;995;995;995;995;995;995;995;995;995;995;995;2;995;995;995;995;995;995;995;995;4;2;0;0;0;1;0;0;2;2;995;3;2;2;1;1;2;3;2;2;2;2;2;3;1;2;4;2;995;;LES DAMPS;LESDAMPS;2;3;20;6;6;997;1;1;1;51;1;5;2;45;1;5;51;5;3;4;3;4;;;;;;
108;1;2;2;3;1;1;1;1;2;1;1;1;0;1;1;0;1;0;2;2;2;2;2;5;2;999;1;1;1;1;1;2;1;1;1;1;1;1;3;3;3;0;1;0;0;1;0;5;995;995;995;995;995;995;995;995;995;995;995;995;995;995;2;995;995;995;995;995;995;995;995;4;2;0;0;0;1;0;0;1;2;995;3;2;2;2;2;2;3;2;2;2;2;2;3;1;2;3;4;995;;PITRES;PITRES;2;3;16;997;997;2;1;999;1;42;1;6;2;41;1;5;42;6;3;3;3;3;;;;;;
109;1;2;3;2;3;1;2;1;2;1;1;0;1;1;0;0;0;0;1;3;3;2;5;3;3;3;3;3;4;3;2;1;1;1;3;2;2;3;3;5;3;0;1;0;1;0;0;5;995;995;995;995;995;995;995;995;995;995;995;995;995;995;2;995;995;995;995;995;995;995;995;3;1;0;0;0;1;0;0;2;2;995;4;1;1;1;1;1;3;1;1;1;2;3;3;1;2;3;2;995;;ST GEORGES MOTEL;STGEORGESMOTEL;3;1;17;2;997;997;1;999;2;44;1;5;1;45;1;5;45;5;3;3;1;3;;;;;;
110;1;2;3;2;3;3;2;2;1;1;0;0;1;0;1;0;0;0;2;2;2;1;999;1;1;3;3;3;3;3;3;2;2;2;2;2;2;4;3;2;3;0;1;0;0;0;0;4;995;995;995;995;995;995;995;995;995;995;995;995;995;995;2;995;995;995;995;995;995;995;995;999;2;0;0;0;0;1;0;3;2;995;3;999;999;999;1;1;999;999;999;999;999;999;999;1;999;3;999;999;;999;999;999;1;17;2;997;997;1;999;2;52;1;6;1;69;2;7;69;7;4;5;1;3;;;;;;
111;1;5;2;2;1;1;2;2;1;1;0;0;0;1;0;0;0;0;999;5;3;1;1;1;5;4;1;1;3;1;4;3;1;1;2;2;3;4;3;5;3;1;0;0;1;1;0;3;995;995;995;995;995;995;995;995;995;995;995;995;995;995;2;995;995;995;995;995;995;995;995;4;2;1;0;0;0;0;0;2;2;995;4;1;1;1;1;2;3;1;2;2;2;3;3;1;1;4;1;6;;BOURNEVILLE;BOURNEVILLE;3;2;8;997;997;997;1;999;1;40;1;5;2;37;1;5;40;5;3;3;2;2;;;;;;
112;1;2;2;3;3;3;999;1;1;3;995;995;995;995;995;995;995;995;1;5;3;4;4;5;4;4;3;2;2;4;2;1;1;1;1;1;1;4;4;3;2;1;1;0;1;0;0;5;995;995;995;995;995;995;995;995;995;995;995;995;995;995;2;995;995;995;995;995;995;995;995;2;2;0;0;0;0;0;1;2;2;995;4;1;1;999;1;1;3;1;1;1;3;2;3;2;995;4;2;995;;VERNON;VERNON;2;1;4;997;997;997;1;2;2;25;1;5;1;42;1;5;42;5;3;3;1;1;;;;;;
113;1;1;2;1;1;1;1;1;1;1;1;0;0;0;1;0;0;0;1;2;1;2;5;1;2;4;1;1;4;1;1;3;1;1;3;1;1;3;3;5;3;0;0;0;0;1;0;4;995;995;995;995;995;995;995;995;995;995;995;995;995;995;2;995;995;995;995;995;995;995;995;3;1;0;1;0;0;0;0;1;2;995;4;2;2;2;2;1;3;2;2;2;2;1;3;1;2;3;1;3;;VOISCREVILLE;VOISCREVILLE;3;4;14;997;997;997;1;999;2;41;1;5;1;41;1;5;41;5;3;3;4;3;;;;;;
114;1;5;3;2;3;3;2;2;2;1;1;0;0;1;1;0;0;0;1;3;2;2;1;2;3;3;1;3;3;1;3;2;1;2;3;1;2;4;3;5;3;0;0;0;1;1;0;5;995;995;995;995;995;995;995;995;995;995;995;995;995;995;1;1;995;995;995;995;995;995;995;1;1;0;0;0;1;0;0;3;999;1;4;2;2;2;1;1;3;2;2;2;2;3;3;1;2;4;1;4;;MANDEVILLE;MANDEVILLE;3;3;15;6;6;1;1;2;2;53;1;5;1;55;1;6;55;6;3;4;3;3;;;;;;
115;1;2;2;3;3;3;999;2;2;1;1;0;1;0;1;0;0;0;2;3;3;3;3;3;3;3;3;3;3;3;3;2;2;2;2;2;2;2;2;3;3;0;0;0;0;1;0;5;995;995;995;995;995;995;995;995;995;995;995;995;995;995;2;995;995;995;995;995;995;995;995;3;2;0;0;0;1;0;0;3;2;995;4;2;1;2;2;2;3;2;2;2;2;2;3;1;2;3;4;995;;ROMAN;ROMAN;3;2;16;2;1;997;1;999;2;44;1;5;1;45;1;6;45;6;3;3;2;3;;;;;;
116;1;2;3;1;3;1;2;1;2;1;1;1;1;0;0;0;0;0;999;1;4;3;2;2;2;1;3;3;1;3;3;1;2;2;2;2;2;3;3;3;2;1;0;0;0;0;0;5;995;995;995;995;995;995;995;995;995;995;995;995;995;995;2;995;995;995;995;995;995;995;995;2;2;0;0;0;1;0;0;1;2;995;4;2;2;1;1;2;999;2;2;2;2;2;3;1;999;3;1;2;;PONT SAINT PIERRE;PONTSAINTPIERRE;2;3;22;5;1;997;1;1;2;44;1;5;1;41;1;5;41;5;3;3;3;4;;;;;;
117;1;2;2;1;1;1;1;1;2;1;1;1;0;1;0;0;0;0;1;1;3;3;3;2;2;999;1;1;1;1;1;999;1;1;1;1;1;3;3;5;3;1;1;1;0;0;0;4;995;995;995;995;995;995;995;995;995;995;995;995;995;995;2;995;995;995;995;995;995;995;995;999;2;0;1;0;0;0;0;2;2;995;3;2;2;2;2;2;3;2;2;2;2;2;3;1;2;3;4;995;;MARCILLY SUR EURE;MARCILLYSUREURE;3;2;14;997;997;997;1;999;2;40;1;6;1;41;1;5;41;5;3;3;2;3;;;;;;
118;1;2;3;2;1;1;1;1;2;1;0;1;0;1;0;1;0;0;1;2;4;2;2;2;1;1;1;2;2;4;2;1;1;1;2;1;1;3;3;5;3;0;1;0;0;1;0;4;995;995;995;995;995;995;995;995;995;995;995;995;995;995;2;995;995;995;995;995;995;995;995;3;2;0;0;0;1;0;0;2;2;995;1;1;1;2;1;1;3;2;2;2;2;2;3;1;2;3;1;4;;SAINT CLAIR D'ARCEY;SAINTCLAIRDARCEY;3;2;11;997;997;997;1;1;2;33;1;5;1;31;1;6;31;6;3;2;2;2;;;;;;
119;1;1;3;2;1;1;2;1;1;1;1;1;1;0;0;0;0;0;999;5;2;3;5;3;2;4;3;3;4;3;3;3;2;2;3;2;2;3;3;2;3;0;0;0;0;1;0;5;995;995;995;995;995;995;995;995;995;995;995;995;995;995;2;995;995;995;995;995;995;995;995;4;2;0;0;0;0;0;0;3;999;999;4;2;2;2;2;2;2;2;2;2;2;2;2;1;2;3;1;1;;L'HABIT;LHABIT;3;1;6;997;997;997;1;999;2;29;1;6;1;48;1;6;48;6;3;3;1;2;;;;;;
120;1;2;3;2;1;1;1;1;2;1;1;1;0;0;0;1;0;0;1;3;3;2;2;999;2;2;2;2;2;4;2;2;1;2;1;1;1;3;3;5;3;0;1;0;0;1;0;5;995;995;995;995;995;995;995;995;995;995;995;995;995;995;2;995;995;995;995;995;995;995;995;2;2;0;0;0;1;0;0;3;2;995;4;2;2;2;1;1;3;2;2;2;2;2;3;1;2;4;2;995;;ORMES;ORMES;3;2;19;6;5;997;1;1;2;51;1;5;1;45;2;8;45;8;4;3;2;4;;;;;;
121;1;2;3;2;1;3;2;2;1;1;1;1;1;1;0;0;0;0;2;2;2;5;5;5;5;1;1;4;4;4;4;2;2;3;3;3;3;3;3;2;3;1;0;1;0;1;0;3;995;995;995;995;995;995;995;995;995;995;995;995;995;995;2;995;995;995;995;995;995;995;995;3;1;0;1;0;0;0;0;2;999;999;3;2;2;2;2;2;2;2;2;2;3;3;3;1;999;3;1;2;;COULANDRES-QUINCARNON;COULANDRESQUINCARNON;3;1;2;997;997;997;1;999;1;33;1;5;2;31;1;5;33;5;3;2;1;1;;;;;;
122;1;1;3;2;1;1;1;1;2;1;1;1;0;0;1;0;0;0;1;5;2;5;2;3;3;4;1;4;1;1;1;3;1;3;1;1;1;2;2;1;2;0;0;1;0;1;0;4;995;995;995;995;995;995;995;995;995;995;995;995;995;995;2;995;995;995;995;995;995;995;995;999;1;0;0;0;0;1;0;3;2;995;2;2;2;2;2;2;2;2;2;2;2;2;2;1;2;3;1;2;;VERNEUIL SUR AVRE;VERNEUILSURAVRE;3;3;22;6;5;2;1;999;1;48;1;5;2;47;1;3;48;5;3;3;3;4;;;;;;
123;1;2;3;2;3;2;1;1;2;1;1;1;1;1;1;0;0;0;1;3;3;2;3;3;5;3;1;3;3;3;4;1;1;1;1;1;3;2;3;2;2;0;0;0;0;1;0;5;995;995;995;995;995;995;995;995;995;995;995;995;995;995;2;995;995;995;995;995;995;995;995;3;1;0;0;0;0;0;1;2;2;995;4;2;2;2;2;2;999;999;999;999;999;999;3;1;999;2;1;4;;FERRIERES HAUT CLOCHER;FERRIERESHAUTCLOCHER;3;2;6;997;997;997;1;999;2;33;1;5;1;35;1;4;35;4;2;2;2;2;;;;;;
124;1;2;2;1;3;1;2;1;1;1;1;0;0;1;1;0;0;0;1;5;2;4;3;1;1;4;1;4;3;1;1;3;1;2;2;1;1;4;3;2;3;1;0;0;1;1;0;4;995;995;995;995;995;995;995;995;995;995;995;995;995;995;2;995;995;995;995;995;995;995;995;3;1;0;1;0;0;0;0;1;2;995;2;2;999;999;999;999;999;2;2;2;2;2;2;1;2;4;1;6;;VERNEUIL SUR AVRE;VERNEUILSURAVRE;3;3;13;997;997;997;1;2;2;38;1;6;1;40;1;6;40;6;3;3;3;3;;;;;;
125;1;2;2;2;1;1;1;1;2;1;0;0;1;1;0;0;0;0;1;1;1;1;1;1;1;1;1;1;2;1;2;1;1;2;2;1;2;3;4;5;1;0;0;1;0;1;0;5;995;995;995;995;995;995;995;995;995;995;995;995;995;995;2;995;995;995;995;995;995;995;995;2;1;0;0;0;1;0;0;2;2;995;3;2;2;2;1;2;2;2;2;2;1;3;3;1;2;4;1;7;Etudes après 18 ans;MENNEVAL;MENNEVAL;2;2;20;5;5;997;1;2;2;45;1;5;1;46;1;4;46;4;2;3;2;4;;;;;;
126;1;2;2;1;1;1;1;1;1;3;995;995;995;995;995;995;995;995;1;2;1;2;2;4;1;3;2;2;2;3;2;1;1;1;1;1;1;4;4;5;3;1;0;1;1;0;0;4;995;995;995;995;995;995;995;995;995;995;995;995;995;995;2;995;995;995;995;995;995;995;995;3;2;0;1;0;0;0;0;3;2;995;4;2;2;2;1;1;3;2;2;2;2;2;3;1;2;3;4;995;;LA BONNEVILLE SUR ITON;LABONNEVILLESURITON;3;2;18;6;1;997;1;999;2;41;1;6;1;45;1;6;45;6;3;3;2;4;;;;;;
127;1;2;3;2;1;1;1;1;2;1;1;1;0;0;1;0;1;0;2;1;2;3;1;1;2;2;3;1;2;4;2;2;1;2;2;1;2;3;2;1;3;0;0;1;0;1;0;5;995;995;995;995;995;995;995;995;995;995;995;995;995;995;2;995;995;995;995;995;995;995;995;999;2;0;0;0;1;0;0;3;2;995;3;2;999;2;2;2;3;2;2;2;2;2;3;1;2;4;1;7;Allocation directe au cantine scolaire;999;999;999;2;22;5;5;997;1;999;2;48;1;6;1;51;1;3;51;3;1;4;2;4;;;;;;
128;1;1;1;1;1;999;1;1;1;1;1;1;0;1;0;0;0;1;1;1;1;2;1;5;1;1;1;4;3;4;1;1;3;3;3;3;1;4;4;1;1;1;1;0;1;0;0;4;995;995;995;995;995;995;995;995;995;995;995;995;995;995;2;995;995;995;995;995;995;995;995;3;2;0;0;0;1;0;0;999;999;999;999;1;1;1;1;1;2;999;999;999;999;999;999;1;2;4;2;995;;PONT AUDEMER;PONTAUDEMER;2;4;;997;997;997;1;999;1;58;1;5;2;57;1;5;58;5;3;4;4;1;;;;;;
129;1;2;3;2;1;1;1;1;2;1;1;1;0;1;1;0;0;0;999;4;3;2;3;2;3;3;3;3;3;3;3;2;1;2;2;2;2;2;2;5;2;0;0;0;0;1;0;4;995;995;995;995;995;995;995;995;995;995;995;995;995;995;2;995;995;995;995;995;995;995;995;2;1;0;0;0;1;0;0;3;2;995;2;2;2;2;2;2;2;2;2;2;2;2;2;1;2;2;1;4;;BOUQUETOT;BOUQUETOT;3;3;14;997;997;997;1;999;2;41;1;5;1;42;1;2;42;2;1;3;3;3;;;;;;
130;1;2;3;2;3;3;2;2;2;1;1;0;1;1;0;0;0;0;2;5;3;5;5;5;5;4;1;4;4;4;4;3;1;3;3;3;3;3;3;1;3;0;1;0;0;1;0;5;995;995;995;995;995;995;995;995;995;995;995;995;995;995;2;995;995;995;995;995;995;995;995;3;2;0;0;0;0;1;0;2;2;995;2;2;2;2;2;2;3;2;2;2;2;2;3;1;2;3;1;6;;VERNEUIL SUR AVRE;VERNEUILSURAVRE;3;1;1;997;997;997;1;2;2;31;1;5;1;31;1;5;31;5;3;2;1;1;;;;;;
131;1;2;2;2;1;1;1;2;2;1;1;1;0;1;1;0;0;0;2;2;5;999;2;5;3;999;999;999;999;999;999;999;999;999;999;999;999;999;999;999;999;0;0;0;0;0;0;999;995;995;995;995;995;995;995;995;995;995;995;995;995;995;999;2;1;1;0;0;0;0;0;3;2;1;0;0;0;0;0;1;2;995;4;1;1;2;1;1;999;999;999;999;999;999;999;1;2;4;2;995;;ST MARCEL1;STMARCEL1;2;1;21;4;997;997;1;999;1;52;1;6;2;50;1;4;52;6;3;4;1;4;;;;;;
132;1;2;3;3;1;1;1;1;2;1;1;1;1;1;0;0;0;0;1;3;3;3;5;3;3;3;1;3;4;3;3;1;1;1;3;1;1;3;3;5;3;1;0;0;1;1;0;3;995;995;995;995;995;995;995;995;995;995;995;995;995;995;2;995;995;995;995;995;995;995;995;3;2;0;0;0;0;1;0;3;2;995;3;2;2;2;2;2;3;2;2;2;2;2;3;1;2;3;1;6;;FRANCHEVILLE;FRANCHEVILLE;3;2;10;997;997;997;1;2;2;32;1;5;1;35;1;6;35;6;3;2;2;2;;;;;;
133;1;2;3;2;1;1;2;2;2;1;1;0;1;1;1;0;0;0;2;4;3;3;3;4;3;3;3;3;3;3;3;1;1;1;1;1;1;3;2;999;3;1;0;0;0;1;0;5;995;995;995;995;995;995;995;995;995;995;995;995;995;995;2;995;995;995;995;995;995;995;995;2;2;0;0;0;0;1;0;2;2;995;4;999;2;2;2;2;2;999;2;2;2;2;3;1;2;3;1;1;;ST AUBIN SUR GAILLON;STAUBINSURGAILLON;3;2;9;997;997;997;1;999;1;38;1;5;1;37;2;8;38;5;3;2;2;2;;;;;;
134;1;2;3;1;2;2;2;2;2;2;0;0;0;0;0;0;0;0;1;5;2;2;5;3;5;4;2;2;4;3;4;3;1;2;3;2;3;3;3;3;3;0;0;0;0;1;0;5;995;995;995;995;995;995;995;995;995;995;995;995;995;995;2;995;995;995;995;995;995;995;995;4;2;0;0;0;0;1;0;2;2;995;4;1;3;2;2;2;3;2;2;2;2;3;3;1;2;3;1;3;;LA HAYE MALHERBE;LAHAYEMALHERBE;3;4;21;997;997;6;1;1;2;36;1;5;1;47;1;5;47;5;3;3;4;4;;;;;;
135;1;2;2;1;1;1;2;1;2;2;0;0;0;0;0;0;0;0;2;5;999;999;5;5;5;3;3;4;4;4;4;3;1;3;3;3;3;3;3;3;2;0;0;1;1;1;0;5;995;995;995;995;995;995;995;995;995;995;995;995;995;995;2;995;995;995;995;995;995;995;995;3;2;0;0;0;1;0;0;3;999;999;4;2;3;2;2;2;3;2;2;2;3;3;3;1;2;4;1;4;;POSES;POSES;2;1;2;997;997;997;1;999;1;29;1;5;1;31;1;4;29;5;3;1;1;1;;;;;;
136;1;2;2;3;1;1;1;1;2;1;1;0;1;0;1;0;0;0;2;2;3;2;2;3;2;2;1;2;2;1;2;2;1;2;2;1;2;3;4;5;1;0;0;0;0;1;0;3;995;995;995;995;995;995;995;995;995;995;995;995;995;995;2;995;995;995;995;995;995;995;995;1;1;0;0;1;0;0;0;2;2;995;2;2;2;2;2;2;3;2;2;2;2;2;3;1;2;3;2;995;;999;999;999;4;21;5;5;5;1;999;1;54;1;5;2;52;1;5;54;5;3;4;4;4;;;;;;
137;1;2;1;1;1;1;1;1;1;1;1;0;1;1;0;1;1;0;1;2;2;1;1;1;2;1;1;2;2;2;3;2;1;2;1;2;1;3;3;5;3;1;0;1;1;0;0;4;995;995;995;995;995;995;995;995;995;995;995;995;995;995;2;995;995;995;995;995;995;995;995;4;2;0;0;0;1;0;0;2;2;995;4;1;1;1;1;1;3;2;2;1;1;3;3;1;2;3;2;995;;BOISSEY LE CHATEL;BOISSEYLECHATEL;3;2;6;997;997;997;1;999;2;28;1;5;1;29;1;4;29;4;2;1;2;2;;;;;;
138;1;2;1;1;1;1;2;2;2;1;1;0;0;0;1;0;0;0;1;2;1;2;5;3;1;3;1;3;3;1;1;1;2;1;999;2;2;999;3;1;2;0;1;1;0;1;0;5;995;995;995;995;995;995;995;995;995;995;995;995;995;995;2;995;995;995;995;995;995;995;995;2;2;0;0;0;1;0;0;3;2;995;4;999;999;999;1;1;999;2;2;2;2;2;2;1;999;3;1;3;;NOJEON EN VEXIN;NOJEONENVEXIN;3;3;16;2;2;997;1;999;2;56;1;5;1;50;1;5;50;5;3;4;3;3;;;;;;
139;1;999;2;1;1;1;1;1;2;1;0;0;1;1;0;0;0;0;1;5;2;3;5;2;5;4;1;1;4;2;4;3;2;1;3;2;3;4;3;5;3;1;1;1;0;0;0;1;1;0;0;0;0;0;0;0;0;0;1;0;0;0;2;995;995;995;995;995;995;995;995;3;1;0;0;0;0;1;0;2;999;999;999;2;1;1;1;999;3;2;2;2;2;2;999;1;2;2;1;4;;GASNY;GASNY;3;4;7;997;997;997;1;999;2;31;1;5;1;29;1;6;29;6;3;1;4;2;;;;;;
140;1;2;3;2;1;1;2;2;2;1;1;0;1;1;0;0;0;0;2;4;3;2;5;4;3;3;1;3;4;1;3;1;1;1;3;1;2;3;3;5;1;1;1;1;0;0;0;2;2;995;995;995;995;995;995;995;995;995;995;995;995;995;2;995;995;995;995;995;995;995;995;3;2;0;0;0;1;0;0;3;2;995;1;2;2;2;2;2;2;2;2;2;2;2;2;1;2;3;4;995;;ST LEGER DU GENNETEY;STLEGERDUGENNETEY;3;1;13;1;997;997;1;1;2;40;1;5;1;56;1;5;56;5;3;4;1;3;;;;;;
141;1;2;3;2;1;1;2;1;1;1;1;1;1;1;0;0;0;0;2;2;2;2;1;999;999;1;1;1;1;1;1;2;2;2;2;2;2;3;3;2;3;0;0;0;0;1;0;4;995;995;995;995;995;995;995;995;995;995;995;995;995;995;2;995;995;995;995;995;995;995;995;4;1;0;0;0;1;0;0;2;2;995;2;2;2;2;2;2;2;2;2;2;2;2;2;1;2;3;2;995;;BOSROBERT;BOSROBERT;3;2;19;5;1;997;1;999;1;50;1;5;2;48;1;4;50;5;3;4;2;4;;;;;;
142;1;2;3;3;1;1;1;1;3;1;0;0;1;1;0;0;0;1;1;5;3;3;5;5;2;4;1;1;4;4;1;3;1;1;3;3;1;3;3;2;3;1;0;0;0;1;0;4;995;995;995;995;995;995;995;995;995;995;995;995;995;995;2;995;995;995;995;995;995;995;995;3;2;0;0;0;1;0;0;3;2;995;4;2;2;1;1;2;3;2;2;2;2;2;3;1;2;4;1;1;;GISORS;GISORS;2;1;12;1;997;997;1;999;2;35;1;5;1;41;1;5;41;5;3;3;1;3;;;;;;
143;1;999;2;3;1;1;1;1;999;1;1;0;1;0;0;0;0;0;999;5;2;2;1;1;1;4;1;1;1;1;1;3;1;1;1;1;1;4;3;5;2;1;1;0;0;0;0;5;995;995;995;995;995;995;995;995;995;995;995;995;995;995;2;995;995;995;995;995;995;995;995;4;2;1;0;0;0;0;0;3;2;995;1;1;1;1;1;1;1;2;2;2;2;2;2;2;995;3;3;995;;LOUVIERS;LOUVIERS;2;4;16;2;1;997;1;999;2;39;1;5;1;30;1;5;30;5;3;2;4;3;;;;;;
144;1;2;3;2;1;1;1;2;2;1;1;1;0;0;0;0;0;0;2;3;2;2;2;2;1;1;1;1;1;1;1;2;2;2;2;2;2;3;4;999;3;1;1;0;1;0;0;5;995;995;995;995;995;995;995;995;995;995;995;995;995;995;2;995;995;995;995;995;995;995;995;2;2;1;0;0;0;0;0;3;2;995;4;2;2;2;1;1;3;2;2;2;2;2;3;1;1;3;1;4;;MOUSSEAUX NEUVILLE;MOUSSEAUXNEUVILLE;3;3;18;5;1;997;1;999;2;47;1;6;1;61;2;7;61;7;4;4;3;4;;;;;;
145;1;2;3;1;3;3;2;2;2;3;995;995;995;995;995;995;995;995;2;3;3;999;2;3;3;3;3;3;3;3;3;2;2;2;2;2;2;2;2;5;3;1;0;0;0;1;0;5;995;995;995;995;995;995;995;995;995;995;995;995;995;995;2;995;995;995;995;995;995;995;995;2;2;0;1;0;0;0;0;2;1;3;2;2;2;2;2;2;2;2;2;2;2;2;2;1;2;3;4;995;;CALLEVILLE;CALLEVILLE;3;2;21;6;5;997;1;999;2;44;1;5;1;48;1;6;48;6;3;3;2;4;;;;;;
146;1;2;2;2;1;1;2;2;2;1;1;0;1;1;1;0;0;1;2;5;3;3;5;2;2;4;1;1;4;4;1;3;1;2;3;3;1;2;2;2;3;0;0;0;1;1;0;4;995;995;995;995;995;995;995;995;995;995;995;995;995;995;2;995;995;995;995;995;995;995;995;3;2;0;0;0;1;0;0;2;2;995;2;2;2;2;2;3;3;2;2;2;2;3;3;1;2;3;2;995;;MANNEVILLE SUR RISLE;MANNEVILLESURRISLE;3;2;11;1;997;997;1;999;2;43;1;5;1;47;1;6;47;6;3;3;2;2;;;;;;
147;1;2;3;3;1;1;1;1;1;1;0;0;1;0;0;0;0;0;2;5;3;5;5;5;5;4;4;4;4;4;4;3;3;3;3;3;3;3;3;1;3;0;0;0;1;1;0;2;1;0;0;0;0;0;0;0;0;0;1;0;0;0;2;995;995;995;995;995;995;995;995;2;2;0;0;0;0;0;0;999;2;995;2;2;2;2;1;2;2;2;2;2;2;2;2;1;2;3;4;995;;NORMANVILLE;NORMANVILLE;2;2;21;6;6;997;1;999;2;51;1;5;1;56;1;5;56;5;3;4;2;4;;;;;;
148;1;2;3;1;1;1;1;1;2;3;995;995;995;995;995;995;995;995;2;1;3;3;3;5;3;3;3;3;3;4;3;1;1;1;1;3;1;3;3;5;3;1;1;1;0;0;0;4;995;995;995;995;995;995;995;995;995;995;995;995;995;995;2;995;995;995;995;995;995;995;995;4;2;0;0;0;0;1;0;3;1;4;4;2;2;2;1;2;2;2;2;2;1;2;2;1;2;4;1;4;;BOUAFLES;BOUAFLES;3;3;22;5;2;2;1;999;2;49;1;5;1;51;1;6;51;6;3;4;3;4;;;;;;
149;1;1;2;2;2;2;1;999;1;1;0;0;1;0;1;1;0;1;999;5;2;1;5;1;5;4;2;2;4;1;2;3;2;2;3;2;2;2;2;5;3;0;1;0;0;1;0;4;995;995;995;995;995;995;995;995;995;995;995;995;995;995;2;995;995;995;995;995;995;995;995;999;999;0;0;0;0;0;0;999;999;999;999;999;999;999;999;999;999;999;999;999;999;999;999;999;999;999;2;995;;TOUTAINVILLE;TOUTAINVILLE;3;2;10;997;997;997;1;999;2;36;1;4;1;40;1;4;40;4;2;3;2;2;;;;;;
150;1;2;1;1;1;1;2;2;1;1;1;0;1;0;0;0;1;0;2;2;2;999;1;1;1;999;999;999;999;999;999;999;999;999;999;999;999;3;1;3;3;0;0;1;0;1;0;4;995;995;995;995;995;995;995;995;995;995;995;995;995;995;1;2;1;0;0;0;0;1;0;2;2;0;0;0;0;0;0;999;999;999;4;2;2;2;2;2;999;2;2;2;2;2;999;1;2;3;999;999;;BERNAY;BERNAY;2;1;21;6;997;997;1;999;2;49;1;5;1;50;1;5;50;5;3;4;1;4;;;;;;
151;1;1;2;2;2;2;1;1;2;2;0;0;0;0;0;0;0;0;2;5;999;2;3;2;2;2;2;2;2;2;2;2;2;2;2;2;2;3;2;2;3;0;0;1;0;0;0;5;995;995;995;995;995;995;995;995;995;995;995;995;995;995;2;995;995;995;995;995;995;995;995;4;1;0;0;0;0;1;0;2;2;995;3;2;2;2;1;2;2;999;999;999;999;999;999;1;2;3;1;4;;ST VICTOR DE CHRETIENVILLE;STVICTORDECHRETIENVILLE;3;2;9;997;997;997;1;999;2;36;1;4;1;37;1;6;37;6;3;2;2;2;;;;;;
152;1;2;3;3;3;3;1;1;1;1;1;1;0;1;1;0;0;0;999;5;5;5;999;1;1;999;999;999;999;999;999;1;1;1;1;2;2;3;3;1;2;1;0;0;0;1;0;1;1;0;0;0;0;0;0;0;0;1;0;0;0;0;1;995;995;995;995;995;995;995;995;999;999;0;0;0;0;0;0;999;999;999;999;999;999;999;999;999;999;999;999;999;999;999;999;999;999;999;2;995;;VILLERS SUR LE ROULE;VILLERSSURLEROULE;2;4;21;6;4;5;1;999;2;44;1;5;1;45;1;5;45;5;3;3;4;4;;;;;;
153;1;1;2;1;1;3;1;2;1;1;1;1;0;1;0;0;0;1;2;5;1;2;5;5;2;4;1;2;4;4;1;3;1;2;3;1;1;3;2;4;2;1;1;1;0;0;0;5;995;995;995;995;995;995;995;995;995;995;995;995;995;995;1;1;995;995;995;995;995;995;995;999;1;0;0;0;0;0;1;3;2;995;1;2;2;999;1;3;3;999;999;999;999;999;999;1;2;4;2;995;;LA BARRE EN OUCHE;LABARREENOUCHE;3;3;12;997;997;997;1;999;2;33;1;5;1;32;1;5;32;5;3;2;3;3;;;;;;
154;1;2;2;2;1;1;2;2;1;1;0;0;1;1;0;0;1;0;1;5;3;2;5;2;5;4;3;3;4;3;4;3;2;2;3;2;3;2;3;2;2;0;0;1;1;0;0;4;995;995;995;995;995;995;995;995;995;995;995;995;995;995;2;995;995;995;995;995;995;995;995;2;2;0;0;0;0;0;0;2;2;995;4;2;2;2;2;2;3;2;2;2;2;2;3;1;2;3;2;995;;MENILLES;MENILLES;2;1;6;997;997;997;1;1;2;34;1;5;1;49;1;5;49;5;3;3;1;2;;;;;;
155;1;2;2;2;1;1;2;2;2;1;0;0;1;1;0;0;0;0;2;2;5;3;2;3;5;3;1;1;3;1;1;2;1;1;1;1;1;4;3;4;3;0;0;1;0;0;0;3;995;995;995;995;995;995;995;995;995;995;995;995;995;995;1;1;995;995;995;995;995;995;995;3;2;0;0;0;1;0;0;3;2;995;4;3;3;1;1;2;3;2;2;2;2;3;3;1;2;4;1;1;;BUREY;BUREY;3;2;19;6;3;997;1;999;2;44;1;5;1;44;1;5;44;5;3;3;2;4;;;;;;
156;1;2;2;1;1;1;2;2;2;3;995;995;995;995;995;995;995;995;2;3;2;3;5;3;2;3;3;3;4;3;3;2;2;2;3;2;2;2;2;1;2;0;0;0;0;1;0;4;995;995;995;995;995;995;995;995;995;995;995;995;995;995;1;1;995;995;995;995;995;995;995;999;1;0;0;0;0;1;0;3;2;995;3;2;2;2;2;2;3;2;2;2;2;3;3;1;2;4;1;6;;MISEREY;MISEREY;3;2;13;1;997;997;1;999;2;36;1;5;1;39;1;1;39;1;1;2;2;3;;;;;;
157;1;1;3;2;3;1;1;1;1;1;0;0;1;1;0;0;0;0;999;5;1;2;5;5;5;4;1;3;4;4;4;3;1;1;3;3;3;3;4;5;2;1;1;0;0;1;0;3;995;995;995;995;995;995;995;995;995;995;995;995;995;995;2;995;995;995;995;995;995;995;995;3;2;0;1;0;0;0;0;3;2;995;4;2;1;1;2;1;3;2;2;2;2;3;3;1;2;3;1;3;;LOUVIERS;LOUVIERS;2;2;8;997;997;997;1;2;1;33;1;5;2;28;1;5;33;5;3;2;2;2;;;;;;
158;1;2;3;2;1;1;2;1;2;1;1;0;0;1;1;0;0;0;2;4;2;5;5;5;5;1;1;4;4;4;4;1;1;3;3;3;3;3;3;5;3;0;0;1;0;1;0;5;995;995;995;995;995;995;995;995;995;995;995;995;995;995;2;995;995;995;995;995;995;995;995;3;1;0;0;0;1;0;0;3;2;995;3;2;2;1;1;1;3;2;2;2;3;3;3;1;2;2;2;995;;ECAQUELON;ECAQUELON;3;1;2;997;997;997;1;2;2;33;1;5;1;33;1;5;33;5;3;2;1;1;;;;;;
159;1;2;2;1;1;1;999;999;1;1;1;1;0;1;1;0;0;1;1;5;2;1;5;5;2;4;1;1;4;4;1;3;1;1;3;3;1;4;4;5;3;1;1;0;0;1;0;5;995;995;995;995;995;995;995;995;995;995;995;995;995;995;2;995;995;995;995;995;995;995;995;2;2;0;1;0;0;0;0;999;999;999;4;1;1;1;1;2;3;2;2;2;2;2;3;1;2;4;1;1;;NOGENT LE SEC;NOGENTLESEC;3;2;12;997;997;997;1;2;2;35;1;6;1;36;1;5;36;5;3;2;2;3;;;;;;
160;1;2;999;999;1;1;1;1;2;1;1;1;0;0;1;0;0;0;1;1;999;1;999;999;2;2;999;2;999;2;2;1;999;1;999;999;1;4;3;4;2;0;0;0;1;0;0;4;995;995;995;995;995;995;995;995;995;995;995;995;995;995;2;995;995;995;995;995;995;995;995;3;2;0;0;0;0;0;0;999;2;995;2;2;2;2;2;2;2;2;2;2;2;3;3;1;1;3;1;4;;LE MANOIR SUR SEINE;LEMANOIRSURSEINE;2;1;15;2;997;997;1;999;2;48;1;6;1;49;1;5;49;5;3;3;1;3;;;;;;
161;1;1;1;1;3;3;2;2;1;1;1;1;0;1;0;1;0;0;1;1;2;1;5;3;1;999;1;1;4;1;3;2;1;1;3;999;2;3;4;3;2;1;1;0;0;1;0;4;995;995;995;995;995;995;995;995;995;995;995;995;995;995;2;995;995;995;995;995;995;995;995;3;2;0;0;0;1;0;0;1;2;995;3;2;2;2;2;2;2;2;2;2;2;3;3;1;2;4;1;1;;FLIQUEFLEUR EQUAIVILLE;FLIQUEFLEUREQUAIVILLE;3;2;13;1;1;997;1;2;2;42;1;6;1;52;1;6;52;6;3;4;2;3;;;;;;
162;1;1;2;1;3;1;2;2;1;1;1;1;1;1;1;0;0;0;2;3;3;1;5;3;2;3;3;2;4;3;3;1;2;1;3;2;2;3;3;5;2;0;0;0;1;1;0;2;1;0;1;0;0;0;0;0;0;0;0;0;0;0;2;995;995;995;995;995;995;995;995;3;2;0;1;0;0;0;0;2;2;995;2;2;2;2;1;1;3;2;2;2;2;1;3;1;2;3;1;6;;ST PIERRE DU VAL;STPIERREDUVAL;3;3;9;997;997;997;1;999;2;36;1;5;1;38;1;6;38;6;3;2;3;2;;;;;;
163;1;1;1;1;1;1;2;2;1;1;1;1;1;1;0;0;1;0;2;5;1;4;1;5;3;3;1;4;1;4;1;1;2;3;2;999;1;3;4;5;3;1;0;0;0;1;0;4;995;995;995;995;995;995;995;995;995;995;995;995;995;995;2;995;995;995;995;995;995;995;995;2;2;0;0;0;0;1;0;3;2;995;4;2;1;2;1;1;2;2;2;2;1;3;3;1;2;3;1;6;;DAMVILLE;DAMVILLE;3;7;24;6;6;6;1;1;1;56;1;6;2;40;1;6;56;6;3;4;4;4;;;;;;
164;1;2;3;2;3;3;2;2;1;1;0;0;0;0;1;0;1;0;2;5;3;3;5;3;5;4;1;3;4;3;4;3;2;2;3;2;3;3;2;2;1;0;0;1;1;0;0;3;995;995;995;995;995;995;995;995;995;995;995;995;995;995;2;995;995;995;995;995;995;995;995;2;1;0;0;0;0;1;0;3;2;995;2;2;2;2;2;2;3;2;2;2;2;2;3;1;2;2;1;4;;CHAMBRAY;CHAMBRAY;3;3;11;997;997;997;1;999;2;39;1;5;1;37;1;2;37;2;1;2;3;2;;;;;;
165;1;2;3;2;3;3;2;2;2;1;1;0;1;1;0;0;0;0;2;2;3;3;3;2;3;1;1;4;999;999;1;2;2;999;999;999;2;3;3;3;3;1;0;0;1;0;0;5;995;995;995;995;995;995;995;995;995;995;995;995;995;995;2;995;995;995;995;995;995;995;995;3;2;0;0;0;1;0;0;2;2;995;3;2;2;2;2;2;2;3;3;3;3;3;3;1;2;4;2;995;;ST VINCENT DU BOULAY;STVINCENTDUBOULAY;3;2;20;5;2;997;1;999;2;44;1;6;1;46;1;6;46;6;3;3;2;4;;;;;;
166;1;1;3;3;3;3;1;1;1;1;1;1;0;0;0;0;0;0;1;5;5;4;2;1;2;1;1;3;1;1;3;3;1;1;1;1;3;3;1;4;3;1;1;0;0;0;0;1;1;0;0;0;0;0;0;0;0;0;0;1;0;0;2;995;995;995;995;995;995;995;995;999;2;0;0;0;0;1;0;3;2;995;4;2;1;2;1;1;3;2;1;2;1;1;3;1;2;4;1;1;;IVRY LA BATAILLE;IVRYLABATAILLE;3;3;7;997;997;997;1;999;2;29;1;5;1;32;1;6;32;6;3;2;3;2;;;;;;
167;1;2;2;2;1;1;2;2;1;1;1;1;0;0;0;1;1;0;2;2;2;999;999;999;2;999;999;999;999;999;999;999;999;999;999;999;999;3;2;2;1;0;0;1;0;1;0;2;2;995;995;995;995;995;995;995;995;995;995;995;995;995;2;995;995;995;995;995;995;995;995;2;2;1;0;0;0;0;0;2;1;1;2;2;2;2;2;2;2;2;2;2;2;2;2;1;2;2;2;995;;PUCHAY;PUCHAY;3;4;24;6;6;6;1;999;2;48;1;6;1;49;1;6;49;6;3;3;4;4;;;;;;
168;1;2;2;2;1;2;1;1;2;2;0;0;0;0;0;0;0;0;2;5;5;5;5;5;2;999;999;999;999;999;999;999;999;999;999;999;999;3;3;2;3;0;0;1;0;1;0;5;995;995;995;995;995;995;995;995;995;995;995;995;995;995;2;995;995;995;995;995;995;995;995;2;2;0;0;0;0;0;0;2;2;995;4;2;2;2;2;1;1;999;999;999;999;999;999;1;2;4;2;995;;LA HAYE MALHERBE;LAHAYEMALHERBE;3;1;23;6;997;997;1;999;2;45;1;5;1;49;1;6;49;6;3;3;1;4;;;;;;
169;1;2;3;1;1;3;1;1;2;1;1;0;1;0;1;0;0;0;2;5;3;5;5;2;2;3;3;4;4;3;2;2;2;3;3;2;2;3;2;1;3;0;0;1;0;1;0;3;995;995;995;995;995;995;995;995;995;995;995;995;995;995;1;2;0;0;0;0;0;1;0;4;2;0;0;0;1;0;0;2;2;995;3;2;2;2;2;2;3;2;2;2;2;2;3;1;2;3;2;995;;MANDRES;MANDRES;3;2;23;6;997;997;1;1;2;49;1;5;1;44;1;6;44;6;3;3;2;4;;;;;;
170;1;1;2;1;2;2;2;2;2;1;1;0;0;1;1;0;0;1;2;5;3;3;3;3;5;4;3;3;3;3;4;3;1;1;2;1;1;3;3;5;3;1;1;1;0;0;0;5;995;995;995;995;995;995;995;995;995;995;995;995;995;995;2;995;995;995;995;995;995;995;995;3;1;0;0;0;1;0;0;2;2;995;999;2;2;2;2;2;3;2;2;2;2;3;3;1;2;3;2;995;;CLAVILLE;CLAVILLE;3;2;8;997;997;997;1;999;1;38;1;5;2;40;1;5;38;5;3;2;2;2;;;;;;
171;1;2;3;2;1;1;2;1;2;1;0;0;1;0;0;0;0;1;999;3;3;2;5;3;3;3;3;3;4;3;3;2;2;2;3;2;2;2;2;2;3;0;1;1;0;0;0;4;995;995;995;995;995;995;995;995;995;995;995;995;995;995;1;2;1;0;0;0;0;0;0;1;2;0;0;0;1;0;0;2;1;1;3;2;2;2;1;2;3;2;2;2;2;2;2;1;2;4;2;995;;EVREUX;EVREUX;2;3;24;6;6;2;1;999;1;59;1;4;2;50;1;4;59;4;2;4;3;4;;;;;;
172;1;2;4;3;3;3;2;1;2;1;0;0;0;0;0;0;0;1;2;4;2;4;5;3;3;3;1;3;4;2;2;1;2;1;3;2;2;2;2;5;1;0;0;0;0;1;0;4;995;995;995;995;995;995;995;995;995;995;995;995;995;995;2;995;995;995;995;995;995;995;995;2;2;0;1;0;0;0;0;2;2;995;2;2;2;1;2;1;3;2;2;1;2;2;3;1;2;3;2;995;;LA NEUVILLE DU BOSC;LANEUVILLEDUBOSC;3;3;10;997;997;997;1;999;2;33;1;4;2;33;1;4;33;4;2;2;3;2;;;;;;
173;1;2;3;3;1;1;2;2;2;3;995;995;995;995;995;995;995;995;2;4;2;4;5;2;2;3;3;3;4;3;3;1;2;1;3;2;2;2;2;2;1;0;0;0;0;1;0;4;995;995;995;995;995;995;995;995;995;995;995;995;995;995;2;995;995;995;995;995;995;995;995;4;2;0;0;0;1;0;0;2;2;995;4;2;2;2;1;1;3;2;2;2;1;1;3;1;2;2;2;995;;ST PIERRE DU VAL;STPIERREDUVAL;3;3;19;6;2;997;1;1;2;40;1;5;1;35;1;5;35;5;3;2;3;4;;;;;;
174;1;1;2;2;3;1;1;1;1;1;1;0;1;1;1;0;0;0;1;3;2;1;5;1;5;3;1;3;4;3;4;1;1;1;3;3;3;4;4;5;3;1;0;0;0;1;0;5;995;995;995;995;995;995;995;995;995;995;995;995;995;995;2;995;995;995;995;995;995;995;995;4;2;0;0;0;0;1;0;2;2;995;2;2;2;2;2;2;2;2;2;2;2;2;2;1;2;4;1;7;Dès son entrée au lycée;BRESTOT;BRESTOT;3;3;12;6;1;1;1;999;1;55;1;5;2;45;2;8;55;5;3;4;3;3;;;;;;
175;1;2;1;2;1;1;1;1;2;1;1;0;1;1;0;0;0;0;2;3;3;2;3;5;2;3;1;3;3;4;3;2;1;2;2;3;2;3;3;5;3;1;1;1;0;0;0;4;995;995;995;995;995;995;995;995;995;995;995;995;995;995;2;995;995;995;995;995;995;995;995;999;2;0;1;0;0;0;0;3;2;995;2;2;2;1;2;2;2;2;2;2;2;2;3;1;2;3;1;2;;PERRIERS SUR ANDELLE;PERRIERSSURANDELLE;3;3;18;4;1;997;1;2;2;40;1;5;1;43;1;6;43;6;3;3;3;4;;;;;;
176;1;4;2;2;1;1;2;2;2;1;1;0;1;0;0;1;0;0;2;2;2;2;5;2;2;3;1;3;4;3;3;2;2;2;3;2;2;2;2;2;2;0;0;0;0;1;0;4;995;995;995;995;995;995;995;995;995;995;995;995;995;995;2;995;995;995;995;995;995;995;995;999;2;0;1;0;0;0;0;2;2;995;1;2;2;2;2;2;3;999;999;999;999;999;999;1;2;4;1;4;;FLEURY SUR ANDELLE;FLEURYSURANDELLE;3;2;15;2;997;997;1;999;2;40;1;5;1;41;1;3;41;3;1;3;2;3;;;;;;
177;1;2;3;2;1;1;2;2;1;1;0;0;1;1;0;0;0;0;999;4;2;5;5;5;5;4;2;4;4;4;4;3;2;3;3;3;3;3;3;2;1;0;0;1;0;1;0;3;995;995;995;995;995;995;995;995;995;995;995;995;995;995;2;995;995;995;995;995;995;995;995;2;1;0;0;0;1;0;0;2;2;995;4;1;1;1;1;1;3;2;2;2;2;3;3;1;2;4;1;6;;ANGERVILLE LA CAMPAGNE;ANGERVILLELACAMPAGNE;2;1;1;997;997;997;1;2;2;33;1;5;1;34;1;5;34;5;3;2;1;1;;;;;;
178;1;2;1;1;3;3;1;1;1;1;1;1;1;1;1;0;0;0;1;2;2;1;1;1;2;3;1;1;1;1;1;2;1;1;1;1;1;4;4;3;3;1;1;1;0;0;0;5;995;995;995;995;995;995;995;995;995;995;995;995;995;995;1;2;1;0;1;0;0;0;0;4;2;0;1;0;0;0;0;3;999;4;4;1;1;1;1;1;1;2;2;2;2;2;2;1;2;2;1;2;;BOURNEVILLE;BOURNEVILLE;3;3;16;1;1;3;1;1;2;36;1;6;1;39;1;6;39;6;3;2;3;3;;;;;;
179;1;2;2;1;3;3;2;2;1;3;995;995;995;995;995;995;995;995;2;2;3;3;2;1;2;3;3;3;2;2;2;2;2;2;2;2;2;3;4;2;3;0;1;1;0;0;0;3;995;995;995;995;995;995;995;995;995;995;995;995;995;995;2;995;995;995;995;995;995;995;995;4;2;0;0;0;1;0;0;3;2;995;4;2;2;2;1;2;2;1;1;1;1;1;2;1;2;4;2;995;;BEUZEVILLE;BEUZEVILLE;3;2;15;2;1;997;1;2;2;40;1;5;1;40;1;6;40;6;3;3;2;3;;;;;;
180;1;2;2;2;1;1;1;1;2;1;1;0;1;1;0;0;0;0;999;5;3;2;5;5;5;4;3;3;4;4;4;3;1;1;3;3;3;3;3;5;3;0;1;1;0;1;0;5;995;995;995;995;995;995;995;995;995;995;995;995;995;995;2;995;995;995;995;995;995;995;995;4;2;0;0;0;0;1;0;2;2;995;2;2;1;2;1;2;3;2;2;2;2;3;3;1;2;4;4;995;;LE TRONCQ;LETRONCQ;3;1;5;997;997;997;1;999;1;35;1;5;2;31;1;5;35;5;3;2;1;1;;;;;;
181;1;2;3;2;1;1;2;2;2;1;1;1;1;1;0;0;1;0;2;2;2;2;5;1;2;3;1;3;4;1;3;2;1;2;3;1;2;4;3;5;3;1;1;0;1;0;0;4;995;995;995;995;995;995;995;995;995;995;995;995;995;995;999;2;0;0;0;0;0;1;0;4;2;1;0;0;0;0;0;3;2;995;1;2;2;2;1;1;999;2;2;999;2;2;999;1;2;4;1;4;;FLEURY LA FORET;FLEURYLAFORET;3;3;16;6;2;1;1;1;2;47;1;5;1;47;1;3;47;3;1;3;3;3;;;;;;
182;1;2;3;2;3;1;2;2;1;1;0;0;1;0;1;0;0;0;1;5;3;2;5;2;2;4;3;2;4;2;2;3;2;2;3;2;2;3;3;5;3;0;0;1;0;1;0;3;995;995;995;995;995;995;995;995;995;995;995;995;995;995;2;995;995;995;995;995;995;995;995;3;2;0;0;0;1;0;0;3;2;995;3;2;2;1;1;2;2;2;2;2;2;2;3;1;2;3;1;4;;BERVILLE EN ROUMOIS;BERVILLEENROUMOIS;3;2;11;997;997;997;1;999;2;35;1;5;1;37;1;5;37;5;3;2;2;2;;;;;;
183;1;1;2;2;1;1;1;1;2;1;1;0;1;0;0;1;1;0;2;2;2;3;3;2;1;3;1;1;2;2;2;3;2;2;1;2;2;2;3;5;3;0;0;1;0;1;0;1;1;0;0;1;0;0;0;0;0;0;0;0;0;0;2;995;995;995;995;995;995;995;995;2;2;0;1;0;0;0;0;3;999;999;4;1;1;1;1;1;999;1;1;999;1;999;999;1;2;3;2;995;;999;999;999;3;5;997;997;997;1;999;2;38;1;5;1;43;1;5;43;5;3;3;3;1;;;;;;
184;1;4;1;2;3;2;2;2;3;3;995;995;995;995;995;995;995;995;2;3;3;2;3;2;5;2;1;2;2;3;4;2;1;2;2;1;1;3;4;5;2;0;0;1;1;0;0;3;995;995;995;995;995;995;995;995;995;995;995;995;995;995;2;995;995;995;995;995;995;995;995;999;999;0;0;0;0;0;0;999;999;999;999;999;999;999;999;999;999;999;999;999;999;999;999;999;999;999;3;995;;BEUZEVILLE;BEUZEVILLE;3;3;14;997;997;997;1;1;1;52;1;5;2;38;2;8;52;5;3;4;3;3;;;;;;
185;1;1;3;2;1;2;2;2;2;3;995;995;995;995;995;995;995;995;1;5;2;3;5;3;5;4;3;3;4;3;4;3;2;1;3;1;3;3;2;5;2;1;1;1;0;0;0;5;995;995;995;995;995;995;995;995;995;995;995;995;995;995;2;995;995;995;995;995;995;995;995;2;2;0;0;0;1;0;0;3;2;995;4;2;2;2;2;3;3;2;2;2;2;3;3;1;2;3;4;995;;BOURGTHEROULDE;BOURGTHEROULDE;3;2;9;997;997;997;1;999;2;32;1;4;1;35;1;6;35;6;3;2;2;2;;;;;;
186;1;2;3;2;3;1;2;1;2;1;1;0;0;1;0;0;0;0;1;5;2;2;2;2;2;4;1;1;1;1;1;3;1;1;2;2;2;3;3;3;2;0;0;1;1;0;0;2;2;995;995;995;995;995;995;995;995;995;995;995;995;995;1;1;995;995;995;995;995;995;995;2;2;0;0;0;1;0;0;2;2;995;2;1;1;1;1;3;3;2;2;2;2;2;3;1;2;4;1;6;;EVREUX;EVREUX;2;2;8;997;997;997;1;999;2;38;1;5;1;46;1;5;46;5;3;3;2;2;;;;;;
187;1;1;3;2;3;3;2;2;2;1;1;0;1;1;0;0;0;0;2;3;2;2;2;3;3;3;3;3;3;3;3;2;2;2;2;2;2;3;3;5;3;0;1;1;0;0;0;2;1;0;0;0;0;0;0;0;1;0;0;0;0;0;2;995;995;995;995;995;995;995;995;3;2;0;0;0;1;0;0;2;2;995;2;2;999;2;1;2;3;2;2;2;2;2;3;1;2;4;4;995;;STE OPPORTUNE DU BOSC;STEOPPORTUNEDUBOSC;3;2;20;4;4;997;1;999;2;39;1;4;1;45;1;6;45;6;3;3;2;4;;;;;;
188;1;2;3;2;3;1;2;1;2;1;1;0;0;0;0;0;0;0;2;2;3;2;2;3;4;3;3;3;3;3;3;2;1;2;2;2;3;2;2;2;3;0;1;0;0;1;0;5;995;995;995;995;995;995;995;995;995;995;995;995;995;995;2;995;995;995;995;995;995;995;995;4;2;0;0;0;1;0;0;3;2;995;2;2;2;2;2;2;2;2;2;2;2;2;2;1;2;2;4;995;;MUZY;MUZY;3;2;9;997;997;997;1;999;2;37;1;4;1;38;1;4;38;4;2;2;2;2;;;;;;
189;1;1;2;1;1;1;2;2;2;1;1;1;0;1;0;0;0;0;2;2;2;2;5;3;2;3;2;3;2;3;2;1;1;1;1;1;2;4;4;3;3;1;1;0;1;0;0;4;995;995;995;995;995;995;995;995;995;995;995;995;995;995;2;995;995;995;995;995;995;995;995;4;2;0;1;0;0;0;0;3;2;995;3;1;1;1;1;1;3;1;1;1;1;3;3;1;2;4;1;2;;ST MARTIN ST FIRMIN;STMARTINSTFIRMIN;3;2;15;2;997;997;1;999;2;47;2;8;1;49;1;6;49;6;3;3;2;3;;;;;;
190;1;1;2;2;1;2;1;2;2;1;1;1;0;0;1;0;1;0;1;2;3;5;2;5;2;2;1;4;1;4;2;2;1;3;1;3;2;2;3;1;3;0;0;1;0;1;0;1;1;0;0;0;0;0;0;0;0;0;1;0;0;0;2;995;995;995;995;995;995;995;995;4;2;0;1;0;0;0;0;1;1;4;3;2;1;2;1;2;3;2;2;2;1;2;3;1;2;4;2;995;;NORMANVILLE;NORMANVILLE;2;2;24;6;5;997;1;999;2;52;1;6;1;52;1;6;52;6;3;4;2;4;;;;;;
191;1;1;999;999;1;1;1;1;1;999;1;0;0;0;0;1;0;0;1;2;2;1;1;2;2;3;1;3;3;4;3;1;1;1;1;1;2;3;3;1;3;1;0;0;0;1;0;4;995;995;995;995;995;995;995;995;995;995;995;995;995;995;2;995;995;995;995;995;995;995;995;1;2;0;0;0;0;1;0;3;2;995;4;2;2;2;2;2;3;2;2;2;2;2;3;1;2;4;2;995;;EVREUX;EVREUX;2;1;22;6;997;997;1;999;2;51;1;5;1;61;2;7;61;7;4;4;1;4;;;;;;
192;1;2;2;1;1;1;1;1;1;1;1;0;1;1;1;0;0;1;2;2;2;2;5;2;5;3;2;2;3;2;3;2;2;2;3;2;3;3;1;5;3;0;1;1;1;0;0;4;995;995;995;995;995;995;995;995;995;995;995;995;995;995;2;995;995;995;995;995;995;995;995;4;1;0;1;0;0;0;0;3;999;999;4;1;1;1;2;2;2;2;2;2;2;2;2;1;2;4;4;995;;BOTTEREAUX ??;BOTTEREAUX??;3;1;3;997;997;997;1;999;1;33;1;6;2;30;1;6;33;6;3;2;1;1;;;;;;
193;1;1;2;2;1;1;1;1;2;1;1;0;0;0;1;0;1;0;1;2;999;999;999;999;2;4;999;999;999;999;999;3;999;999;999;999;999;3;3;2;3;1;1;0;1;0;0;5;995;995;995;995;995;995;995;995;995;995;995;995;995;995;2;995;995;995;995;995;995;995;995;2;999;0;0;0;0;0;0;999;999;999;4;999;1;999;1;1;1;999;999;999;999;999;999;1;2;3;2;995;;999;999;999;3;23;6;6;997;1;999;2;53;1;6;1;53;1;6;53;6;3;4;3;4;;;;;;
194;1;3;2;3;3;3;2;2;2;3;995;995;995;995;995;995;995;995;2;3;3;3;2;3;3;3;3;999;2;3;3;2;2;2;2;2;2;2;2;5;2;0;0;0;0;1;0;5;995;995;995;995;995;995;995;995;995;995;995;995;995;995;2;995;995;995;995;995;995;995;995;2;1;0;0;0;0;1;0;2;1;1;2;2;2;2;2;2;2;2;2;2;2;2;2;2;995;1;2;995;;CRIQUEBEUF SUR SEINE;CRIQUEBEUFSURSEINE;3;2;24;6;5;997;1;999;1;63;2;7;2;55;1;5;63;7;4;4;2;4;;;;;;
195;1;2;3;2;3;3;2;2;2;1;1;0;0;0;0;0;0;0;1;5;3;3;5;3;5;3;3;3;3;3;3;2;2;2;2;2;2;2;3;5;3;0;0;1;0;1;0;4;995;995;995;995;995;995;995;995;995;995;995;995;995;995;2;995;995;995;995;995;995;995;995;999;2;0;0;0;0;1;0;3;2;995;4;2;2;2;2;2;2;2;2;2;2;2;2;1;2;3;2;995;;BOURGTHEROULDE;BOURGTHEROULDE;3;2;10;997;997;997;1;999;1;37;1;4;2;36;1;4;37;4;2;2;2;2;;;;;;
196;1;2;1;2;1;1;2;2;2;3;995;995;995;995;995;995;995;995;2;2;3;3;3;3;3;3;3;3;3;3;3;2;2;3;2;2;2;3;3;2;3;0;0;0;0;0;1;4;995;995;995;995;995;995;995;995;995;995;995;995;995;995;2;995;995;995;995;995;995;995;995;999;2;0;0;0;1;0;0;3;2;995;4;2;2;2;2;2;3;2;2;2;2;2;3;1;2;3;1;7;Allocation étudiants;VERNON;VERNON;2;2;21;6;5;997;1;999;2;54;1;4;1;50;1;4;50;4;2;4;2;4;;;;;;
197;1;2;3;2;1;1;2;1;1;1;1;0;0;1;1;0;0;0;1;2;2;1;2;2;1;3;3;3;3;3;2;2;2;2;2;2;2;4;4;5;3;1;0;0;1;1;0;3;995;995;995;995;995;995;995;995;995;995;995;995;995;995;2;995;995;995;995;995;995;995;995;3;2;0;0;0;1;0;0;1;2;995;4;2;2;2;1;2;1;2;2;2;2;3;3;1;2;4;2;995;;GROSLEY SUR RISLE;GROSLEYSURRISLE;3;2;13;997;997;997;1;1;1;37;1;4;2;45;1;5;37;4;2;2;2;3;;;;;;
198;1;1;1;1;3;3;2;2;2;2;0;0;0;0;0;0;0;0;2;5;5;5;5;5;5;4;4;4;4;4;4;3;3;3;3;3;3;2;2;2;2;0;0;0;0;0;1;5;995;995;995;995;995;995;995;995;995;995;995;995;995;995;2;995;995;995;995;995;995;995;995;999;999;0;0;0;0;0;0;3;2;995;2;2;2;2;2;2;2;999;999;999;999;999;999;1;2;4;1;1;;TOURNY;TOURNY;3;1;24;5;997;997;1;999;2;57;1;4;1;54;1;4;54;4;2;4;1;4;;;;;;
199;1;2;2;1;2;1;1;2;2;1;1;0;0;1;1;0;0;0;1;5;3;3;1;2;2;3;3;3;3;3;3;2;2;2;2;2;1;2;3;5;3;0;1;0;0;1;0;999;995;995;995;995;995;995;995;995;995;995;995;995;995;995;999;999;995;995;995;995;995;995;995;999;2;0;1;0;0;0;0;2;2;995;4;2;2;2;2;2;2;2;2;2;2;2;2;1;2;3;2;995;;EVREUX;EVREUX;2;1;8;997;997;997;1;999;2;33;1;4;2;45;1;4;45;4;2;3;1;2;;;;;;
200;1;1;2;2;2;2;1;2;1;2;0;0;0;0;0;0;0;0;1;5;2;5;5;5;5;4;1;4;4;4;4;3;1;3;3;3;3;4;4;5;2;1;1;1;0;0;0;5;995;995;995;995;995;995;995;995;995;995;995;995;995;995;2;995;995;995;995;995;995;995;995;999;2;1;0;0;0;0;0;1;999;999;3;2;2;1;1;2;2;2;2;2;3;3;3;2;995;4;2;995;;LOUVIERS;LOUVIERS;2;1;1;997;997;997;1;2;2;24;1;5;1;26;1;5;26;5;3;1;1;1;;;;;;
201;1;2;3;3;1;1;1;1;999;1;1;1;1;0;1;0;0;1;1;2;1;2;5;5;3;3;1;3;4;4;1;2;1;1;3;3;1;4;3;5;3;0;0;0;0;0;1;5;995;995;995;995;995;995;995;995;995;995;995;995;995;995;2;995;995;995;995;995;995;995;995;1;2;0;0;0;0;0;1;3;2;995;1;2;2;2;2;2;999;2;2;2;2;2;999;1;2;3;999;6;;ECARDENVILLE LA CAMPAGNE;ECARDENVILLELACAMPAGNE;3;3;15;1;997;997;1;999;2;41;1;5;1;49;1;6;49;6;3;3;3;3;;;;;;
202;1;1;2;1;1;1;1;1;1;1;1;0;0;1;0;0;0;1;1;3;1;2;5;3;3;999;1;999;999;1;999;1;1;1;3;1;2;3;4;999;3;0;1;0;0;1;0;5;995;995;995;995;995;995;995;995;995;995;995;995;995;995;2;995;995;995;995;995;995;995;995;999;2;0;1;0;0;0;0;3;2;995;3;2;2;2;2;2;3;2;2;2;2;2;3;1;2;2;999;999;;IVRY LA BATAILLE;IVRYLABATAILLE;3;2;16;2;1;997;2;997;2;41;1;4;997;997;997;997;41;4;2;3;2;3;;;;;;
203;1;2;2;1;1;1;1;1;2;1;1;1;0;0;0;0;0;0;2;2;3;3;2;3;2;999;999;999;999;999;999;999;999;999;999;999;999;3;3;2;2;0;0;1;1;0;0;3;995;995;995;995;995;995;995;995;995;995;995;995;995;995;2;995;995;995;995;995;995;995;995;2;1;0;0;0;1;0;0;2;2;995;2;2;2;2;1;3;3;2;2;2;2;3;3;1;2;4;1;1;;PONT DE L'ARCHE;PONTDELARCHE;2;2;14;997;997;997;1;999;1;42;1;5;2;43;1;5;42;5;3;3;2;3;;;;;;
204;1;1;1;1;1;1;1;1;1;3;995;995;995;995;995;995;995;995;1;5;2;5;5;999;5;4;1;4;4;1;4;3;1;3;3;1;3;3;4;5;2;1;0;1;1;0;0;5;995;995;995;995;995;995;995;995;995;995;995;995;995;995;1;2;1;0;0;0;0;0;0;999;2;0;0;0;0;1;0;2;999;999;4;3;1;2;1;1;3;2;2;2;2;2;3;1;2;4;1;6;;EVREUX;EVREUX;2;3;7;997;997;997;1;999;2;37;1;5;1;42;1;5;42;5;3;3;3;2;;;;;;
205;1;999;2;2;1;1;1;1;1;1;1;0;0;1;1;0;0;0;1;3;3;2;999;2;2;1;1;999;999;1;1;1;1;2;2;1;1;3;3;2;3;1;1;0;0;1;0;4;995;995;995;995;995;995;995;995;995;995;995;995;995;995;2;995;995;995;995;995;995;995;995;4;2;0;0;0;1;0;0;3;2;995;4;1;1;2;1;1;999;2;2;2;2;2;999;1;2;4;999;1;;HACQUEVILLE;HACQUEVILLE;3;3;24;6;6;2;1;999;2;51;1;5;1;51;1;5;51;5;3;4;3;4;;;;;;
206;1;2;3;2;3;1;1;1;2;999;0;0;0;0;0;0;0;0;1;5;3;5;5;999;5;4;1;4;4;1;4;3;1;3;3;1;3;3;2;5;2;0;0;0;0;1;0;5;995;995;995;995;995;995;995;995;995;995;995;995;995;995;2;995;995;995;995;995;995;995;995;2;2;0;0;0;0;1;0;2;2;995;4;2;2;2;2;2;3;3;3;3;3;3;3;1;2;3;2;995;;EVREUX;EVREUX;2;1;3;997;997;997;1;999;1;36;1;4;1;38;1;4;36;4;2;2;1;1;;;;;;
207;1;2;2;2;1;1;1;1;2;1;1;0;1;1;1;0;0;0;1;3;2;2;5;3;2;1;1;3;4;1;1;2;2;1;3;2;2;3;3;3;3;1;0;0;1;0;0;3;995;995;995;995;995;995;995;995;995;995;995;995;995;995;2;995;995;995;995;995;995;995;995;3;2;0;0;0;1;0;0;2;2;995;4;2;1;2;1;2;3;2;2;2;2;2;3;1;2;3;1;6;;LE NEUBOURG;LENEUBOURG;3;2;18;4;1;997;1;999;2;43;1;6;1;48;1;6;48;6;3;3;2;4;;;;;;
208;1;2;2;1;1;1;1;1;1;2;0;0;0;0;0;0;0;0;2;3;2;1;5;5;2;4;1;2;4;4;2;2;2;2;3;2;2;2;2;1;2;0;1;0;0;1;0;4;995;995;995;995;995;995;995;995;995;995;995;995;995;995;2;995;995;995;995;995;995;995;995;3;1;0;0;0;1;0;0;1;2;995;4;2;2;2;2;2;2;2;2;2;2;2;2;1;2;3;1;1;;PINTERVILLE;PINTERVILLE;2;1;12;997;997;997;1;999;1;56;1;6;2;39;1;6;56;6;3;4;1;3;;;;;;
209;1;3;3;2;3;3;2;2;3;3;995;995;995;995;995;995;995;995;2;3;3;3;5;3;4;3;3;3;3;3;3;2;2;2;3;2;2;1;1;1;2;0;0;0;0;0;1;5;995;995;995;995;995;995;995;995;995;995;995;995;995;995;1;2;1;0;0;0;0;0;0;1;1;0;0;0;0;1;0;3;2;995;4;2;2;2;2;2;3;2;2;2;2;2;3;1;2;4;1;3;;EVREUX;EVREUX;2;3;16;2;997;997;1;2;2;41;1;5;1;43;1;3;43;3;1;3;3;3;;;;;;
210;1;2;2;1;1;1;1;1;1;1;0;0;1;1;1;1;0;1;1;5;5;5;5;3;5;4;1;4;4;3;3;3;1;3;3;2;2;4;4;5;3;1;1;1;0;0;0;4;995;995;995;995;995;995;995;995;995;995;995;995;995;995;2;995;995;995;995;995;995;995;995;999;1;0;0;1;0;0;0;1;2;995;4;1;1;1;1;1;1;2;2;2;2;2;2;1;2;4;1;2;;CRIQUEBEUF LA CAMPAGNE;CRIQUEBEUFLACAMPAGNE;3;1;2;997;997;997;1;999;1;38;1;6;2;32;1;6;38;6;3;2;1;1;;;;;;
211;1;2;2;1;1;1;1;1;1;1;1;0;0;1;0;0;1;0;2;999;1;999;999;999;1;999;1;999;999;999;1;999;1;999;1;999;1;3;3;2;2;0;1;1;0;1;0;2;1;0;0;0;0;0;0;0;0;0;0;1;0;0;2;995;995;995;995;995;995;995;995;2;2;0;0;0;0;0;0;2;2;995;4;999;1;999;1;1;999;999;999;999;999;999;999;1;2;4;1;4;;FOURGES;FOURGES;3;1;20;6;997;997;1;999;2;48;1;5;1;52;1;5;52;5;3;4;1;4;;;;;;
212;1;1;2;1;1;1;2;2;1;1;0;0;1;1;0;0;1;0;2;2;2;2;5;2;5;1;1;3;4;1;3;2;1;2;3;2;2;4;4;5;3;1;0;0;0;1;0;5;995;995;995;995;995;995;995;995;995;995;995;995;995;995;2;995;995;995;995;995;995;995;995;3;2;0;0;0;0;1;0;3;2;995;2;2;2;2;2;2;3;2;2;2;2;3;3;1;2;4;1;1;;ST PIERRE DE BAILLEUL;STPIERREDEBAILLEUL;3;3;18;3;997;997;1;999;2;43;1;5;1;48;1;4;48;4;2;3;3;4;;;;;;
213;1;2;2;2;1;1;1;1;2;1;0;1;1;0;0;0;1;0;1;2;2;3;2;2;2;2;1;1;3;1;1;1;1;2;1;1;1;3;2;1;3;0;0;0;0;1;0;4;995;995;995;995;995;995;995;995;995;995;995;995;995;995;2;995;995;995;995;995;995;995;995;999;2;0;0;0;1;0;0;2;2;995;4;2;2;2;2;2;3;999;999;999;999;999;999;1;1;3;999;999;;999;999;999;3;20;6;6;5;1;999;2;55;1;5;1;58;1;4;58;4;2;4;3;4;;;;;;
214;1;2;2;2;1;1;2;2;1;1;1;0;0;1;1;0;0;0;2;5;2;1;5;2;1;4;1;1;4;1;4;3;1;1;3;1;3;3;3;2;3;0;0;0;1;0;0;5;995;995;995;995;995;995;995;995;995;995;995;995;995;995;2;995;995;995;995;995;995;995;995;4;2;0;0;0;1;0;0;3;2;995;3;2;2;1;1;1;3;2;2;2;2;3;3;1;2;3;1;2;;ECOVIS;ECOVIS;3;2;6;997;997;997;1;999;2;38;1;5;1;37;1;5;37;5;3;2;2;2;;;;;;
215;1;2;2;2;1;1;2;2;1;1;1;0;0;0;0;0;0;0;2;5;3;2;5;2;2;4;3;3;3;3;3;3;2;2;2;2;2;4;4;2;3;0;0;0;0;1;0;4;995;995;995;995;995;995;995;995;995;995;995;995;995;995;2;995;995;995;995;995;995;995;995;3;2;0;0;0;0;1;0;3;2;995;4;2;2;2;2;2;3;2;2;2;2;2;3;1;2;3;4;995;;PONT AUDEMER;PONTAUDEMER;2;2;15;1;997;997;1;1;2;39;1;5;1;41;1;6;41;6;3;3;2;3;;;;;;
216;1;2;3;2;1;3;1;2;1;3;995;995;995;995;995;995;995;995;2;5;3;3;5;3;5;4;3;3;4;3;4;3;2;2;3;2;3;2;2;5;3;0;0;0;0;1;0;4;995;995;995;995;995;995;995;995;995;995;995;995;995;995;2;995;995;995;995;995;995;995;995;4;2;0;0;0;1;0;0;2;2;995;4;2;2;2;2;2;3;2;2;2;3;3;3;1;2;3;2;995;;CHARLEVAL;CHARLEVAL;3;1;4;997;997;997;1;2;2;30;1;5;1;33;1;6;33;6;3;2;1;1;;;;;;
217;1;2;2;1;1;1;1;1;1;1;1;0;1;1;1;0;0;0;1;3;1;2;5;2;2;3;1;1;4;1;3;2;1;1;3;1;1;2;3;2;2;1;1;0;1;0;0;4;995;995;995;995;995;995;995;995;995;995;995;995;995;995;2;995;995;995;995;995;995;995;995;3;2;0;0;0;0;1;0;3;2;995;3;2;2;2;2;2;3;2;2;2;2;3;3;1;2;4;1;4;;ETREPAGNY;ETREPAGNY;3;2;7;997;997;997;1;2;2;32;1;5;1;31;1;5;31;5;3;2;2;2;;;;;;
218;1;1;3;2;1;1;1;1;1;1;1;0;1;1;1;0;0;0;1;2;2;2;5;5;5;3;1;3;4;4;4;1;1;1;3;3;3;4;4;5;3;1;0;1;1;0;0;3;995;995;995;995;995;995;995;995;995;995;995;995;995;995;2;2;0;0;0;0;0;0;0;4;2;0;0;0;0;1;0;2;2;995;4;2;1;1;1;1;3;999;999;999;999;999;999;1;2;4;1;5;;CHAMPIGNY LA FUTELAYE;CHAMPIGNYLAFUTELAYE;3;2;22;6;997;997;1;999;2;44;1;5;1;46;1;5;46;5;3;3;2;4;;;;;;
219;1;2;3;3;3;3;2;2;3;3;995;995;995;995;995;995;995;995;2;4;4;3;3;3;3;3;3;3;3;3;3;2;2;2;999;2;2;3;3;1;3;0;0;0;0;1;0;5;995;995;995;995;995;995;995;995;995;995;995;995;995;995;2;995;995;995;995;995;995;995;995;3;2;0;0;0;0;1;0;3;2;995;3;2;2;2;2;2;2;2;2;2;2;2;3;1;2;3;4;995;;BOSC BENARD COMMIN;BOSCBENARDCOMMIN;3;2;12;1;997;997;1;999;1;40;1;5;2;38;1;3;40;5;3;3;2;3;;;;;;
220;1;1;2;2;1;1;2;2;2;1;1;0;0;0;0;1;0;0;2;5;3;2;2;3;3;3;3;3;3;3;3;2;2;2;1;1;2;2;3;5;3;1;1;0;0;0;0;2;1;0;0;0;0;0;1;0;0;0;0;0;0;0;2;995;995;995;995;995;995;995;995;3;2;1;0;0;0;0;0;2;2;995;3;999;999;999;999;999;999;2;2;2;2;2;2;1;2;3;1;4;;BREVILPONT;BREVILPONT;3;2;23;6;5;997;1;999;2;47;1;5;1;47;1;3;47;3;1;3;2;4;;;;;;
221;1;1;2;1;1;1;1;1;1;1;1;1;1;1;0;0;0;0;2;2;3;3;2;2;2;1;1;3;3;1;1;1;2;1;1;2;2;4;3;5;3;0;1;1;1;0;0;5;995;995;995;995;995;995;995;995;995;995;995;995;995;995;2;995;995;995;995;995;995;995;995;4;2;0;0;0;1;0;0;2;1;4;3;1;1;1;1;1;3;999;999;999;999;999;999;1;2;4;1;4;;THUIT HEBERT;THUITHEBERT;3;2;18;5;2;997;1;2;2;45;1;5;1;43;1;5;43;5;3;3;2;4;;;;;;
222;1;2;2;2;2;2;1;1;1;2;0;0;0;0;0;0;0;0;2;3;3;3;3;2;2;3;3;2;2;2;2;1;1;1;1;1;2;3;2;5;3;0;1;1;0;1;0;3;995;995;995;995;995;995;995;995;995;995;995;995;995;995;2;995;995;995;995;995;995;995;995;3;2;0;0;0;1;0;0;3;2;995;4;2;2;1;1;2;3;2;2;2;2;2;3;1;2;4;1;6;;BEUZEVILLE;BEUZEVILLE;3;3;16;2;997;997;1;1;2;35;1;5;1;35;1;5;35;5;3;2;3;3;;;;;;
223;1;2;2;2;1;1;1;1;2;1;1;0;1;1;0;0;0;0;1;1;2;2;2;1;4;3;3;3;3;1;3;1;1;1;1;1;1;3;1;4;3;1;1;1;0;0;0;5;995;995;995;995;995;995;995;995;995;995;995;995;995;995;2;995;995;995;995;995;995;995;995;4;2;0;1;0;0;0;0;3;999;999;4;2;1;1;1;1;3;2;2;2;2;2;3;1;2;2;4;995;;ST BENOIST DES OMBRES;STBENOISTDESOMBRES;3;3;13;1;1;997;1;999;2;38;1;5;1;42;1;5;42;5;3;3;3;3;;;;;;
224;1;1;2;1;1;1;2;2;1;1;1;0;0;0;0;0;0;1;1;5;2;3;5;2;2;4;1;3;4;3;3;3;1;2;3;2;2;2;3;5;2;0;0;1;0;1;0;5;995;995;995;995;995;995;995;995;995;995;995;995;995;995;2;995;995;995;995;995;995;995;995;3;2;0;0;0;1;0;0;2;2;995;3;2;2;1;1;2;3;2;2;2;2;2;3;1;2;3;1;3;;VAL DE REUIL;VALDEREUIL;2;3;9;997;997;997;1;999;2;33;1;5;1;37;1;6;37;6;3;2;3;2;;;;;;
225;1;2;3;2;1;1;1;1;2;1;0;0;0;0;1;0;0;0;999;5;3;3;5;4;5;4;3;2;4;3;4;3;1;1;3;1;3;2;2;2;3;0;0;0;0;1;0;4;995;995;995;995;995;995;995;995;995;995;995;995;995;995;2;995;995;995;995;995;995;995;995;999;1;0;0;0;1;0;0;2;2;995;3;2;1;2;2;3;3;2;2;2;2;3;3;1;2;3;1;1;;GASNY;GASNY;3;1;9;997;997;997;1;999;2;39;1;6;1;41;1;5;41;5;3;3;1;2;;;;;;
226;1;2;3;2;1;1;2;2;2;1;1;1;1;1;0;0;0;0;2;5;2;2;5;2;2;3;1;1;3;1;3;2;1;1;2;1;2;3;3;5;3;0;1;1;0;1;0;4;995;995;995;995;995;995;995;995;995;995;995;995;995;995;2;995;995;995;995;995;995;995;995;2;2;0;0;0;1;0;0;3;2;995;4;2;2;1;1;1;2;2;2;2;2;2;2;1;1;2;2;995;;FONTAINE BELLENGER;FONTAINEBELLENGER;3;2;15;2;997;997;1;999;2;39;1;5;1;41;1;6;41;6;3;3;2;3;;;;;;
227;1;2;3;2;1;1;1;1;2;1;1;0;1;0;0;0;0;0;2;3;2;2;5;2;2;3;1;3;4;1;1;2;2;1;3;2;2;3;3;2;3;0;0;0;0;1;0;5;995;995;995;995;995;995;995;995;995;995;995;995;995;995;1;2;1;0;0;0;0;0;0;2;1;1;0;0;0;0;0;3;2;995;4;2;2;2;1;2;3;2;2;2;2;2;3;1;2;3;1;1;;ST PIERRE DE VAUVRAY;STPIERREDEVAUVRAY;2;3;9;997;997;997;1;999;2;41;1;5;1;39;1;4;39;4;2;2;3;2;;;;;;
228;1;1;2;2;1;1;1;2;1;1;1;0;1;1;0;0;0;0;2;2;2;2;2;3;3;1;2;2;2;3;3;2;2;2;2;2;2;4;3;5;3;1;0;1;0;1;0;5;995;995;995;995;995;995;995;995;995;995;995;995;995;995;2;995;995;995;995;995;995;995;995;3;1;0;0;0;1;0;0;2;2;995;4;3;3;3;3;3;3;3;3;3;3;3;3;1;2;4;2;995;;GAILLON;GAILLON;2;1;14;997;997;997;1;999;2;39;1;5;1;34;1;5;34;5;3;2;1;3;;;;;;
229;1;1;1;1;1;1;1;1;1;1;1;0;0;0;0;0;0;0;1;1;1;1;1;1;1;1;1;1;1;1;1;1;1;1;1;1;1;4;1;4;3;1;0;0;1;0;0;4;995;995;995;995;995;995;995;995;995;995;995;995;995;995;2;995;995;995;995;995;995;995;995;3;2;0;1;0;0;0;0;3;2;995;4;1;1;1;1;1;1;2;2;2;2;2;2;1;2;4;1;1;;VERNON;VERNON;2;2;2;997;997;997;1;999;2;22;1;5;1;26;1;5;26;5;3;1;2;1;;;;;;
230;1;3;3;3;1;1;2;1;2;3;995;995;995;995;995;995;995;995;2;2;2;3;3;5;2;2;2;2;4;4;2;2;2;2;3;3;3;2;3;3;2;0;0;0;0;0;1;4;995;995;995;995;995;995;995;995;995;995;995;995;995;995;2;995;995;995;995;995;995;995;995;3;2;0;0;0;1;0;0;3;2;995;2;2;2;2;2;2;2;999;999;999;999;999;999;1;2;4;4;995;;LOUVERSEY;LOUVERSEY;3;1;13;1;997;997;1;999;2;40;1;5;1;43;1;2;43;2;1;3;1;3;;;;;;
231;1;2;1;2;2;3;2;2;1;2;0;0;0;0;0;0;0;0;2;3;2;2;1;3;2;3;1;2;2;3;2;2;1;2;2;2;2;3;3;5;3;0;0;1;1;0;0;5;995;995;995;995;995;995;995;995;995;995;995;995;995;995;2;995;995;995;995;995;995;995;995;2;1;0;0;0;1;0;0;2;2;995;2;2;2;2;2;2;3;2;2;2;2;2;3;1;2;3;2;995;;ST ANDRE DE L'EURE;STANDREDELEURE;3;2;17;2;997;997;1;999;2;42;1;5;1;50;1;6;50;6;3;4;2;3;;;;;;
232;1;2;2;2;1;1;1;1;2;1;1;1;0;0;0;0;0;0;2;5;3;2;2;2;2;3;3;3;3;3;3;2;2;2;2;2;2;3;2;2;3;0;0;1;1;0;0;5;995;995;995;995;995;995;995;995;995;995;995;995;995;995;2;995;995;995;995;995;995;995;995;999;1;0;0;0;0;1;0;3;2;995;4;2;2;2;1;3;3;2;2;2;2;3;3;1;2;4;2;995;;CESSEVILLE;CESSEVILLE;3;1;13;1;997;997;1;999;1;38;1;5;2;37;1;5;38;5;3;2;1;3;;;;;;
233;1;2;1;2;1;2;2;2;2;1;1;0;1;0;0;0;0;0;1;3;3;2;5;2;1;1;1;2;4;1;2;2;1;1;3;1;2;3;4;5;3;0;0;0;1;1;0;1;999;995;995;995;995;995;995;995;995;995;995;995;995;995;1;2;1;0;0;0;0;0;0;4;2;0;0;0;1;0;0;2;2;995;4;2;2;2;2;2;3;2;2;2;2;2;3;1;2;4;2;995;;PONT AUDEMER;PONTAUDEMER;2;4;24;997;997;997;1;2;1;46;1;6;2;44;2;8;46;6;3;3;4;4;;;;;;
234;1;2;3;1;3;1;2;1;2;1;1;0;1;0;0;0;0;0;2;3;2;2;2;2;2;3;1;1;3;1;3;1;1;1;2;1;2;2;3;2;3;1;0;0;1;0;0;5;995;995;995;995;995;995;995;995;995;995;995;995;995;995;2;995;995;995;995;995;995;995;995;4;1;0;0;0;0;0;1;1;2;995;2;2;2;2;2;2;2;2;2;2;2;2;3;1;2;4;4;995;;BERENGEVILLE LA CAMPAGNE;BERENGEVILLELACAMPAGNE;3;3;18;6;997;997;1;1;2;41;1;6;1;33;1;6;33;6;3;2;3;4;;;;;;
235;1;2;2;2;1;1;2;2;2;1;1;1;0;0;0;0;0;0;2;999;999;999;999;999;999;999;999;999;999;999;999;999;999;999;999;999;999;2;2;2;2;0;0;0;1;1;0;4;995;995;995;995;995;995;995;995;995;995;995;995;995;995;2;995;995;995;995;995;995;995;995;3;2;0;0;0;0;0;0;3;2;995;2;2;2;2;2;2;3;999;999;999;999;999;999;1;2;4;2;995;;BERNAY;BERNAY;2;2;24;6;6;997;1;999;2;51;1;5;1;52;1;6;52;6;3;4;2;4;;;;;;
236;1;2;3;3;1;1;1;1;2;1;0;1;1;1;1;0;0;0;1;1;1;1;5;4;4;1;1;1;3;3;1;1;1;1;3;2;1;3;3;3;3;0;0;0;1;0;0;2;995;995;995;995;995;995;995;995;995;995;995;995;995;995;2;995;995;995;995;995;995;995;995;3;2;0;0;0;0;1;0;2;2;995;999;2;2;2;1;1;3;2;2;2;2;2;3;1;2;3;4;995;;VRAIVILLE;VRAIVILLE;3;2;12;997;997;997;1;999;2;40;1;6;1;41;1;6;41;6;3;3;2;3;;;;;;
237;1;1;3;2;3;999;2;1;1;1;0;0;0;1;1;1;0;0;1;3;2;2;5;3;2;3;1;3;4;4;3;2;1;1;3;3;1;3;3;5;2;1;0;0;1;1;0;1;1;0;0;0;0;0;0;0;1;0;0;0;0;0;2;995;995;995;995;995;995;995;995;1;2;0;0;1;0;0;0;1;1;4;1;2;1;2;1;2;3;2;2;2;2;2;3;1;2;4;1;4;;STE OPPORTUNE DU BOSC;STEOPPORTUNEDUBOSC;3;3;15;2;997;997;1;2;2;37;1;6;1;39;1;6;39;6;3;2;3;3;;;;;;
238;1;1;1;3;2;1;1;1;1;1;1;0;1;1;0;0;0;0;1;3;3;2;5;3;5;3;3;2;4;3;4;1;1;1;3;1;3;2;3;5;2;0;0;0;0;1;0;3;995;995;995;995;995;995;995;995;995;995;995;995;995;995;2;995;995;995;995;995;995;995;995;3;2;0;0;0;0;0;1;1;2;995;4;2;999;1;2;1;3;2;3;2;2;2;3;1;2;3;2;995;;PONT AUDEMER;PONTAUDEMER;2;2;11;6;997;997;1;999;2;47;1;6;1;51;1;2;51;2;1;4;2;2;;;;;;
239;1;1;2;1;1;1;2;2;1;1;1;0;0;1;1;0;0;0;2;3;2;2;5;2;3;4;2;2;4;2;2;2;2;2;3;2;2;2;3;2;2;0;1;0;0;1;0;2;1;0;0;0;0;0;0;0;0;0;0;1;0;0;2;995;995;995;995;995;995;995;995;3;2;1;0;0;0;0;0;1;2;995;2;2;2;1;2;2;3;2;2;2;2;2;3;1;2;3;1;4;;st georges de vievre;STGEORGESDEVIEVRE;3;3;14;1;997;997;1;999;2;40;1;5;1;54;1;6;54;6;3;4;3;3;;;;;;
240;1;1;2;1;3;2;2;2;1;1;0;0;0;1;0;0;0;0;2;3;1;1;2;3;1;3;2;2;2;3;2;1;2;2;2;1;2;3;3;5;2;1;1;0;1;0;0;1;2;0;0;0;0;0;0;0;0;0;0;0;0;0;2;995;995;995;995;995;995;995;995;4;2;0;0;0;1;0;0;2;2;995;4;2;2;2;2;1;2;999;999;999;999;999;999;1;2;3;1;1;;BERNIEUVILLE;BERNIEUVILLE;3;3;16;2;1;997;1;999;2;38;1;5;1;37;1;6;37;6;3;2;3;3;;;;;;
241;1;999;999;999;999;999;999;999;2;1;1;1;0;0;0;1;0;0;999;5;999;2;5;1;999;4;1;999;4;3;999;3;999;999;3;999;999;2;999;999;999;0;0;0;0;0;0;999;995;0;0;0;0;0;0;0;0;0;0;0;0;0;999;999;995;995;995;995;995;995;995;999;999;0;0;0;0;0;0;2;999;999;4;2;2;2;2;999;3;2;2;2;2;3;3;1;2;999;999;999;;ROUVRAY;ROUVRAY;3;2;7;997;997;997;1;2;2;35;1;5;1;35;1;5;35;5;3;2;2;2;;;;;;
242;1;1;2;1;1;1;1;1;1;1;1;1;1;1;1;0;0;0;1;2;3;2;1;1;1;1;1;3;1;1;1;1;1;2;1;1;1;3;4;5;3;0;1;0;0;1;0;5;995;0;0;0;0;0;0;0;0;0;0;0;0;0;2;995;995;995;995;995;995;995;995;3;2;0;1;0;0;0;0;3;999;999;4;2;1;1;2;3;3;2;2;2;2;3;3;1;2;4;1;1;;ST SYLVESTRE DE CORMEILLES;STSYLVESTREDECORMEILLES;3;1;3;997;997;997;1;2;2;38;1;5;1;46;1;6;46;6;3;3;1;1;;;;;;
243;1;2;2;2;1;1;1;1;3;1;1;1;0;1;1;0;0;0;2;2;2;1;2;2;2;1;1;1;1;1;1;1;1;1;1;1;1;4;3;2;3;0;0;1;0;1;0;5;995;0;0;0;0;0;0;0;0;0;0;0;0;0;2;995;995;995;995;995;995;995;995;3;2;0;1;0;0;0;0;2;2;995;2;1;1;1;1;1;3;2;2;2;2;2;3;1;2;3;999;999;;DOUDEAUVILLE EN VEXIN;DOUDEAUVILLEENVEXIN;3;3;9;997;997;997;1;999;2;34;1;5;1;34;1;5;34;5;3;2;3;2;;;;;;
244;1;2;1;1;3;3;1;1;2;3;995;995;995;995;995;995;995;995;1;2;3;2;1;2;2;3;1;1;1;3;3;2;1;1;2;2;2;3;3;5;3;0;0;1;0;0;0;3;995;995;995;995;995;995;995;995;995;995;995;995;995;995;2;995;995;995;995;995;995;995;995;3;2;0;0;0;1;0;0;3;2;995;2;2;2;2;2;2;2;2;2;2;2;2;3;1;2;3;1;4;;BOURGTHEROULDE INFREVILLE;BOURGTHEROULDEINFREVILLE;3;3;23;6;5;1;1;2;2;45;1;5;1;53;1;3;53;3;1;4;3;4;;;;;;
245;1;2;2;2;1;1;2;2;2;2;0;0;0;0;0;0;0;0;1;5;3;3;5;3;3;999;3;3;4;3;3;2;1;1;1;2;1;3;3;5;2;0;1;1;0;1;0;3;995;995;995;995;995;995;995;995;995;995;995;995;995;995;2;995;995;995;995;995;995;995;995;4;2;0;0;0;1;0;0;3;2;995;4;2;2;1;2;2;3;2;2;2;2;2;3;1;2;3;1;4;;ETREPAGNY;ETREPAGNY;3;2;13;1;997;997;1;1;2;38;1;5;1;28;1;5;28;5;3;1;2;3;;;;;;
246;1;2;3;2;3;1;2;2;3;1;1;0;0;1;1;0;0;0;2;4;4;4;4;4;4;3;3;1;3;3;3;2;1;2;2;2;2;1;2;5;2;0;0;0;0;1;0;5;995;995;995;995;995;995;995;995;995;995;995;995;995;995;2;995;995;995;995;995;995;995;995;2;2;0;0;0;0;1;0;3;2;995;2;2;2;2;2;2;2;2;2;2;2;2;2;1;2;3;2;995;;LE FIDELAIRE;LEFIDELAIRE;3;1;3;997;997;997;1;999;2;31;1;5;1;35;1;5;35;5;3;2;1;1;;;;;;
247;1;2;2;2;1;1;2;2;2;1;1;0;1;1;0;0;0;0;2;2;2;3;1;5;1;3;1;3;1;4;3;1;1;1;1;3;2;3;3;3;3;0;1;1;1;0;0;5;995;995;995;995;995;995;995;995;995;995;995;995;995;995;1;1;995;995;995;995;995;995;995;999;2;0;1;0;0;0;0;3;2;995;2;1;1;2;1;1;3;2;2;2;2;2;3;1;1;3;999;3;;BERNIENVILLE;BERNIENVILLE;3;4;24;6;5;4;1;999;2;51;1;5;1;52;1;6;52;6;3;4;4;4;;;;;;
248;1;1;2;1;1;1;2;2;1;1;0;0;1;1;0;0;0;1;2;5;3;4;5;4;5;4;1;3;4;3;4;3;2;1;3;1;3;3;3;3;2;0;0;1;0;1;0;4;995;995;995;995;995;995;995;995;995;995;995;995;995;995;2;995;995;995;995;995;995;995;995;2;1;0;1;0;0;0;0;2;2;995;1;2;2;2;1;1;3;2;2;2;3;3;3;1;2;3;4;995;;ST PIERRE DU BOSGUERARD;STPIERREDUBOSGUERARD;3;2;7;997;997;997;1;999;2;34;1;5;1;36;1;5;36;5;3;2;2;2;;;;;;
249;1;2;2;2;1;1;2;2;3;1;0;0;0;1;0;0;0;1;1;5;2;2;5;3;3;4;1;1;4;3;3;3;1;1;3;2;2;3;3;5;2;0;1;0;1;0;0;4;995;995;995;995;995;995;995;995;995;995;995;995;995;995;2;995;995;995;995;995;995;995;995;2;2;1;0;0;0;0;0;2;2;995;4;2;2;2;1;2;2;2;2;2;1;3;3;1;2;2;1;4;;BOIS JEROME SAINT OUEN;BOISJEROMESAINTOUEN;3;3;20;6;2;1;1;999;2;43;1;5;1;44;1;4;44;4;2;3;3;4;;;;;;
250;1;1;2;1;1;1;2;2;1;1;1;1;1;1;0;0;0;0;2;5;1;1;5;5;1;4;1;1;4;4;1;3;1;1;3;3;1;4;4;4;3;0;1;1;0;1;0;4;995;995;995;995;995;995;995;995;995;995;995;995;995;995;2;995;995;995;995;995;995;995;995;3;1;0;1;0;0;0;0;1;2;995;4;1;1;1;1;1;3;1;1;1;3;1;3;1;2;4;1;2;;GASNY;GASNY;3;2;4;997;997;997;1;999;2;31;1;6;1;29;1;6;29;6;3;1;2;1;;;;;;
251;1;2;2;3;1;3;1;2;2;1;1;1;0;0;1;0;0;0;2;2;3;2;2;3;3;3;1;1;1;1;3;2;1;1;2;1;2;4;3;2;2;1;0;0;0;0;0;5;995;995;995;995;995;995;995;995;995;995;995;995;995;995;2;995;995;995;995;995;995;995;995;3;1;0;0;0;0;1;0;3;2;995;4;3;2;2;2;2;2;2;2;2;999;2;2;1;2;4;999;999;;LE NEUBOURG;LENEUBOURG;3;2;17;3;1;997;1;999;1;43;1;5;2;41;1;5;43;5;3;3;2;3;;;;;;
252;1;1;2;1;3;1;2;1;1;1;1;0;0;1;0;0;0;0;2;1;1;1;1;1;1;2;1;2;2;1;1;1;1;1;1;1;1;3;3;1;3;0;0;1;1;0;0;5;995;995;995;995;995;995;995;995;995;995;995;995;995;995;2;995;995;995;995;995;995;995;995;4;2;0;0;0;1;0;0;1;1;1;4;2;2;2;2;1;2;2;2;2;2;2;2;1;2;4;1;4;;VILLERS SUR LE ROULE;VILLERSSURLEROULE;2;2;24;6;5;997;1;2;1;50;1;5;2;51;1;6;50;5;3;4;2;4;;;;;;
253;1;2;2;1;3;1;2;1;2;3;995;995;995;995;995;995;995;995;1;5;1;1;5;5;5;4;1;4;4;4;4;3;1;2;3;3;3;4;4;4;3;1;0;1;1;0;0;2;995;995;995;995;995;995;995;995;995;995;995;995;995;995;999;1;995;995;995;995;995;995;995;999;2;0;0;0;0;0;1;3;2;995;3;2;1;1;1;2;3;2;1;1;3;3;3;1;2;4;4;995;;coudres;COUDRES;3;3;4;997;997;997;1;999;1;35;1;5;2;29;1;5;35;5;3;2;3;1;;;;;;
254;1;2;3;2;1;1;2;2;2;1;1;1;0;1;1;0;0;1;1;2;2;3;5;3;3;1;1;3;4;3;1;2;1;2;3;2;1;3;3;5;3;0;1;1;0;1;0;3;995;995;995;995;995;995;995;995;995;995;995;995;995;995;2;995;995;995;995;995;995;995;995;1;2;0;0;0;0;1;0;2;999;999;4;2;2;2;2;2;3;2;2;2;2;2;3;1;2;3;4;995;;AUBEVOYE;AUBEVOYE;2;2;12;997;997;997;1;999;2;43;1;5;1;43;1;5;43;5;3;3;2;3;;;;;;
255;1;2;3;2;1;1;2;2;3;1;1;1;0;0;0;0;1;0;2;5;4;4;5;4;4;4;1;3;4;3;3;3;1;999;3;999;999;3;3;2;3;0;0;1;1;1;0;2;1;0;0;0;0;1;0;0;0;0;0;0;0;0;2;995;995;995;995;995;995;995;995;3;1;0;0;0;1;0;0;2;999;999;4;2;2;2;1;2;3;2;2;2;2;3;3;1;2;4;1;4;;ALIZAY;ALIZAY;2;2;7;997;997;997;1;2;1;35;1;5;2;31;1;5;35;5;3;2;2;2;;;;;;
256;1;2;3;2;3;1;1;1;1;1;1;0;0;1;0;0;0;0;1;5;2;2;2;2;2;3;3;3;3;3;3;1;1;1;1;1;1;2;3;5;3;0;0;1;0;1;0;5;995;995;995;995;995;995;995;995;995;995;995;995;995;995;2;995;995;995;995;995;995;995;995;4;2;0;0;0;1;0;0;2;2;995;2;2;2;2;1;2;2;999;999;999;999;999;999;1;999;4;2;995;;MARCILLY LA CAMPAGNE;MARCILLYLACAMPAGNE;3;2;15;2;997;997;1;2;2;38;1;6;1;39;1;6;39;6;3;2;2;3;;;;;;
257;1;1;2;2;1;1;2;1;1;1;1;1;1;1;0;0;0;0;1;1;2;1;1;3;1;2;2;2;2;3;2;1;1;1;1;1;1;4;3;3;3;0;1;1;0;1;0;1;1;1;0;0;0;0;0;0;0;0;0;0;0;0;2;995;995;995;995;995;995;995;995;2;2;0;1;0;0;0;0;3;1;1;4;1;1;1;1;1;3;2;2;2;2;2;2;1;2;4;1;1;;EVREUX;EVREUX;2;2;18;5;1;997;1;999;1;52;1;5;2;44;1;5;52;5;3;4;2;4;;;;;;
258;1;2;3;2;1;1;2;1;1;1;0;1;1;1;0;0;0;0;1;5;2;1;5;3;2;4;1;1;4;3;1;3;1;1;3;2;2;3;2;5;3;1;0;0;1;0;0;3;995;995;995;995;995;995;995;995;995;995;995;995;995;995;2;995;995;995;995;995;995;995;995;4;2;0;1;0;0;0;0;2;2;995;2;2;2;2;2;2;3;2;2;2;2;2;3;1;2;3;4;995;;FONTAINE-HEUDEBOURG;FONTAINEHEUDEBOURG;3;2;14;997;997;997;1;2;2;41;1;5;1;48;1;3;48;3;1;3;2;3;;;;;;
259;1;2;2;2;1;1;1;1;2;1;0;1;0;0;1;0;1;0;1;2;2;2;2;3;3;3;3;3;3;3;3;1;1;1;1;1;1;3;2;1;3;0;0;0;0;1;0;5;995;995;995;995;995;995;995;995;995;995;995;995;995;995;2;995;995;995;995;995;995;995;995;3;2;0;0;0;0;1;0;3;2;995;4;2;2;2;2;2;3;2;2;2;2;2;3;1;2;4;4;995;;LE VAL DAVID;LEVALDAVID;3;4;;6;6;6;1;2;1;59;2;7;2;55;1;6;59;7;4;4;4;1;;;;;;
260;1;1;2;2;1;1;1;1;2;3;995;995;995;995;995;995;995;995;2;5;3;3;5;2;4;4;1;2;4;2;3;3;1;1;3;2;2;3;3;2;3;0;0;0;0;1;0;5;995;995;995;995;995;995;995;995;995;995;995;995;995;995;2;995;995;995;995;995;995;995;995;3;1;0;1;0;0;0;0;999;999;999;4;2;2;2;2;2;3;2;999;2;2;2;3;1;2;4;1;3;;VAL DE REUIL;VALDEREUIL;2;3;9;997;997;997;1;1;2;32;1;5;1;46;1;6;46;6;3;3;3;2;;;;;;
261;1;2;1;2;1;1;1;1;2;1;0;1;1;0;0;0;0;0;1;3;2;2;5;2;3;3;1;3;4;3;3;2;1;2;3;2;1;1;2;2;2;0;0;1;0;1;0;5;995;995;995;995;995;995;995;995;995;995;995;995;995;995;2;995;995;995;995;995;995;995;995;3;1;0;0;0;0;0;1;2;2;995;4;2;2;1;1;3;3;2;2;2;2;3;3;1;2;3;2;995;;CONDE SUR ITON;CONDESURITON;3;3;13;997;997;997;1;1;2;40;1;5;1;41;1;5;41;5;3;3;3;3;;;;;;
262;1;2;3;2;3;2;1;2;2;2;0;0;0;0;0;0;0;0;2;1;3;3;3;3;2;2;2;2;2;2;2;2;2;2;2;2;2;3;3;1;3;0;0;0;0;1;0;2;1;0;0;0;0;0;0;0;0;0;0;1;0;0;2;995;995;995;995;995;995;995;995;4;2;0;0;0;1;0;0;2;2;995;4;2;1;2;1;3;3;2;1;2;1;2;3;1;2;3;1;6;;HENNEZIS;HENNEZIS;3;2;14;1;997;997;1;2;2;43;1;5;1;43;1;5;43;5;3;3;2;3;;;;;;
263;1;2;3;1;3;3;2;1;1;1;0;1;0;1;1;0;0;0;2;2;3;5;5;5;5;3;3;4;4;4;4;1;2;3;3;3;3;3;3;5;3;1;0;0;0;1;0;2;2;995;995;995;995;995;995;995;995;995;995;995;995;995;2;995;995;995;995;995;995;995;995;3;2;0;1;0;0;0;0;2;2;995;2;2;2;2;2;1;3;2;2;2;3;3;3;1;2;4;4;995;;PULLAY;PULLAY;3;1;1;997;997;997;1;999;2;25;1;6;1;36;1;6;36;6;3;2;1;1;;;;;;
264;1;1;1;1;1;1;2;2;1;1;0;0;1;1;0;0;0;0;2;3;2;3;5;3;3;4;1;4;4;3;4;3;1;3;3;1;2;3;3;1;3;0;0;0;0;1;0;3;995;995;995;995;995;995;995;995;995;995;995;995;995;995;2;995;995;995;995;995;995;995;995;3;1;0;0;0;0;1;0;1;2;995;3;2;2;2;1;2;3;2;2;2;3;2;3;1;2;3;2;995;;BRETEVIL SUR ITON;BRETEVILSURITON;3;1;9;997;997;997;1;999;2;41;1;6;1;49;1;3;49;3;1;3;1;2;;;;;;
265;1;1;3;1;1;2;1;1;1;1;1;0;0;1;1;0;1;0;2;5;2;2;999;999;3;2;1;999;2;1;1;1;1;999;999;999;2;2;4;1;2;0;1;1;0;1;0;4;995;995;995;995;995;995;995;995;995;995;995;995;995;995;2;995;995;995;995;995;995;995;995;4;2;1;0;0;0;0;0;3;1;1;4;2;2;2;2;1;3;2;2;2;2;2;3;1;2;3;1;3;;HEUQUEVILLE;HEUQUEVILLE;3;4;;6;6;6;1;999;2;56;1;6;1;63;1;1;63;1;1;4;4;1;;;;;;
266;1;2;2;1;1;1;2;2;1;1;1;1;0;1;0;0;0;0;2;999;2;2;999;999;5;999;2;999;999;999;2;999;999;2;999;999;2;4;3;999;1;1;1;1;0;0;0;5;995;995;995;995;995;995;995;995;995;995;995;995;995;995;2;995;995;995;995;995;995;995;995;999;2;0;0;0;1;0;0;1;2;995;999;999;999;999;999;999;999;999;999;999;1;999;999;1;2;3;1;1;;EVREUX;EVREUX;2;1;13;997;997;997;1;999;1;47;1;6;2;32;1;6;47;6;3;3;1;3;;;;;;
267;1;1;1;3;1;1;2;1;1;1;1;0;1;1;0;0;0;0;1;5;2;5;5;5;3;4;1;4;4;4;3;3;1;3;3;3;2;3;4;3;1;1;0;0;1;0;0;3;995;995;995;995;995;995;995;995;995;995;995;995;995;995;2;995;995;995;995;995;995;995;995;999;999;0;0;0;0;0;0;999;999;999;999;999;999;999;999;999;999;999;999;999;999;999;999;999;999;999;1;2;;GAILLON;GAILLON;2;1;1;997;997;997;1;999;2;26;1;5;1;25;1;6;25;6;3;1;1;1;;;;;;
268;1;1;2;2;1;1;2;1;1;1;0;0;1;1;0;0;0;0;2;5;3;5;5;2;5;4;3;3;4;3;4;3;2;2;3;2;3;3;3;5;3;1;0;0;0;1;0;5;995;995;995;995;995;995;995;995;995;995;995;995;995;995;2;995;995;995;995;995;995;995;995;4;2;0;0;0;0;0;1;2;2;995;2;2;2;2;1;1;3;2;2;2;3;3;3;1;2;3;4;995;;ST VIGOR;STVIGOR;3;1;4;997;997;997;1;2;2;35;1;5;1;31;1;5;31;5;3;2;1;1;;;;;;
269;1;2;2;1;1;1;1;1;2;1;1;0;1;0;1;0;0;0;1;5;3;3;3;5;3;999;4;4;4;999;4;3;2;2;2;3;2;2;3;1;3;0;0;1;0;1;0;2;1;0;0;0;0;0;0;0;0;0;1;0;0;0;2;995;995;995;995;995;995;995;995;999;1;1;0;0;0;0;0;2;1;1;4;2;2;2;1;2;3;2;2;2;2;2;3;1;2;4;2;995;;CRIQUEBEUF SUR SEINE;CRIQUEBEUFSURSEINE;3;1;21;5;997;997;1;999;1;68;2;7;2;65;2;7;68;7;4;5;1;4;;;;;;
270;1;5;1;1;1;1;1;1;1;1;1;1;1;1;0;0;0;0;1;999;999;999;999;999;1;999;999;999;999;999;3;999;999;999;999;999;2;4;3;5;3;0;0;0;1;1;0;5;995;995;995;995;995;995;995;995;995;995;995;995;995;995;2;995;995;995;995;995;995;995;995;4;2;0;0;0;0;0;0;999;2;995;4;1;1;1;1;1;999;1;1;1;1;1;999;1;1;4;4;995;;MARTOT3;MARTOT3;3;3;24;997;997;997;1;999;2;55;1;6;1;57;1;5;57;5;3;4;3;4;;;;;;
271;1;2;2;2;1;3;1;2;1;1;1;1;1;1;0;1;0;0;1;4;3;2;5;5;5;4;1;4;4;4;4;3;1;3;3;3;3;3;3;5;2;0;0;0;0;1;0;5;995;995;995;995;995;995;995;995;995;995;995;995;995;995;2;995;995;995;995;995;995;995;995;2;2;0;0;0;0;0;1;2;2;995;3;2;2;2;2;1;999;2;2;2;2;999;999;1;2;3;2;995;;BARQUET;BARQUET;3;2;8;997;997;997;1;999;2;37;1;5;1;39;1;6;39;6;3;2;2;2;;;;;;
272;1;2;2;1;1;1;2;2;2;1;1;0;0;1;0;0;1;0;2;5;2;5;5;5;5;4;1;4;4;4;4;3;2;3;3;3;3;3;3;3;3;1;1;1;0;0;0;2;1;0;0;1;0;0;0;0;0;0;0;0;0;0;2;995;995;995;995;995;995;995;995;3;2;0;0;0;1;0;0;2;2;995;2;2;2;2;2;2;1;2;2;2;3;3;999;1;2;3;2;995;;CHAVIGNY BAILLEUL;CHAVIGNYBAILLEUL;3;1;2;997;997;997;1;2;2;33;1;5;1;38;1;6;38;6;3;2;1;1;;;;;;
273;1;2;1;2;1;1;2;1;2;1;0;1;0;1;0;1;0;0;1;999;999;999;999;999;999;999;999;999;999;999;999;999;999;999;999;999;999;3;2;999;3;0;0;1;0;0;0;5;995;995;995;995;995;995;995;995;995;995;995;995;995;995;2;995;995;995;995;995;995;995;995;999;2;0;0;0;0;0;0;999;999;999;4;1;1;2;2;1;1;2;2;2;2;2;3;1;2;4;4;995;;999;999;999;2;24;6;4;997;1;999;2;47;1;5;1;52;1;6;52;6;3;4;2;4;;;;;;
274;1;1;3;2;1;1;2;2;2;1;1;1;1;1;1;0;0;0;2;5;2;2;5;2;2;1;1;3;4;1;1;2;1;2;3;1;1;4;3;3;1;1;1;0;1;0;0;3;995;995;995;995;995;995;995;995;995;995;995;995;995;995;2;995;995;995;995;995;995;995;995;4;2;0;0;0;0;0;1;1;2;995;4;1;1;1;2;2;3;2;2;2;2;2;3;1;2;4;1;4;;FOURMETOT;FOURMETOT;3;2;10;997;997;997;1;999;2;31;1;5;1;31;1;6;31;6;3;2;2;2;;;;;;
275;1;1;2;1;1;1;2;1;2;1;1;1;1;1;0;0;1;0;1;5;2;3;5;3;5;4;1;3;4;3;4;3;2;2;3;2;3;3;4;3;3;1;0;1;0;1;0;5;995;995;995;995;995;995;995;995;995;995;995;995;995;995;2;995;995;995;995;995;995;995;995;4;2;1;0;0;0;0;0;2;2;995;4;2;3;2;1;1;2;2;2;2;2;3;3;1;2;4;1;2;;ORVAUX;ORVAUX;2;2;6;997;997;997;1;999;2;37;1;5;1;41;2;8;41;8;4;3;2;2;;;;;;
276;1;1;2;2;1;1;2;2;1;1;1;1;0;1;0;0;0;0;1;5;2;5;2;5;5;1;1;4;4;1;1;1;1;3;3;3;1;3;4;3;3;1;0;0;0;0;0;2;1;0;0;1;0;0;0;0;0;0;0;0;0;0;2;995;995;995;995;995;995;995;995;1;1;0;0;0;0;1;0;2;2;995;4;2;2;2;2;1;3;2;2;2;2;3;3;1;2;3;1;7;Crèche, garderie car manque beaucoup de structure pour faire garder les enfants en bas âge;EVREUX;EVREUX;2;2;2;997;997;997;1;999;1;45;1;5;2;31;2;8;45;5;3;3;2;1;;;;;;
277;1;1;2;2;1;1;1;1;1;1;1;0;1;0;0;0;0;0;1;5;2;2;5;2;2;4;1;3;4;1;1;3;1;1;3;1;1;3;3;3;3;0;0;0;1;1;0;2;1;0;0;0;0;0;0;0;0;0;1;0;0;0;2;995;995;995;995;995;995;995;995;3;2;0;0;0;0;0;0;2;2;995;3;2;2;1;1;1;3;2;2;2;2;2;3;1;2;4;3;995;;MANNEVILLE SUR RISLE;MANNEVILLESURRISLE;3;1;14;997;997;997;1;999;2;42;1;5;1;57;1;5;57;5;3;4;1;3;;;;;;
278;1;4;2;2;3;2;1;2;1;1;1;1;0;1;0;0;0;0;2;1;1;2;2;2;2;3;1;1;1;1;1;2;2;2;2;2;2;3;3;1;1;1;1;0;1;0;0;5;995;995;995;995;995;995;995;995;995;995;995;995;995;995;1;2;0;0;1;0;0;1;0;2;1;0;0;0;1;0;0;2;2;995;4;2;1;2;1;1;3;2;2;2;2;2;3;1;2;4;1;1;;AVIRON;AVIRON;2;3;13;997;997;997;1;999;1;41;1;5;1;41;1;5;41;5;3;3;3;3;;;;;;
279;1;3;3;1;3;3;1;1;3;1;0;1;1;1;1;0;0;0;1;2;2;2;5;1;2;2;1;2;4;2;1;2;2;2;3;2;2;3;3;5;3;1;1;0;1;0;0;5;995;995;995;995;995;995;995;995;995;995;995;995;995;995;2;995;995;995;995;995;995;995;995;4;1;0;0;1;0;0;0;1;2;995;3;2;1;2;1;3;3;2;2;2;2;3;3;1;2;3;1;4;;PREY;PREY;3;3;11;997;997;997;1;2;2;35;1;5;1;38;1;3;38;3;1;2;3;2;;;;;;
280;1;999;2;2;3;3;2;2;2;3;995;995;995;995;995;995;995;995;2;5;3;3;5;5;5;4;3;3;4;4;4;3;2;2;3;3;3;3;3;2;2;0;0;0;0;1;0;3;995;995;995;995;995;995;995;995;995;995;995;995;995;995;2;995;995;995;995;995;995;995;995;3;2;0;0;0;0;1;0;3;2;995;4;2;2;2;2;2;3;2;2;2;2;2;3;1;2;4;2;995;;PONT AUTHOU;PONTAUTHOU;3;2;8;997;997;997;1;2;2;35;1;5;1;38;1;6;38;6;3;2;2;2;;;;;;
281;1;2;2;1;1;1;2;2;1;1;1;0;0;1;0;0;0;0;1;5;2;5;5;5;5;4;1;4;4;4;4;3;1;3;3;3;3;4;3;5;3;1;1;1;0;0;0;2;1;0;0;0;0;0;0;0;0;0;0;1;0;0;2;995;995;995;995;995;995;995;995;3;1;0;0;0;0;1;0;3;2;995;4;2;1;2;1;1;3;2;2;2;2;3;3;1;2;3;4;995;;LES ANDELYS;LESANDELYS;2;1;3;997;997;997;1;2;2;31;1;5;1;25;1;6;25;6;3;1;1;1;;;;;;
282;1;1;1;1;1;1;2;2;1;1;1;1;1;1;1;0;0;0;2;1;3;1;1;3;1;3;1;3;3;1;3;2;1;2;2;1;2;4;3;5;3;1;0;0;1;0;0;5;995;995;995;995;995;995;995;995;995;995;995;995;995;995;2;995;995;995;995;995;995;995;995;4;2;0;0;0;0;1;0;3;999;4;4;1;1;1;1;1;999;999;999;999;999;999;999;2;995;4;999;999;;LA COUTURE-BOUSSEY;LACOUTUREBOUSSEY;3;2;22;5;1;997;1;999;1;61;2;7;2;57;2;8;61;7;4;4;2;4;;;;;;
283;1;1;3;3;1;1;1;1;2;1;1;0;1;1;0;0;1;0;2;4;3;2;2;5;3;3;3;3;3;4;3;1;1;1;1;3;1;3;3;5;3;1;1;1;0;0;0;4;995;995;995;995;995;995;995;995;995;995;995;995;995;995;2;995;995;995;995;995;995;995;995;3;2;0;0;0;1;0;0;3;1;1;2;2;2;2;1;1;3;2;2;2;2;2;3;1;2;4;2;995;;MANDRES;MANDRES;3;1;22;5;997;997;1;999;2;49;1;5;1;64;2;7;64;7;4;5;1;4;;;;;;
284;1;2;4;2;1;1;1;1;2;3;995;995;995;995;995;995;995;995;2;4;3;2;2;3;2;4;3;3;3;3;2;1;2;2;2;2;2;2;2;5;3;0;0;1;0;1;0;3;995;995;995;995;995;995;995;995;995;995;995;995;995;995;2;995;995;995;995;995;995;995;995;2;2;0;0;0;1;0;0;3;2;995;2;2;2;2;2;2;3;2;2;2;2;2;3;1;2;4;2;995;;GISORS;GISORS;2;2;13;997;997;997;1;999;2;46;1;5;1;49;1;5;49;5;3;3;2;3;;;;;;
285;1;1;1;1;1;1;2;1;2;1;1;0;1;0;0;0;0;0;999;3;2;1;5;3;5;4;2;3;4;3;4;3;1;2;3;2;3;3;3;5;2;0;1;0;1;1;0;5;995;995;995;995;995;995;995;995;995;995;995;995;995;995;2;995;995;995;995;995;995;995;995;2;2;1;0;0;0;0;0;1;2;995;3;1;1;2;1;1;3;1;1;2;1;1;3;1;2;3;2;995;;VERNEUIL SUR AVRE;VERNEUILSURAVRE;3;2;5;997;997;997;1;999;1;42;1;5;2;45;1;5;42;5;3;3;2;1;;;;;;
286;1;2;2;2;1;1;2;2;2;1;1;1;1;1;0;0;0;0;2;5;2;1;5;2;2;4;1;3;4;3;1;3;2;2;3;2;2;3;4;5;3;1;1;1;0;0;0;4;995;995;995;995;995;995;995;995;995;995;995;995;995;995;2;995;995;995;995;995;995;995;995;4;2;0;1;0;0;0;0;2;2;995;4;1;1;1;1;3;3;2;2;2;2;3;3;1;2;4;1;6;;FOURMETOT;FOURMETOT;3;2;12;997;997;997;1;999;1;38;1;6;2;39;1;5;38;6;3;2;2;3;;;;;;
287;1;2;3;2;1;1;2;1;2;3;995;995;995;995;995;995;995;995;1;4;3;4;3;4;3;3;3;4;4;1;2;2;2;3;3;2;2;4;3;5;3;0;0;0;0;1;0;4;995;995;995;995;995;995;995;995;995;995;995;995;995;995;2;995;995;995;995;995;995;995;995;2;2;0;0;0;0;1;0;2;2;995;3;999;999;999;999;999;999;999;999;999;999;999;999;1;2;3;1;4;;PONT AUDEMER;PONTAUDEMER;2;4;13;997;997;997;1;2;1;40;1;5;2;32;2;8;40;5;3;3;4;3;;;;;;
288;1;1;2;1;1;1;1;1;1;1;1;0;0;0;0;0;0;0;1;2;2;1;1;2;1;1;1;3;3;1;1;2;2;2;2;1;1;3;2;2;3;1;0;0;0;1;0;3;995;995;995;995;995;995;995;995;995;995;995;995;995;995;2;995;995;995;995;995;995;995;995;2;2;0;1;0;0;0;0;3;2;995;4;2;2;2;2;2;999;999;999;999;999;999;999;1;2;3;1;4;;ST OUEN DE THOUBERVILLE;STOUENDETHOUBERVILLE;3;2;15;2;997;997;1;999;1;41;1;6;2;39;1;6;41;6;3;3;2;3;;;;;;
289;1;2;2;2;1;1;2;1;2;1;0;1;1;1;1;0;0;0;1;999;999;999;999;999;999;3;2;3;2;3;2;1;2;2;2;1;2;3;3;5;3;0;1;0;0;1;0;3;995;995;995;995;995;995;995;995;995;995;995;995;995;995;1;2;1;0;0;0;0;0;0;999;2;0;0;0;0;0;1;3;1;1;4;2;2;2;2;2;2;2;2;2;2;2;2;1;2;3;2;995;;LE PLESSIS STE OPPORTUNE;LEPLESSISSTEOPPORTUNE;3;4;21;997;997;5;1;1;2;46;1;5;1;52;1;6;52;6;3;4;4;4;;;;;;
290;1;1;2;1;1;1;2;2;2;1;0;0;0;1;1;0;0;0;1;999;999;999;999;999;999;999;999;999;999;999;999;999;999;999;999;999;999;4;4;5;3;1;1;0;0;1;0;4;995;995;995;995;995;995;995;995;995;995;995;995;995;995;2;995;995;995;995;995;995;995;995;2;999;0;0;0;0;0;0;999;999;999;4;2;2;2;2;2;2;999;999;999;999;999;999;1;2;4;999;999;;ST CLAIR D'ARCEY;STCLAIRDARCEY;3;3;23;6;4;4;1;1;1;43;1;6;2;48;2;8;43;6;3;3;3;4;;;;;;
291;1;2;2;2;1;1;1;1;2;1;1;0;1;0;1;0;0;0;2;5;1;2;2;2;5;3;2;3;3;3;1;2;1;2;2;2;2;2;2;1;3;1;0;0;0;0;0;4;995;995;995;995;995;995;995;995;995;995;995;995;995;995;2;995;995;995;995;995;995;995;995;4;2;0;0;0;0;1;0;3;2;995;4;1;2;1;1;1;1;1;2;1;1;1;1;1;2;3;4;995;;999;999;999;2;11;1;997;997;1;999;2;36;1;5;1;41;1;5;41;5;3;3;2;2;;;;;;
292;1;999;2;2;2;2;1;1;1;1;1;1;0;0;1;1;1;0;1;5;2;5;5;5;5;1;1;1;1;1;1;999;999;999;999;999;999;3;3;3;3;1;0;1;1;0;0;4;995;995;995;995;995;995;995;995;995;995;995;995;995;995;2;995;995;995;995;995;995;995;995;3;2;0;0;0;0;0;1;3;999;999;2;2;2;2;2;2;3;2;2;2;2;2;2;1;2;3;4;995;;LA VIEILLE LYRE;LAVIEILLELYRE;3;1;2;997;997;997;1;999;2;30;1;5;1;34;1;6;34;6;3;2;1;1;;;;;;
293;1;2;2;2;1;1;1;1;2;1;0;0;0;1;1;0;0;0;1;5;2;5;5;5;2;3;3;4;4;4;3;3;2;3;3;3;2;4;3;5;3;0;0;1;1;1;0;2;1;0;0;0;0;0;0;0;0;0;1;0;0;0;2;995;995;995;995;995;995;995;995;3;2;1;0;0;0;0;0;2;2;995;3;2;1;2;1;1;1;2;2;2;2;2;2;1;2;4;1;6;;BEAUMONTEL;BEAUMONTEL;3;3;20;6;6;6;1;999;2;54;1;5;1;53;1;5;53;5;3;4;3;4;;;;;;
294;1;1;2;1;1;1;2;2;1;1;1;0;0;1;0;0;0;0;1;2;3;3;2;5;3;3;3;3;2;3;3;1;1;1;1;1;1;3;3;5;3;1;0;1;1;0;0;5;995;995;995;995;995;995;995;995;995;995;995;995;995;995;2;995;995;995;995;995;995;995;995;4;2;0;0;0;0;1;0;3;2;995;3;2;2;2;1;1;1;2;2;2;2;3;3;1;2;4;2;995;;BOSC RENOULT EN OUCHE;BOSCRENOULTENOUCHE;3;2;24;6;6;997;1;999;2;48;1;5;1;53;1;2;53;2;1;4;2;4;;;;;;
295;1;1;2;2;1;1;1;1;1;1;1;0;0;1;0;0;0;0;1;5;2;2;5;2;2;4;1;3;4;1;1;3;1;1;3;1;1;3;3;3;3;0;0;0;1;1;0;2;1;0;0;0;0;0;0;0;0;0;1;0;0;0;2;995;995;995;995;995;995;995;995;4;2;0;0;0;0;0;1;1;999;999;3;2;2;1;999;999;999;2;2;2;2;2;3;1;2;4;999;999;;MANNEVILLE SUR RISLE1;MANNEVILLESURRISLE1;3;1;14;997;997;997;1;999;2;42;1;5;1;57;1;5;57;5;3;4;1;3;;;;;;
296;1;2;2;2;1;1;2;2;1;3;995;995;995;995;995;995;995;995;2;3;2;2;2;1;2;3;1;1;3;3;1;1;1;1;1;1;1;3;3;5;3;0;0;1;1;0;0;4;995;995;995;995;995;995;995;995;995;995;995;995;995;995;2;995;995;995;995;995;995;995;995;999;2;0;0;0;0;1;0;3;2;995;2;2;2;2;2;2;2;2;2;2;2;2;2;1;2;4;4;995;;BOSGUERARD DE MARCONVILLE;BOSGUERARDDEMARCONVILLE;3;3;12;997;997;997;1;2;2;37;1;5;1;40;1;4;40;4;2;3;3;3;;;;;;
297;1;1;2;1;1;1;2;2;1;2;0;0;0;0;0;0;0;0;2;2;2;2;5;2;3;2;1;2;4;2;1;2;1;2;3;2;1;3;2;2;2;0;0;0;0;1;0;4;995;995;995;995;995;995;995;995;995;995;995;995;995;995;2;995;995;995;995;995;995;995;995;3;1;0;1;0;0;0;0;3;2;995;2;2;2;2;2;2;3;2;2;2;2;2;3;1;2;3;1;4;;LE THUIT SIMER;LETHUITSIMER;3;3;15;2;997;997;1;999;1;39;1;6;2;40;1;5;39;6;3;2;3;3;;;;;;
298;1;2;2;1;1;1;1;1;1;1;1;0;1;1;1;1;0;0;1;1;2;2;2;3;3;3;1;3;3;1;3;2;2;2;2;2;2;3;3;2;3;1;1;1;0;0;0;2;1;0;1;0;0;0;0;0;0;0;0;0;0;0;2;995;995;995;995;995;995;995;995;2;2;0;0;0;0;0;1;3;1;1;1;2;1;1;2;2;3;2;2;2;2;3;3;1;2;4;1;4;;VERNON;VERNON;2;2;20;6;5;997;1;999;2;47;1;5;1;53;1;5;53;5;3;4;2;4;;;;;;
299;1;1;2;1;1;1;2;2;1;1;1;0;0;1;0;0;0;1;2;3;3;2;2;2;2;1;3;2;2;2;2;1;1;2;2;1;2;3;3;5;2;0;1;1;0;1;0;2;2;995;995;995;995;995;995;995;995;995;995;995;995;995;2;995;995;995;995;995;995;995;995;2;2;0;0;0;0;0;1;2;2;995;1;2;2;1;1;1;3;2;2;2;2;3;3;1;2;4;2;995;;BERNAY;BERNAY;2;2;19;2;997;997;1;999;2;43;1;5;1;45;1;6;45;6;3;3;2;4;;;;;;
300;1;2;1;2;1;1;1;1;2;3;995;995;995;995;995;995;995;995;1;3;2;2;1;2;1;3;3;3;3;3;3;2;2;2;2;2;2;3;3;2;2;1;0;1;1;0;0;5;995;995;995;995;995;995;995;995;995;995;995;995;995;995;2;995;995;995;995;995;995;995;995;3;2;0;1;0;0;0;0;2;2;995;1;2;2;2;2;2;2;2;2;2;2;2;2;1;2;4;2;995;;VASSANDRES;VASSANDRES;3;3;23;6;3;5;1;999;1;47;1;5;1;53;1;5;47;5;3;3;3;4;;;;;;
301;1;2;2;2;1;1;1;1;1;1;1;0;0;1;1;1;1;0;1;2;2;2;5;1;5;2;2;2;4;2;4;1;1;1;3;1;3;3;4;5;3;1;1;0;1;0;0;4;995;995;995;995;995;995;995;995;995;995;995;995;995;995;2;995;995;995;995;995;995;995;995;3;1;0;1;0;0;0;0;2;2;995;4;1;2;1;2;1;3;2;2;2;2;2;3;1;2;4;2;995;;LE MANOIR SUR SEINE;LEMANOIRSURSEINE;2;2;12;997;997;997;1;999;2;36;1;6;1;46;1;6;46;6;3;3;2;3;;;;;;
302;1;1;2;1;1;1;1;1;1;1;1;1;0;1;0;0;0;0;1;2;1;1;1;2;2;1;1;1;1;1;1;1;1;1;1;1;1;3;3;5;3;0;1;0;1;0;0;5;995;995;995;995;995;995;995;995;995;995;995;995;995;995;2;995;995;995;995;995;995;995;995;4;2;0;1;0;0;0;0;2;2;995;4;2;1;1;1;1;3;2;2;2;2;2;3;2;995;3;1;1;;NONANCOURT;NONANCOURT;2;3;14;1;1;997;1;999;2;35;1;6;1;35;1;6;35;6;3;2;3;3;;;;;;
303;1;2;3;3;1;1;1;2;1;1;1;0;0;1;0;0;1;1;2;3;1;2;3;3;3;3;2;2;3;3;3;3;1;1;3;3;3;4;3;3;3;1;0;0;1;1;0;1;1;0;0;0;0;1;0;0;0;0;0;0;0;0;2;995;995;995;995;995;995;995;995;4;2;0;1;0;0;0;0;1;2;995;3;2;1;1;1;1;3;3;3;3;2;3;3;1;2;4;4;995;;LES ANDELYS;LESANDELYS;2;1;15;997;997;997;1;999;2;38;1;5;1;41;1;5;41;5;3;3;1;3;;;;;;
304;1;1;1;1;1;1;2;2;1;1;1;1;1;1;1;0;0;0;2;2;1;1;1;2;2;1;1;1;1;1;1;1;1;1;1;2;2;4;4;5;3;1;1;1;0;0;0;4;995;995;995;995;995;995;995;995;995;995;995;995;995;995;2;995;995;995;995;995;995;995;995;3;1;0;1;0;0;0;0;2;2;995;4;1;1;1;2;2;3;2;2;1;2;2;3;1;2;4;1;6;;RUGLES;RUGLES;3;3;21;5;2;997;1;2;1;45;1;5;2;42;1;5;45;5;3;3;3;4;;;;;;
305;1;2;3;2;1;1;2;1;2;1;0;0;1;0;0;0;0;0;2;5;3;2;5;3;3;4;1;3;4;3;4;3;1;1;3;2;3;2;2;2;2;0;0;0;0;1;0;5;995;995;995;995;995;995;995;995;995;995;995;995;995;995;2;995;995;995;995;995;995;995;995;2;999;0;0;0;0;0;1;2;999;999;3;2;1;1;2;1;3;2;2;2;2;1;3;1;2;2;2;995;;IGOVILLE;IGOVILLE;2;2;5;997;997;997;1;999;2;30;1;4;1;30;1;5;30;5;3;2;2;1;;;;;;
306;1;2;3;3;3;3;2;1;1;1;0;0;1;1;1;0;0;0;2;5;3;3;3;3;3;3;3;3;3;3;3;3;2;2;2;2;2;2;2;5;3;0;0;1;1;0;0;2;1;0;0;0;0;0;0;0;0;0;0;1;0;0;2;995;995;995;995;995;995;995;995;999;2;0;0;0;0;1;0;3;2;995;4;2;2;2;2;2;2;2;2;2;2;2;2;1;2;4;1;4;;AILLY;AILLY;3;2;14;997;997;997;1;999;1;43;1;4;2;38;1;5;43;4;2;3;2;3;;;;;;
307;1;2;3;2;3;3;2;1;2;2;0;0;0;0;0;0;0;0;2;3;3;3;3;2;2;2;2;2;2;2;2;3;1;1;1;1;1;3;4;4;1;1;1;0;0;0;0;5;995;995;995;995;995;995;995;995;995;995;995;995;995;995;1;2;0;0;0;0;0;0;0;999;1;0;0;0;1;0;0;2;2;995;2;1;1;1;1;3;3;1;1;1;1;3;3;1;2;2;2;995;;LA SAUSSAYE;LASAUSSAYE;3;3;12;997;997;997;1;999;2;38;1;4;1;38;1;4;38;4;2;2;3;3;;;;;;
308;1;1;3;3;3;3;2;2;1;1;1;0;1;0;0;0;1;0;1;5;2;2;999;2;3;1;1;999;4;999;3;1;1;1;3;1;2;3;2;2;3;1;0;0;0;1;0;3;995;995;995;995;995;995;995;995;995;995;995;995;995;995;1;2;1;0;0;0;0;0;0;3;1;0;0;0;0;0;0;2;2;995;3;2;2;2;2;2;3;2;2;2;2;2;3;1;2;3;1;4;;LA HAYE DU THEIL;LAHAYEDUTHEIL;3;2;12;997;997;997;1;999;2;44;1;4;1;40;1;4;40;4;2;3;2;3;;;;;;
309;1;2;2;1;1;1;1;2;2;1;1;0;1;1;0;0;0;1;2;5;3;3;5;5;3;4;1;3;4;1;3;1;2;2;3;1;2;3;3;2;3;0;0;1;0;1;0;4;995;995;995;995;995;995;995;995;995;995;995;995;995;995;2;995;995;995;995;995;995;995;995;4;1;0;0;0;1;0;0;3;2;995;2;2;2;2;1;1;3;999;999;999;999;999;999;1;2;3;4;995;;BERENGEVILLE LA CAMPAGNE;BERENGEVILLELACAMPAGNE;3;3;12;1;997;997;1;999;2;36;1;4;1;40;1;1;40;1;1;3;3;3;;;;;;
310;1;2;3;3;1;1;2;2;2;1;1;1;0;0;1;0;1;0;2;3;2;1;5;2;3;3;1;3;4;3;3;2;2;2;3;2;2;3;3;5;3;0;1;0;0;1;0;2;1;0;0;0;0;0;0;0;0;0;1;0;0;0;2;995;995;995;995;995;995;995;995;2;2;0;0;0;0;1;0;2;2;995;1;2;1;2;2;1;2;2;1;2;2;1;3;1;2;3;999;999;;GLISOLLES;GLISOLLES;3;2;20;5;1;997;1;999;1;51;1;4;2;41;1;6;51;4;2;4;2;4;;;;;;
311;1;1;2;2;2;3;1;1;1;2;0;0;0;0;0;0;0;0;1;5;1;5;5;5;5;4;2;4;4;4;4;3;1;3;3;3;3;3;3;5;3;1;0;1;1;0;0;5;995;995;995;995;995;995;995;995;995;995;995;995;995;995;2;995;995;995;995;995;995;995;995;3;1;0;1;0;0;0;0;2;999;999;3;2;2;1;1;2;2;2;2;2;3;3;3;1;2;4;1;3;;BRIONNE;BRIONNE;3;1;0;997;997;997;1;999;2;26;1;4;1;28;1;6;28;6;3;1;1;1;;;;;;
312;1;2;3;2;3;3;1;1;3;2;0;0;0;0;0;0;0;0;1;1;4;2;5;3;3;2;3;2;4;2;2;1;2;1;3;1;2;3;2;2;3;0;0;1;0;0;0;2;2;995;995;995;995;995;995;995;995;995;995;995;995;995;2;995;995;995;995;995;995;995;995;4;1;0;0;0;0;0;0;3;2;995;4;2;2;2;2;2;3;2;1;2;2;2;3;1;2;3;1;4;;EVREUX;EVREUX;2;4;18;2;3;1;1;1;1;46;1;4;2;27;2;8;46;4;2;3;4;4;;;;;;
313;1;999;999;999;999;999;999;999;999;999;0;0;0;0;0;0;0;0;999;999;999;999;999;999;999;999;1;3;1;1;3;1;1;999;999;1;2;2;2;1;3;0;0;0;0;1;0;4;995;995;995;995;995;995;995;995;995;995;995;995;995;995;1;2;1;0;0;0;0;0;0;2;2;0;0;1;0;0;0;3;2;995;4;2;2;2;2;2;3;2;2;2;2;2;3;1;2;4;2;995;;VILLEZ SOUS BAILLEUL;VILLEZSOUSBAILLEUL;3;3;14;1;997;997;1;2;2;39;1;4;1;40;1;3;40;3;1;3;3;3;;;;;;
314;1;2;2;2;3;2;1;1;1;1;1;1;1;1;1;0;0;0;2;5;4;3;5;3;2;4;3;3;4;3;3;3;1;1;3;1;1;3;2;2;3;0;0;0;0;1;0;5;995;995;995;995;995;995;995;995;995;995;995;995;995;995;2;995;995;995;995;995;995;995;995;4;1;0;1;0;0;0;0;3;2;995;1;2;2;2;2;2;3;2;2;2;2;2;3;1;2;1;4;995;;FORT MOVILLE;FORTMOVILLE;3;3;9;997;997;997;1;2;2;36;1;4;1;41;1;3;41;3;1;3;3;2;;;;;;
315;1;2;2;2;3;3;1;1;2;3;995;995;995;995;995;995;995;995;2;5;2;3;5;5;5;3;3;3;4;4;4;3;1;2;3;3;3;1;2;2;2;0;0;0;0;0;1;5;995;995;995;995;995;995;995;995;995;995;995;995;995;995;2;995;995;995;995;995;995;995;995;3;2;0;0;0;0;0;0;3;2;995;4;2;2;2;2;2;2;2;2;2;2;2;2;1;2;3;4;995;;999;999;999;1;4;997;997;997;1;999;2;34;1;4;1;35;1;3;35;3;1;2;1;1;;;;;;
316;1;1;2;1;3;1;1;1;2;1;1;1;1;1;0;0;0;0;1;3;3;1;1;2;3;2;3;2;2;3;3;1;2;1;1;2;1;3;3;5;3;0;1;1;0;1;0;3;995;995;995;995;995;995;995;995;995;995;995;995;995;995;2;995;995;995;995;995;995;995;995;3;2;0;0;0;1;0;0;3;2;995;4;2;2;2;1;2;3;2;2;2;2;2;3;1;2;4;1;7;Etudes après bac;BEC THOMAS;BECTHOMAS;3;2;20;5;2;997;1;999;2;48;1;4;1;49;1;3;49;3;1;3;2;4;;;;;;
317;1;1;3;1;3;1;2;1;1;1;0;0;1;0;0;1;0;0;2;5;3;2;1;1;3;1;1;1;1;1;3;1;1;2;2;1;2;3;4;5;3;1;0;1;0;1;0;4;995;995;995;995;995;995;995;995;995;995;995;995;995;995;1;2;1;1;0;0;0;0;0;1;1;0;1;0;0;0;0;2;999;999;4;2;1;1;1;1;3;2;2;2;2;2;2;1;2;3;1;6;;LE NEUBOURG;LENEUBOURG;3;3;6;997;997;997;1;999;2;37;1;4;1;36;2;8;36;8;4;2;3;2;;;;;;
318;1;1;3;2;1;1;2;2;1;1;1;1;1;1;1;0;0;0;2;3;1;5;5;5;5;3;1;4;4;4;4;1;1;3;3;3;3;3;3;3;3;1;0;1;0;1;0;5;995;995;995;995;995;995;995;995;995;995;995;995;995;995;2;995;995;995;995;995;995;995;995;1;2;0;0;0;1;0;0;1;2;995;4;2;2;2;2;2;3;2;2;2;3;3;3;1;2;4;1;4;;LA CHAPELLE  BAYVEL;LACHAPELLEBAYVEL;3;1;2;997;997;997;1;2;2;31;1;4;1;33;1;4;33;4;2;2;1;1;;;;;;
319;1;1;2;1;3;1;1;1;2;1;1;0;0;0;0;0;0;0;2;2;1;2;1;3;3;3;3;3;3;3;3;1;1;1;1;1;1;3;2;5;3;0;0;0;0;1;0;5;995;995;995;995;995;995;995;995;995;995;995;995;995;995;2;995;995;995;995;995;995;995;995;2;1;0;0;0;0;0;1;1;2;995;3;2;2;2;2;2;3;2;2;2;2;3;3;1;2;3;999;999;;LES BAUX DE BRETEUIL;LESBAUXDEBRETEUIL;3;2;18;5;1;997;1;999;2;41;1;4;1;51;1;3;51;3;1;4;2;4;;;;;;
320;1;2;2;3;1;3;1;1;2;2;0;0;0;0;0;0;0;0;2;3;2;1;5;2;2;3;1;3;4;3;3;1;1;2;3;2;2;2;2;5;3;0;0;0;0;1;0;4;995;995;995;995;995;995;995;995;995;995;995;995;995;995;2;995;995;995;995;995;995;995;995;2;1;0;0;0;0;1;0;3;2;995;4;2;2;2;2;2;2;2;2;2;2;3;2;1;2;3;2;995;;TOURNEDOS BOIS HUBERT;TOURNEDOSBOISHUBERT;3;2;12;997;997;997;1;999;2;45;1;3;1;39;1;4;39;4;2;2;2;3;;;;;;
321;1;2;3;2;3;3;2;2;1;1;0;0;1;0;0;0;0;0;2;5;2;3;5;3;3;4;1;3;4;3;3;3;2;2;3;2;2;3;3;5;3;0;0;1;1;0;0;4;995;995;995;995;995;995;995;995;995;995;995;995;995;995;2;995;995;995;995;995;995;995;995;4;1;0;0;0;1;0;0;3;2;995;2;2;2;2;2;2;2;2;2;2;2;2;2;1;2;4;1;3;;GUISENIERS;GUISENIERS;3;1;3;997;997;997;1;999;2;26;1;4;1;27;1;5;27;5;3;1;1;1;;;;;;
322;1;2;2;2;1;1;2;2;2;3;995;995;995;995;995;995;995;995;999;5;3;3;5;2;5;4;3;3;4;3;4;3;2;2;3;2;3;2;2;2;1;0;0;0;0;1;0;4;995;995;995;995;995;995;995;995;995;995;995;995;995;995;2;995;995;995;995;995;995;995;995;2;1;0;0;0;0;1;0;3;2;995;2;2;2;2;2;2;3;2;2;2;2;3;3;1;2;3;4;995;;LOUVIERS;LOUVIERS;2;1;8;997;997;997;1;999;2;38;1;4;1;39;1;3;39;3;1;2;1;2;;;;;;
323;1;999;999;999;999;999;999;999;999;999;0;0;0;0;0;0;0;0;999;999;999;999;999;999;999;3;3;3;3;3;3;2;2;1;1;2;2;3;3;3;3;0;0;0;1;0;0;999;1;0;0;0;0;0;0;0;0;0;0;1;0;0;2;995;995;995;995;995;995;995;995;4;999;0;0;0;1;0;0;3;2;995;3;2;2;2;2;2;2;2;2;2;2;2;2;2;995;3;2;995;;BUEIL;BUEIL;3;2;20;3;2;997;1;999;1;58;1;4;2;51;1;5;58;4;2;4;2;4;;;;;;
324;1;2;2;2;1;1;1;1;2;1;1;1;0;1;1;0;0;0;1;2;2;2;5;5;2;1;1;1;4;4;2;2;1;2;3;3;2;3;3;2;3;0;0;1;1;1;0;3;995;995;995;995;995;995;995;995;995;995;995;995;995;995;2;995;995;995;995;995;995;995;995;2;2;1;0;0;0;0;0;2;2;995;4;2;2;2;2;2;3;2;2;2;2;2;2;1;2;4;1;1;;LA NOE POULAIN;LANOEPOULAIN;3;4;16;1;997;997;1;2;2;39;1;4;1;40;1;6;40;6;3;3;4;3;;;;;;
325;1;3;2;2;1;1;2;2;3;1;0;1;0;1;0;0;0;0;2;4;3;3;3;2;3;3;3;3;3;3;3;2;2;2;2;2;2;2;3;2;2;0;0;0;0;1;0;5;995;995;995;995;995;995;995;995;995;995;995;995;995;995;1;2;1;0;0;0;0;0;0;2;1;0;0;0;1;0;0;2;2;995;2;2;2;2;1;2;3;2;2;2;2;3;3;1;2;3;1;3;;VERNON;VERNON;2;3;9;997;997;997;1;999;2;37;1;4;1;39;1;2;39;2;1;2;3;2;;;;;;
326;1;2;3;2;2;2;2;2;1;1;0;0;1;0;1;0;1;1;1;3;1;3;5;3;3;3;1;3;4;3;3;2;2;2;3;2;2;2;2;5;3;0;0;0;0;1;0;2;1;0;0;0;0;0;0;0;0;0;0;1;0;0;2;995;995;995;995;995;995;995;995;3;1;0;0;0;0;0;1;3;999;999;3;2;2;2;2;2;3;2;2;2;2;2;3;2;995;4;1;1;;APPEVILLE ANNEBAULT;APPEVILLEANNEBAULT;3;2;4;997;997;997;1;999;1;42;1;4;2;33;1;3;42;4;2;3;2;1;;;;;;
327;1;1;3;1;1;1;1;1;1;1;1;0;1;1;1;1;0;0;1;2;3;1;5;1;1;3;3;1;4;1;3;1;1;1;3;1;1;2;4;5;3;0;1;1;0;1;0;2;2;995;995;995;995;995;995;995;995;995;995;995;995;995;1;2;1;0;0;0;0;0;0;2;1;0;0;0;1;0;0;1;2;995;4;2;2;2;2;2;2;2;2;2;2;2;2;1;2;3;4;995;;TOURVILLE  SUR PONT AUDEMER;TOURVILLESURPONTAUDEMER;3;2;11;1;1;997;1;999;1;51;1;4;2;49;2;8;51;4;2;4;2;2;;;;;;
328;1;1;2;2;1;1;2;2;1;1;0;0;1;1;0;0;0;1;2;3;2;2;2;3;1;3;2;2;2;3;2;1;2;2;2;2;2;3;3;3;3;1;1;0;1;0;0;5;995;995;995;995;995;995;995;995;995;995;995;995;995;995;2;995;995;995;995;995;995;995;995;3;1;0;0;1;0;0;0;1;1;4;3;2;2;2;1;1;1;2;2;2;2;2;2;1;2;3;1;6;;SURVILLE;SURVILLE;3;1;11;997;997;997;1;999;1;35;1;4;2;38;1;6;35;4;2;2;1;2;;;;;;
329;1;1;3;2;3;1;1;1;1;1;1;0;1;1;0;0;0;0;1;2;3;2;2;3;3;3;1;3;3;1;3;1;1;1;1;1;1;3;3;3;3;1;1;0;1;0;0;3;995;995;995;995;995;995;995;995;995;995;995;995;995;995;2;2;0;0;0;0;0;0;0;2;2;0;0;0;1;0;0;1;1;4;4;2;2;2;1;2;3;2;2;2;2;2;3;1;2;4;2;995;;TOURVILLE LA CAMPAGNE;TOURVILLELACAMPAGNE;3;3;21;5;5;997;1;999;2;46;1;4;1;44;1;4;44;4;2;3;3;4;;;;;;
330;1;999;999;1;3;1;1;1;3;1;0;0;0;0;0;0;0;0;1;2;1;3;1;5;4;1;1;3;1;1;3;1;1;1;1;1;2;4;3;5;3;1;0;1;1;0;0;3;995;995;995;995;995;995;995;995;995;995;995;995;995;995;2;995;995;995;995;995;995;995;995;3;2;0;0;0;0;0;1;1;2;995;4;2;1;1;1;1;2;2;2;2;1;1;999;1;2;4;1;7;Allocations études après BAC;BOURTH;BOURTH;3;3;22;6;6;2;1;2;2;48;1;4;1;53;1;4;53;4;2;4;3;4;;;;;;
331;1;2;3;4;1;1;2;2;2;2;0;0;0;0;0;0;0;0;1;5;2;5;5;2;3;999;999;999;999;999;999;999;999;999;999;999;999;999;999;999;999;0;0;0;0;0;0;999;995;995;995;995;995;995;995;995;995;995;995;995;995;995;999;2;1;0;1;0;0;0;0;3;2;0;0;0;0;1;0;3;2;995;4;2;2;2;2;2;2;2;2;2;2;2;2;1;2;3;1;1;;BUIS SUR DAMVILLE;BUISSURDAMVILLE;3;2;4;997;997;997;1;2;2;31;1;4;1;34;1;5;34;5;3;2;2;1;;;;;;
332;1;1;3;3;1;2;2;2;1;1;0;0;1;1;0;0;0;0;2;3;2;5;5;5;5;4;1;4;4;4;4;3;2;3;3;3;3;3;3;2;2;1;1;0;0;1;0;5;995;995;995;995;995;995;995;995;995;995;995;995;995;995;2;995;995;995;995;995;995;995;995;2;1;0;0;0;1;0;0;2;2;995;2;2;2;2;2;2;3;2;2;2;2;2;3;1;2;3;1;4;;LOUYE;LOUYE;3;2;4;997;997;997;1;999;2;29;1;4;1;33;1;4;33;4;2;2;2;1;;;;;;
333;1;2;1;1;1;1;1;2;1;1;0;0;1;1;0;0;0;0;2;2;2;2;2;2;2;2;2;2;2;2;2;2;2;2;2;2;2;2;2;2;2;0;0;0;0;1;0;5;995;995;995;995;995;995;995;995;995;995;995;995;995;995;2;995;995;995;995;995;995;995;995;999;2;0;1;0;0;0;0;3;2;995;4;2;2;2;2;2;999;2;2;2;2;2;2;2;995;3;4;995;;EVREUX;EVREUX;2;2;19;5;5;997;1;999;1;66;1;4;2;52;1;4;66;4;2;5;2;4;;;;;;
334;1;1;1;1;1;1;1;1;1;1;0;0;1;1;0;0;1;0;1;2;2;1;1;2;1;3;1;1;3;3;1;2;1;1;2;999;1;4;3;5;3;1;0;1;0;1;0;2;2;995;995;995;995;995;995;995;995;995;995;995;995;995;2;995;995;995;995;995;995;995;995;3;2;0;0;0;1;0;0;2;2;995;4;1;1;1;1;999;999;2;2;2;2;3;3;1;2;4;2;995;;ARNIERES SUR ITON;ARNIERESSURITON;2;2;12;997;997;997;1;999;2;38;1;4;1;40;1;4;40;4;2;3;2;3;;;;;;
335;1;2;3;1;3;1;1;1;3;1;0;0;0;1;0;0;0;1;1;5;2;1;5;1;3;4;1;1;4;1;1;3;1;2;3;2;1;2;2;2;3;0;1;0;0;1;0;5;995;995;995;995;995;995;995;995;995;995;995;995;995;995;2;995;995;995;995;995;995;995;995;4;1;0;0;0;1;0;0;2;999;999;4;2;1;1;1;1;3;2;2;1;1;1;3;1;2;3;1;1;;EVREUX;EVREUX;2;4;12;997;997;997;1;1;2;36;1;4;1;38;1;4;38;4;2;2;4;3;;;;;;
336;1;1;2;1;1;3;2;2;1;1;1;0;1;1;0;0;0;0;2;3;2;1;1;2;1;1;1;3;2;2;2;1;1;2;2;2;2;4;3;1;3;0;0;0;0;1;0;4;995;995;995;995;995;995;995;995;995;995;995;995;995;995;2;995;995;995;995;995;995;995;995;2;1;0;0;0;1;0;0;2;2;995;2;2;2;2;2;2;3;2;2;2;2;2;3;1;2;4;1;1;;ST SEBASTIEN DE MORSENT;STSEBASTIENDEMORSENT;2;2;18;5;1;997;1;999;1;49;1;4;2;46;1;4;49;4;2;3;2;4;;;;;;
337;1;4;3;3;3;3;2;2;3;3;995;995;995;995;995;995;995;995;2;3;2;3;4;4;3;3;2;3;3;3;3;2;2;1;2;2;2;2;2;5;2;0;0;0;0;1;0;5;995;995;995;995;995;995;995;995;995;995;995;995;995;995;2;995;995;995;995;995;995;995;995;3;2;0;0;0;0;1;0;3;2;995;3;2;2;2;2;2;3;2;2;2;2;2;3;1;2;3;2;995;;VERNON;VERNON;2;1;14;997;997;997;1;1;1;48;1;4;2;48;1;5;48;4;2;3;1;3;;;;;;
338;1;3;2;2;1;1;1;1;3;1;1;0;1;0;0;0;0;0;1;3;3;2;5;3;3;3;2;2;4;3;3;1;1;2;3;2;2;3;2;1;3;0;0;0;0;1;0;5;995;995;995;995;995;995;995;995;995;995;995;995;995;995;2;995;995;995;995;995;995;995;995;2;2;0;0;0;1;0;0;2;2;995;2;2;2;2;2;2;2;2;2;2;2;2;2;1;2;3;2;995;;ST CYR LA CAMPAGNE;STCYRLACAMPAGNE;3;3;23;6;3;997;1;999;2;51;1;4;1;57;2;7;57;7;4;4;3;4;;;;;;
339;1;1;2;999;3;3;2;2;1;1;0;0;1;1;0;0;0;0;2;5;2;3;5;5;3;3;2;3;4;4;2;2;2;2;3;2;2;3;3;2;3;0;0;0;0;1;0;4;995;995;995;995;995;995;995;995;995;995;995;995;995;995;2;995;995;995;995;995;995;995;995;3;2;0;0;0;0;1;0;3;2;995;4;2;2;2;2;2;3;2;2;2;2;2;3;1;2;4;1;2;;PERRIERS SUR ANDELLE;PERRIERSSURANDELLE;3;3;17;4;997;997;1;1;2;38;1;4;1;36;1;3;36;3;1;2;3;3;;;;;;
340;1;2;1;2;1;1;1;1;2;1;1;0;0;1;0;1;0;0;1;3;3;1;1;2;2;3;3;3;3;1;1;1;2;2;2;1;1;3;3;2;3;1;0;0;1;1;0;2;2;995;995;995;995;995;995;995;995;995;995;995;995;995;2;995;995;995;995;995;995;995;995;4;2;0;0;0;0;0;1;2;2;995;4;2;2;2;1;2;3;2;2;2;2;2;3;1;2;4;1;6;;AIGLEVILLE;AIGLEVILLE;3;4;19;4;2;1;1;999;2;40;1;4;1;46;1;3;46;3;1;3;4;4;;;;;;
341;1;2;3;2;1;1;1;1;2;1;0;1;0;0;1;0;1;0;2;2;3;3;1;3;1;3;3;3;2;2;2;1;1;1;1;1;1;3;3;2;2;0;0;0;1;0;0;2;1;0;0;0;0;0;1;0;0;0;0;0;0;0;2;995;995;995;995;995;995;995;995;3;1;0;0;0;1;0;0;2;2;995;2;999;999;999;999;1;1;999;999;999;999;2;999;1;2;3;1;3;;LA GUEROULDE;LAGUEROULDE;3;1;18;5;997;997;1;999;2;45;1;4;1;57;2;7;57;7;4;4;1;4;;;;;;
342;1;2;3;2;3;1;1;2;2;1;1;0;0;1;0;0;0;1;1;4;4;2;3;3;4;3;3;1;3;1;3;3;3;1;3;1;3;3;3;2;3;1;1;1;0;0;0;1;1;0;1;0;0;0;0;0;0;0;0;0;0;0;1;2;1;0;0;0;0;0;0;1;2;0;0;0;0;0;1;2;1;1;3;2;2;1;1;2;3;2;2;2;2;2;2;1;1;4;2;995;;EMALLEVILLE;EMALLEVILLE;3;3;21;6;5;997;1;1;2;48;1;4;1;49;1;5;49;5;3;3;3;4;;;;;;
343;1;2;4;2;1;3;1;2;2;1;1;1;0;0;1;1;0;0;1;4;3;3;5;3;5;3;3;3;3;3;3;1;1;1;1;2;1;3;2;1;2;0;0;0;0;1;0;5;995;995;995;995;995;995;995;995;995;995;995;995;995;995;1;2;0;0;0;0;0;0;0;2;2;0;0;0;1;0;0;999;2;995;4;999;999;999;999;1;999;2;2;2;2;2;2;1;2;4;1;3;;BERNAY;BERNAY;2;2;12;997;997;997;1;999;2;38;1;4;1;47;1;4;47;4;2;3;2;3;;;;;;
344;1;2;2;2;1;1;1;1;2;1;0;1;1;0;0;0;0;1;1;5;2;2;2;3;5;4;1;3;3;3;4;3;2;2;2;2;3;2;3;2;3;0;0;0;0;1;0;5;995;995;995;995;995;995;995;995;995;995;995;995;995;995;2;995;995;995;995;995;995;995;995;3;2;0;0;0;1;0;0;3;2;995;2;2;2;2;2;2;3;2;2;2;2;2;3;1;2;3;4;995;;EVREUX;EVREUX;2;1;3;997;997;997;1;999;2;35;1;4;1;33;1;4;33;4;2;2;1;1;;;;;;
345;1;2;2;2;1;1;1;1;1;1;1;0;1;0;0;1;0;0;999;5;2;1;5;2;5;4;1;1;4;3;4;3;1;1;3;2;3;3;3;5;3;1;1;0;0;1;0;3;995;995;995;995;995;995;995;995;995;995;995;995;995;995;2;995;995;995;995;995;995;995;995;2;2;0;1;0;0;0;0;2;2;995;2;2;2;2;2;1;3;2;2;2;2;2;999;1;2;4;1;3;;EVREUX;EVREUX;2;2;6;997;997;997;1;999;2;38;1;4;1;44;1;4;44;4;2;3;2;2;;;;;;
346;1;2;2;1;1;1;2;2;2;1;1;1;0;1;1;1;0;0;2;1;1;3;2;1;1;1;1;4;1;1;1;2;1;3;2;2;2;3;4;5;3;0;0;1;0;0;0;3;995;995;995;995;995;995;995;995;995;995;995;995;995;995;2;995;995;995;995;995;995;995;995;3;2;0;0;1;0;0;0;1;2;995;4;2;1;1;1;1;1;2;2;2;1;1;1;1;2;4;2;995;;BOSC RENOULT EN OUCHE;BOSCRENOULTENOUCHE;3;3;19;6;997;997;1;1;1;45;1;4;2;45;1;5;45;4;2;3;3;4;;;;;;
347;1;2;3;2;3;1;2;2;2;1;1;0;0;1;1;0;0;0;2;1;3;4;3;2;2;3;3;3;3;3;3;2;2;2;2;1;2;3;3;2;3;0;0;1;0;0;0;5;995;995;995;995;995;995;995;995;995;995;995;995;995;995;2;995;995;995;995;995;995;995;995;4;1;1;0;0;0;0;0;3;2;995;4;2;2;2;2;2;3;2;2;2;2;2;3;1;2;4;2;995;;ETREPAGNY;ETREPAGNY;3;1;19;4;997;997;1;999;1;51;1;4;2;55;1;5;51;4;2;4;1;4;;;;;;
348;1;2;2;2;1;1;1;1;2;1;1;0;1;1;0;0;0;0;1;2;3;2;2;2;3;3;1;3;3;3;3;2;1;2;2;2;2;3;3;3;3;0;0;1;0;1;0;3;995;995;995;995;995;995;995;995;995;995;995;995;995;995;2;995;995;995;995;995;995;995;995;2;1;0;0;0;1;0;0;2;2;995;4;2;2;2;1;1;3;2;2;2;2;2;3;1;2;4;2;995;;HUEST;HUEST;3;2;22;4;5;997;1;999;1;49;1;4;2;50;1;5;49;4;2;3;2;4;;;;;;
349;1;3;3;1;1;1;2;2;3;3;995;995;995;995;995;995;995;995;2;5;2;2;5;2;4;3;1;1;4;2;3;2;2;1;3;2;2;2;2;5;2;0;0;0;0;1;0;4;995;995;995;995;995;995;995;995;995;995;995;995;995;995;1;2;1;0;0;0;0;0;0;999;1;0;1;0;0;0;0;2;2;995;2;999;999;999;1;999;999;999;999;999;999;999;999;1;2;1;999;1;;BERNAY;BERNAY;2;4;11;997;997;997;1;2;2;38;1;4;1;38;1;3;38;3;1;2;4;2;;;;;;
350;1;2;3;3;1;1;2;1;2;1;1;1;0;0;0;0;1;0;999;3;3;2;5;2;2;3;2;2;4;2;2;1;1;1;3;2;2;2;2;5;2;0;0;1;0;1;0;2;1;0;0;0;0;0;0;0;1;0;0;0;0;0;2;995;995;995;995;995;995;995;995;4;2;0;0;0;1;0;0;2;2;995;3;2;2;2;1;2;3;2;2;2;2;2;3;1;2;3;1;4;;GISORS;GISORS;2;2;11;997;997;997;1;999;2;42;1;4;1;44;1;5;44;5;3;3;2;2;;;;;;
351;1;2;3;3;3;3;2;2;3;3;995;995;995;995;995;995;995;995;2;5;4;3;3;4;3;4;3;3;3;3;3;3;2;1;1;2;2;1;2;2;1;0;0;0;0;0;1;1;1;0;0;0;0;0;0;0;0;1;0;0;0;0;2;995;995;995;995;995;995;995;995;3;1;0;0;0;0;1;0;3;2;995;4;2;2;2;2;2;3;2;2;2;2;2;3;1;2;3;2;995;;MANNEVILLE LA RAOULT;MANNEVILLELARAOULT;3;2;6;997;997;997;1;999;2;35;1;4;1;37;1;4;37;4;2;2;2;2;;;;;;
352;1;1;3;2;1;1;2;2;1;1;1;0;1;1;0;0;0;0;1;4;3;3;5;3;2;3;1;3;4;2;3;1;1;1;3;1;1;3;3;5;3;0;0;1;1;1;0;3;995;995;995;995;995;995;995;995;995;995;995;995;995;995;2;995;995;995;995;995;995;995;995;999;2;0;0;0;1;0;0;2;2;995;3;2;2;2;2;3;3;2;2;2;2;3;3;1;2;4;1;4;;BOISSET LES PREVANCHES;BOISSETLESPREVANCHES;3;3;17;2;997;997;1;999;1;41;1;4;2;42;1;4;41;4;2;3;3;3;;;;;;
353;1;1;1;1;3;3;2;1;2;3;995;995;995;995;995;995;995;995;1;2;3;2;2;3;2;3;3;3;2;3;3;1;1;1;1;1;1;1;2;2;3;0;0;0;0;0;1;5;995;995;995;995;995;995;995;995;995;995;995;995;995;995;2;995;995;995;995;995;995;995;995;1;1;0;0;0;0;1;0;3;2;995;4;2;2;2;2;2;3;2;2;2;2;2;3;1;2;4;999;999;;PONR AUDEMER;PONRAUDEMER;2;2;18;5;2;997;1;999;2;47;1;4;1;47;1;3;47;3;1;3;2;4;;;;;;
354;1;2;2;2;3;1;2;2;2;1;1;0;0;0;1;1;0;0;2;2;2;3;5;3;3;4;3;3;4;1;3;2;2;2;3;2;2;3;3;2;3;0;0;1;0;1;0;3;995;995;995;995;995;995;995;995;995;995;995;995;995;995;2;995;995;995;995;995;995;995;995;3;2;0;0;0;0;1;0;2;2;995;2;2;2;2;2;2;2;2;2;2;2;2;2;1;2;4;2;995;;999;999;999;2;8;997;997;997;1;2;2;35;1;4;1;40;1;6;40;6;3;3;2;2;;;;;;
355;1;1;2;2;1;1;1;1;1;1;1;1;1;1;0;0;0;0;999;2;2;2;1;1;1;1;1;3;3;1;1;1;1;2;2;1;1;4;3;3;3;1;0;0;0;0;0;3;995;995;995;995;995;995;995;995;995;995;995;995;995;995;2;995;995;995;995;995;995;995;995;3;2;1;0;0;0;0;0;1;2;995;4;1;1;1;1;1;3;2;2;1;2;3;3;1;2;3;1;3;;IGOVILLE;IGOVILLE;2;3;5;6;6;997;1;999;1;58;1;4;2;32;2;8;58;4;2;4;3;1;;;;;;
356;1;1;1;1;1;1;1;1;1;1;1;0;0;1;0;0;0;1;1;5;2;2;5;3;2;3;999;2;4;2;4;3;1;2;3;2;3;3;4;5;3;1;1;1;0;0;0;5;995;995;995;995;995;995;995;995;995;995;995;995;995;995;999;2;0;0;0;0;1;0;0;3;2;0;0;0;1;0;0;3;2;995;2;2;2;2;2;2;3;2;2;2;3;3;3;1;2;4;2;995;;EVREUX;EVREUX;2;1;4;997;997;997;1;999;1;30;1;4;2;27;1;4;30;4;2;2;1;1;;;;;;
357;1;1;2;1;1;1;1;1;2;1;1;0;0;1;0;0;0;0;2;2;3;2;5;5;5;2;3;2;2;4;4;2;2;2;3;3;3;3;3;3;3;1;0;1;0;1;0;5;995;995;995;995;995;995;995;995;995;995;995;995;995;995;2;995;995;995;995;995;995;995;995;4;1;0;0;0;1;0;0;2;2;995;4;2;2;2;2;2;3;2;2;2;2;3;3;1;2;4;1;6;;LE THUIT SIMER;LETHUITSIMER;3;3;16;3;997;997;1;999;2;43;1;4;1;52;1;5;52;5;3;4;3;3;;;;;;
358;1;2;3;2;1;1;2;2;2;2;0;0;0;0;0;0;0;0;2;3;2;2;5;3;2;2;2;2;4;2;2;1;2;2;3;1;2;3;2;999;3;0;0;1;0;1;0;4;995;995;995;995;995;995;995;995;995;995;995;995;995;995;2;995;995;995;995;995;995;995;995;2;1;0;0;0;0;1;0;3;2;995;2;2;2;2;2;2;3;2;2;2;2;2;3;1;2;3;1;4;;FAINS;FAINS;3;2;14;997;997;997;1;999;2;40;1;4;1;42;1;4;42;4;2;3;2;3;;;;;;
359;1;1;2;1;3;2;2;2;1;1;1;1;1;1;0;0;0;0;2;5;3;2;5;3;3;4;1;3;4;3;3;3;1;1;3;2;2;3;3;2;1;1;1;1;0;0;0;3;995;995;995;995;995;995;995;995;995;995;995;995;995;995;2;995;995;995;995;995;995;995;995;3;2;0;0;0;1;0;0;3;2;995;2;2;2;2;2;2;3;2;2;2;2;2;3;1;2;3;1;4;;PACY SUR EURE;PACYSUREURE;2;2;13;997;997;997;1;999;2;39;1;4;1;36;1;5;36;5;3;2;2;3;;;;;;
360;1;2;3;2;1;1;1;1;2;1;0;1;0;0;1;1;0;0;1;3;3;2;2;3;5;3;1;1;3;3;4;1;1;1;1;1;3;1;2;1;3;0;0;0;0;1;0;4;995;995;995;995;995;995;995;995;995;995;995;995;995;995;2;995;995;995;995;995;995;995;995;2;1;0;0;0;0;1;0;2;2;995;4;2;2;2;2;2;3;2;2;2;2;2;3;1;2;4;1;1;;LA BONNEVILLE SUR ITON;LABONNEVILLESURITON;3;3;19;997;997;997;1;999;2;37;1;5;1;43;1;5;43;5;3;3;3;4;;;;;;
361;1;1;2;1;1;1;1;1;1;1;1;1;1;1;1;0;0;0;2;3;3;1;5;5;5;4;3;4;999;4;4;1;1;1;3;3;3;4;1;3;3;1;1;1;0;0;0;2;1;1;0;0;0;0;0;0;0;0;0;0;0;0;2;995;995;995;995;995;995;995;995;1;2;0;0;1;0;0;0;1;2;995;1;1;1;2;1;1;3;2;2;2;2;3;3;1;1;4;1;2;;GRAINVILLE;GRAINVILLE;3;1;7;997;997;997;1;999;1;43;1;6;2;44;1;5;43;6;3;3;1;2;;;;;;
362;1;2;2;2;1;1;1;1;2;1;1;1;1;0;0;0;0;0;2;3;3;3;5;2;1;2;3;3;4;2;2;2;2;2;3;2;2;3;3;2;2;0;1;0;0;1;0;2;1;0;0;0;0;0;0;0;0;1;0;0;0;0;2;995;995;995;995;995;995;995;995;3;1;0;1;0;0;0;0;3;2;995;2;2;2;2;1;1;2;2;2;2;2;2;2;1;2;3;1;6;;MARTOT;MARTOT;3;3;16;2;1;997;1;999;2;44;1;5;1;63;2;7;63;7;4;4;3;3;;;;;;
363;1;2;2;2;1;1;2;2;1;1;1;1;0;1;0;0;0;0;999;3;3;1;1;1;5;4;3;3;3;1;4;3;2;2;2;1;3;3;3;5;2;1;1;0;1;0;0;4;995;995;995;995;995;995;995;995;995;995;995;995;995;995;999;2;0;1;0;0;0;0;0;999;1;0;0;0;0;0;1;2;2;995;4;2;2;2;2;2;3;2;2;2;2;2;3;1;2;4;1;4;;conches en ouche;CONCHESENOUCHE;3;1;5;997;997;997;1;999;2;29;1;5;1;34;1;6;34;6;3;2;1;1;;;;;;
364;1;2;3;2;3;1;2;1;2;3;995;995;995;995;995;995;995;995;999;2;2;2;2;2;2;1;1;1;1;1;4;1;1;1;1;1;1;3;3;4;3;1;1;0;1;0;0;2;1;0;1;0;0;0;0;0;0;0;0;0;0;0;1;2;1;0;0;0;0;0;0;2;2;0;0;0;0;1;0;2;2;995;4;1;1;2;1;1;1;999;999;999;999;999;999;1;1;3;4;995;;conches en ouche;CONCHESENOUCHE;3;2;18;3;997;997;1;999;2;44;1;6;1;46;2;8;46;8;4;3;2;4;;;;;;
365;1;2;2;2;1;1;1;1;2;3;995;995;995;995;995;995;995;995;2;5;2;3;5;2;5;4;3;3;4;3;4;3;2;1;3;2;3;3;2;1;2;0;0;0;0;1;0;5;995;995;995;995;995;995;995;995;995;995;995;995;995;995;2;995;995;995;995;995;995;995;995;3;2;0;0;0;0;1;0;3;2;995;1;2;2;2;2;2;2;2;2;2;2;2;2;1;2;2;2;995;;LA VIEILLE LYRE;LAVIEILLELYRE;3;1;4;997;997;997;1;999;2;31;1;5;1;39;1;3;39;3;1;2;1;1;;;;;;
366;1;1;3;2;3;1;1;1;1;1;0;0;1;1;0;0;0;0;999;5;1;2;5;5;5;4;1;3;4;4;4;3;1;1;3;3;3;3;4;5;2;1;1;0;0;1;0;3;995;995;995;995;995;995;995;995;995;995;995;995;995;995;2;995;995;995;995;995;995;995;995;3;2;0;0;1;0;0;0;3;2;995;4;2;1;1;2;1;2;2;2;2;2;3;3;1;2;3;2;995;;LOUVIERS;LOUVIERS;2;2;8;997;997;997;1;2;2;28;1;5;1;33;1;5;33;5;3;2;2;2;;;;;;
367;1;2;2;2;1;1;1;999;2;1;1;1;1;0;1;1;0;0;1;999;999;999;999;999;999;999;999;999;999;999;999;999;999;999;999;999;999;2;2;1;3;0;0;0;0;0;1;999;2;995;995;995;995;995;995;995;995;995;995;995;995;995;2;995;995;995;995;995;995;995;995;4;2;0;1;0;0;0;0;3;2;995;2;999;999;999;999;999;999;999;999;999;999;999;999;1;2;4;1;4;;ST DIDIER DES BOIS;STDIDIERDESBOIS;3;3;22;6;6;6;1;2;2;53;2;7;1;57;2;7;57;7;4;4;3;4;;;;;;
368;1;1;2;1;1;1;1;1;2;1;1;0;1;1;1;0;0;0;1;1;2;3;2;3;3;2;3;3;3;2;3;1;1;1;1;1;1;3;3;5;999;1;0;1;0;1;0;4;995;995;995;995;995;995;995;995;995;995;995;995;995;995;2;995;995;995;995;995;995;995;995;2;2;0;1;0;0;0;0;2;1;4;4;1;2;2;1;3;3;2;2;2;2;2;3;1;2;3;4;995;;GAUCIEL;GAUCIEL;3;3;12;997;997;997;1;1;2;32;1;5;1;35;1;5;35;5;3;2;3;3;;;;;;
369;1;1;2;3;2;2;1;2;2;1;0;0;1;1;0;0;1;0;1;5;2;3;5;2;3;4;1;3;4;1;1;3;1;2;3;1;1;3;4;3;3;1;1;1;0;0;0;3;995;995;995;995;995;995;995;995;995;995;995;995;995;995;2;995;995;995;995;995;995;995;995;3;2;0;0;0;1;0;0;3;2;995;2;2;2;2;2;2;3;2;2;2;2;2;3;1;2;3;1;1;;ST PIERRE LA GARENNE;STPIERRELAGARENNE;3;2;14;997;997;997;1;2;2;39;1;6;1;43;1;6;43;6;3;3;2;3;;;;;;
370;1;2;3;3;3;3;2;2;2;1;0;1;1;1;0;0;0;0;2;3;3;2;2;3;4;3;3;3;3;1;3;2;2;2;2;2;2;2;2;2;3;0;0;0;0;1;0;4;995;995;995;995;995;995;995;995;995;995;995;995;995;995;2;995;995;995;995;995;995;995;995;2;1;0;1;0;0;0;0;3;2;995;4;2;2;2;2;2;2;2;2;2;2;2;2;1;2;3;1;1;;LOUVIERS;LOUVIERS;2;3;15;2;997;997;1;999;2;48;1;5;1;45;1;3;45;3;1;3;3;3;;;;;;
371;1;2;3;3;3;3;1;1;2;3;995;995;995;995;995;995;995;995;2;1;2;1;1;2;1;3;1;3;999;1;3;1;1;2;1;999;1;3;3;999;2;0;1;0;0;1;0;3;995;995;995;995;995;995;995;995;995;995;995;995;995;995;2;995;995;995;995;995;995;995;995;4;2;0;0;0;1;0;0;3;2;995;4;1;1;1;1;1;999;2;2;2;1;2;999;1;2;2;2;995;;LA CHAPELLE GAUTHIER;LACHAPELLEGAUTHIER;3;3;22;6;6;5;1;999;2;49;1;6;1;49;1;5;49;5;3;3;3;4;;;;;;
372;1;2;2;2;3;3;1;1;1;3;995;995;995;995;995;995;995;995;1;3;2;2;1;1;1;3;3;3;3;3;3;1;1;1;1;1;1;4;4;5;3;1;1;1;0;0;0;3;995;995;995;995;995;995;995;995;995;995;995;995;995;995;1;2;0;0;1;0;0;1;0;1;2;1;0;0;0;0;0;2;1;4;4;2;1;2;2;2;3;2;2;2;2;2;3;1;2;3;1;4;;VAL DE REUIL;VALDEREUIL;2;3;19;6;997;997;1;999;2;38;1;6;1;41;1;6;41;6;3;3;3;4;;;;;;
373;1;2;2;2;1;1;1;1;2;1;1;0;0;1;1;0;0;0;1;1;1;2;2;2;1;1;1;3;999;1;1;1;1;2;2;1;1;3;3;2;3;0;0;1;0;0;0;5;995;995;995;995;995;995;995;995;995;995;995;995;995;995;2;995;995;995;995;995;995;995;995;4;1;0;0;0;1;0;0;3;2;995;4;3;3;3;3;3;999;999;999;999;999;999;1;1;2;4;2;995;;VANDRIMARE;VANDRIMARE;3;1;17;2;997;997;1;999;1;57;1;5;2;45;1;5;57;5;3;4;1;3;;;;;;
374;1;2;3;2;3;3;2;2;2;2;0;0;0;0;0;0;0;0;2;5;3;2;5;4;5;3;3;2;4;3;4;2;2;2;3;2;3;3;3;5;2;0;0;0;0;1;0;4;995;995;995;995;995;995;995;995;995;995;995;995;995;995;2;995;995;995;995;995;995;995;995;2;2;0;0;0;0;0;1;2;2;995;2;2;2;2;1;2;1;2;2;2;1;3;3;1;2;3;1;4;;MOUSSEAUX NEUVILLE;MOUSSEAUXNEUVILLE;3;3;7;997;997;997;1;999;2;35;1;5;1;36;1;6;36;6;3;2;3;2;;;;;;
375;1;2;2;2;1;1;1;1;2;1;0;1;0;1;0;0;0;1;1;5;2;2;5;3;5;4;1;2;4;3;4;3;1;2;3;2;3;3;3;999;3;1;0;0;0;1;0;3;995;995;995;995;995;995;995;995;995;995;995;995;995;995;2;995;995;995;995;995;995;995;995;3;2;0;1;0;0;0;0;999;2;995;3;2;2;2;2;2;3;2;2;2;2;2;3;1;2;2;1;3;;LA CHAPELLE GAUTHIER;LACHAPELLEGAUTHIER;3;3;8;997;997;997;1;999;1;37;1;6;2;31;1;5;37;6;3;2;3;2;;;;;;
376;1;2;2;1;3;2;1;1;2;999;0;1;1;1;0;0;0;0;1;3;2;2;5;2;2;4;1;1;1;1;1;3;1;1;1;1;1;3;3;3;3;1;0;0;0;0;0;3;995;995;995;995;995;995;995;995;995;995;995;995;995;995;2;995;995;995;995;995;995;995;995;3;2;0;0;0;1;0;0;2;2;995;2;2;3;2;1;1;3;2;3;2;1;3;3;1;2;999;2;995;;IGOVILLE;IGOVILLE;2;1;9;997;997;997;1;999;1;48;1;6;2;38;1;6;48;6;3;3;1;2;;;;;;
377;1;2;3;3;1;1;1;2;2;1;1;1;0;1;1;0;1;0;1;5;3;4;4;4;4;4;3;1;1;3;1;3;1;1;1;1;2;3;4;5;2;1;1;1;0;0;0;5;995;995;995;995;995;995;995;995;995;995;995;995;995;995;2;995;995;995;995;995;995;995;995;3;2;0;1;0;0;0;0;2;999;999;4;2;1;2;1;1;3;2;2;2;2;2;3;1;2;3;2;995;;LE THIL EN VEXIN;LETHILENVEXIN;3;2;14;997;997;997;1;1;2;35;1;5;1;46;1;5;46;5;3;3;2;3;;;;;;
378;1;2;2;2;1;1;1;1;1;1;1;0;0;0;0;0;0;0;1;1;2;1;1;3;1;1;1;999;4;4;1;2;2;2;2;2;1;1;3;1;2;1;0;0;0;0;0;3;995;995;995;995;995;995;995;995;995;995;995;995;995;995;2;995;995;995;995;995;995;995;995;999;1;0;0;0;0;0;1;1;1;1;4;2;2;2;2;2;999;2;2;2;2;2;999;2;995;4;999;999;;ST PIERRE DES FLEURS;STPIERREDESFLEURS;3;1;19;5;997;997;1;999;1;61;2;7;2;46;1;6;61;7;4;4;1;4;;;;;;
379;1;2;2;2;1;1;1;1;2;1;1;0;1;0;0;0;0;0;1;2;1;999;1;1;2;3;3;3;3;3;3;1;1;1;1;1;1;3;3;2;3;1;0;1;0;0;0;3;995;995;995;995;995;995;995;995;995;995;995;995;995;995;1;2;0;0;0;0;0;0;0;999;2;0;1;0;0;0;0;2;1;1;4;999;999;999;999;999;1;999;999;999;999;999;999;1;2;4;999;999;;999;999;999;1;24;5;997;997;1;999;2;60;1;5;1;64;2;7;64;7;4;5;1;4;;;;;;
380;1;3;4;2;1;1;2;2;3;1;1;0;1;0;0;0;0;0;2;5;2;5;5;5;5;1;2;4;4;4;4;1;1;3;3;3;3;2;3;4;2;0;0;1;0;1;0;5;995;995;995;995;995;995;995;995;995;995;995;995;995;995;2;995;995;995;995;995;995;995;995;4;1;0;0;0;0;1;0;1;999;999;999;2;2;2;2;2;2;999;999;999;999;999;999;1;2;2;4;995;;EVREUX;EVREUX;2;2;4;997;997;997;1;999;1;39;1;6;2;37;2;8;39;6;3;2;2;1;;;;;;
381;1;1;2;2;1;1;2;1;1;1;0;0;1;1;0;0;0;0;1;3;2;3;5;3;2;3;1;3;4;3;1;1;2;2;2;1;2;3;3;5;3;0;0;0;0;1;0;5;995;995;995;995;995;995;995;995;995;995;995;995;995;995;2;995;995;995;995;995;995;995;995;4;2;0;0;0;0;1;0;3;2;995;4;2;2;2;1;3;3;2;2;2;2;3;3;1;2;4;4;995;;PERRIERS LA CAMPAGNE;PERRIERSLACAMPAGNE;3;2;7;997;997;997;1;999;2;32;1;6;1;43;1;6;43;6;3;3;2;2;;;;;;
382;1;2;3;1;3;1;1;2;2;1;0;0;1;1;1;0;0;0;999;5;3;3;5;3;5;4;1;3;4;3;4;3;1;1;3;1;3;1;3;5;3;0;1;0;0;1;0;5;995;995;995;995;995;995;995;995;995;995;995;995;995;995;2;995;995;995;995;995;995;995;995;999;1;0;0;0;0;1;0;3;2;995;3;2;1;999;2;1;3;2;2;2;2;2;2;1;2;4;2;995;;DOVAINS;DOVAINS;3;1;6;997;997;997;1;2;2;34;1;5;1;33;1;6;33;6;3;2;1;2;;;;;;
383;1;2;3;3;3;1;1;1;2;3;995;995;995;995;995;995;995;995;2;3;3;2;2;3;3;3;3;3;3;3;1;3;3;3;1;3;2;3;3;1;2;0;0;0;1;0;0;4;995;995;995;995;995;995;995;995;995;995;995;995;995;995;2;995;995;995;995;995;995;995;995;3;2;0;0;0;0;1;0;2;2;995;2;2;2;2;2;2;999;2;2;2;2;2;2;1;2;3;2;995;;BOIS JEROME ST OUEN;BOISJEROMESTOUEN;3;2;22;6;5;997;1;999;2;51;1;6;1;51;1;5;51;5;3;4;2;4;;;;;;
384;1;2;999;999;1;1;2;2;2;1;1;1;0;0;0;0;0;0;2;3;3;5;5;5;5;3;1;4;4;4;4;2;2;3;3;3;3;2;2;2;2;0;0;1;0;1;0;4;995;995;995;995;995;995;995;995;995;995;995;995;995;995;2;995;995;995;995;995;995;995;995;2;2;0;0;0;1;0;0;1;2;995;4;2;2;2;2;3;3;2;2;2;3;3;3;1;2;3;2;995;;LA COUTURE BOUSSEY;LACOUTUREBOUSSEY;3;1;2;997;997;997;1;999;2;40;1;5;1;45;1;5;45;5;3;3;1;1;;;;;;
385;1;1;2;1;3;1;2;1;1;1;1;0;0;0;0;0;0;0;2;3;3;2;2;3;3;3;3;3;3;3;3;2;2;2;2;2;2;2;2;1;2;0;0;0;0;1;0;5;995;995;995;995;995;995;995;995;995;995;995;995;995;995;2;995;995;995;995;995;995;995;995;2;2;0;0;0;1;0;0;3;2;995;3;2;2;2;2;2;3;2;2;2;2;3;3;1;2;4;2;995;;ANDE;ANDE;2;2;18;5;997;997;1;999;2;47;1;5;1;52;1;3;52;3;1;4;2;4;;;;;;
386;1;1;2;2;3;3;2;2;1;1;0;0;1;1;0;0;0;0;1;5;2;2;5;2;5;4;2;2;2;2;4;3;1;999;1;1;3;3;3;4;3;1;1;0;0;1;0;4;995;995;995;995;995;995;995;995;995;995;995;995;995;995;2;995;995;995;995;995;995;995;995;4;2;0;0;0;1;0;0;2;2;995;4;2;2;2;2;2;3;2;2;2;2;2;3;1;2;4;1;6;;ST GERMAIN SUR AVRE;STGERMAINSURAVRE;2;2;11;997;997;997;1;2;2;34;1;5;1;43;1;5;43;5;3;3;2;2;;;;;;
387;1;999;2;2;1;1;2;1;1;1;1;0;1;1;1;0;1;0;1;2;2;2;2;2;2;3;1;3;3;3;1;1;1;1;1;1;1;1;2;1;2;0;1;0;0;1;0;4;995;995;995;995;995;995;995;995;995;995;995;995;995;995;2;995;995;995;995;995;995;995;995;2;1;1;0;0;0;0;0;2;2;995;4;2;2;2;2;2;3;2;2;2;2;2;3;1;2;4;4;995;;BOSGOUET;BOSGOUET;3;2;12;1;997;997;1;2;2;37;1;6;1;38;1;4;38;4;2;2;2;3;;;;;;
388;1;2;2;2;1;1;1;1;2;3;995;995;995;995;995;995;995;995;2;5;5;5;5;5;5;4;4;4;4;4;4;3;3;3;3;3;3;3;3;1;3;1;1;0;0;1;0;3;995;995;995;995;995;995;995;995;995;995;995;995;995;995;2;995;995;995;995;995;995;995;995;1;2;0;0;0;0;1;0;999;1;3;4;2;2;2;2;2;3;2;2;2;2;2;3;1;2;4;1;1;;GAILLON;GAILLON;2;2;23;6;6;997;1;1;2;55;1;5;1;56;1;5;56;5;3;4;2;4;;;;;;
389;1;2;3;2;3;1;1;2;2;1;1;0;1;1;0;0;0;0;2;5;2;2;5;3;3;4;3;1;4;3;1;3;1;1;3;1;1;4;4;5;3;1;0;1;1;0;0;5;995;995;995;995;995;995;995;995;995;995;995;995;995;995;2;995;995;995;995;995;995;995;995;2;2;0;0;1;0;0;0;2;2;995;4;2;1;2;1;1;3;2;2;2;2;2;3;1;2;3;2;995;;DAUBEUF PRES VATTEVILLE;DAUBEUFPRESVATTEVILLE;3;1;14;1;997;997;1;1;2;50;1;5;1;52;1;5;52;5;3;4;1;3;;;;;;
390;1;1;2;1;3;3;1;1;1;1;1;0;1;1;0;0;0;0;1;1;1;1;5;2;5;3;3;2;4;3;3;1;2;2;3;1;1;2;3;2;3;0;0;0;0;1;0;5;995;995;995;995;995;995;995;995;995;995;995;995;995;995;2;995;995;995;995;995;995;995;995;4;2;0;0;0;1;0;0;2;2;995;4;2;2;2;2;2;3;2;2;2;2;3;3;1;2;4;2;995;;LE PLESSIS GROHAN;LEPLESSISGROHAN;3;1;11;997;997;997;1;1;2;45;1;5;1;54;1;3;54;3;1;4;1;2;;;;;;
391;1;2;3;3;1;1;2;2;1;2;0;0;0;0;0;0;0;0;2;3;2;3;5;2;1;3;3;3;4;2;2;2;2;2;3;2;2;1;2;1;3;0;0;0;0;1;0;5;995;995;995;995;995;995;995;995;995;995;995;995;995;995;999;2;0;0;0;0;0;0;0;999;1;0;0;0;1;0;0;3;999;999;4;2;2;2;2;2;3;2;2;2;2;2;2;1;2;3;4;995;;ST GERMAIN SUR AVRE;STGERMAINSURAVRE;2;1;12;997;997;997;1;999;2;48;1;5;1;51;1;3;51;3;1;4;1;3;;;;;;
392;1;2;2;1;1;1;1;1;2;1;1;0;1;0;0;1;0;0;2;2;2;2;2;2;2;3;1;1;2;1;1;2;2;2;2;2;1;999;3;1;1;1;0;0;0;1;0;5;995;995;995;995;995;995;995;995;995;995;995;995;995;995;2;995;995;995;995;995;995;995;995;2;2;0;0;0;0;1;0;2;2;995;2;2;2;2;2;2;2;2;2;2;2;2;2;1;2;3;1;4;;LA HEUNIERE;LAHEUNIERE;3;2;18;3;1;997;1;999;2;42;1;5;1;46;1;3;46;3;1;3;2;4;;;;;;
393;1;2;2;2;1;3;1;1;2;1;0;0;1;0;1;0;0;0;1;4;2;2;2;2;3;3;1;3;3;1;3;1;1;1;1;1;1;4;4;5;3;1;0;0;1;1;0;3;995;995;995;995;995;995;995;995;995;995;995;995;995;995;2;995;995;995;995;995;995;995;995;3;2;1;0;0;0;0;0;3;999;999;4;2;2;2;1;1;3;2;2;2;2;2;3;1;2;3;1;4;;BOURNEVILLE;BOURNEVILLE;3;2;12;997;997;997;1;2;1;38;1;6;2;40;2;8;38;6;3;2;2;3;;;;;;
394;1;1;1;2;1;3;1;1;1;1;1;0;0;1;1;0;0;0;1;3;2;2;3;3;2;3;1;2;4;1;2;1;1;2;2;1;2;2;3;2;2;0;0;0;0;1;0;4;995;995;995;995;995;995;995;995;995;995;995;995;995;995;2;995;995;995;995;995;995;995;995;2;2;0;0;0;1;0;0;3;2;995;3;2;2;2;2;2;2;2;2;2;2;2;2;1;2;3;1;2;;EPAIGNES;EPAIGNES;3;2;16;2;997;997;1;999;2;40;1;5;1;41;1;6;41;6;3;3;2;3;;;;;;
395;1;2;2;3;3;3;2;2;1;2;0;0;0;0;0;0;0;0;1;5;2;999;2;4;2;4;3;3;3;3;2;3;2;2;2;2;2;2;3;5;3;0;0;0;0;1;0;5;995;995;995;995;995;995;995;995;995;995;995;995;995;995;2;995;995;995;995;995;995;995;995;3;1;0;0;0;0;1;0;2;2;995;4;2;2;2;1;2;3;2;2;2;2;2;3;1;2;3;1;1;;PERRIERS SUR ANDELLE;PERRIERSSURANDELLE;3;2;17;2;2;997;1;999;1;44;1;6;2;45;1;5;44;6;3;3;2;3;;;;;;
396;1;2;3;2;1;1;1;1;1;1;1;0;1;1;0;0;0;0;1;5;5;5;999;2;5;4;4;4;4;4;4;3;3;3;3;3;3;4;4;2;3;1;0;0;1;1;0;3;995;995;995;995;995;995;995;995;995;995;995;995;995;995;2;995;995;995;995;995;995;995;995;999;2;0;0;0;0;0;1;3;999;4;4;999;1;1;1;1;999;999;1;1;1;1;999;1;2;4;999;999;;VERNEUIL SUR AVRE;VERNEUILSURAVRE;3;6;;6;6;6;1;999;1;61;2;7;2;59;1;5;61;7;4;4;4;1;;;;;;
397;1;2;2;2;1;1;1;1;2;1;1;1;1;0;1;0;0;0;1;1;3;1;2;2;2;1;1;1;1;1;1;1;1;2;2;2;3;1;4;5;3;1;1;0;1;0;0;4;995;995;995;995;995;995;995;995;995;995;995;995;995;995;2;995;995;995;995;995;995;995;995;3;2;0;1;0;0;0;0;2;2;995;1;1;1;2;1;1;3;1;1;2;2;2;3;1;2;2;2;995;;LE GROS THEIL;LEGROSTHEIL;3;3;19;4;1;997;1;1;2;39;1;5;1;43;1;6;43;6;3;3;3;4;;;;;;
398;1;2;2;1;1;1;1;1;2;1;1;1;0;1;1;0;0;0;1;5;2;2;3;1;5;4;1;1;1;1;4;3;1;1;1;1;3;2;4;5;2;1;1;0;0;1;0;5;995;995;995;995;995;995;995;995;995;995;995;995;995;995;2;995;995;995;995;995;995;995;995;3;2;1;0;0;0;0;0;3;2;995;4;1;1;1;1;1;3;2;2;2;2;2;2;1;1;3;4;995;;LES ANDELYS;LESANDELYS;2;2;3;997;997;997;1;999;2;25;1;5;1;38;1;5;38;5;3;2;2;1;;;;;;
399;1;2;1;2;1;1;2;2;1;1;1;0;0;1;0;0;0;0;1;3;2;2;2;2;2;1;1;3;1;1;3;2;2;2;1;1;1;3;3;4;3;0;0;1;0;1;0;2;1;0;0;0;0;1;0;0;0;0;0;0;0;0;2;995;995;995;995;995;995;995;995;999;2;0;0;0;1;0;0;3;1;4;4;2;2;2;2;2;999;2;2;2;2;2;999;1;2;3;1;2;;HAUVILLE;HAUVILLE;3;3;20;6;2;997;1;999;2;43;1;5;1;45;1;6;45;6;3;3;3;4;;;;;;
400;1;2;2;1;1;2;2;2;2;2;0;0;0;0;0;0;0;0;2;5;5;5;5;5;5;4;4;4;4;4;4;3;3;3;3;3;3;3;3;2;2;0;0;1;0;1;0;4;995;995;995;995;995;995;995;995;995;995;995;995;995;995;2;995;995;995;995;995;995;995;995;999;2;0;0;0;0;1;0;3;2;995;4;2;2;2;2;2;3;999;999;999;999;999;999;1;2;4;2;995;;ST AUBIN DE SCELLON;STAUBINDESCELLON;3;2;24;6;6;997;1;999;1;54;1;6;2;57;1;5;54;6;3;4;2;4;;;;;;
401;1;2;2;1;1;1;2;2;2;3;995;995;995;995;995;995;995;995;2;4;2;3;5;2;5;1;3;1;4;2;4;1;2;1;3;2;3;1;3;5;2;0;0;1;0;1;0;2;995;995;995;995;995;995;995;995;995;995;995;995;995;995;2;995;995;995;995;995;995;995;995;2;1;0;0;0;0;1;0;3;2;995;1;2;2;2;2;2;3;2;2;2;2;2;3;1;2;2;1;6;;LES ESSARTS;LESESSARTS;3;2;8;997;997;997;1;999;2;37;1;5;1;31;1;5;31;5;3;2;2;2;;;;;;
402;1;2;2;1;1;1;1;1;2;1;0;0;1;1;0;1;0;0;1;2;2;2;1;1;1;3;1;3;3;1;1;1;1;1;1;1;1;3;3;1;3;1;0;0;0;1;0;3;995;995;995;995;995;995;995;995;995;995;995;995;995;995;1;2;1;0;0;0;0;0;0;4;2;0;0;0;1;0;0;3;2;995;3;2;2;2;1;1;1;2;2;2;2;2;3;1;2;4;1;4;;BERNAY;BERNAY;2;2;21;5;5;997;1;999;1;52;1;5;2;50;1;5;52;5;3;4;2;4;;;;;;
403;1;2;3;3;1;1;1;1;2;1;1;0;1;1;0;1;0;1;2;5;2;5;5;5;5;4;1;4;4;4;4;3;2;3;3;3;3;3;3;3;2;0;0;1;0;1;0;5;995;995;995;995;995;995;995;995;995;995;995;995;995;995;2;995;995;995;995;995;995;995;995;2;2;0;0;0;0;0;1;2;2;995;2;2;2;2;1;1;3;2;2;2;2;2;3;1;1;3;1;4;;LA SAUSSAYE;LASAUSSAYE;3;1;3;997;997;997;1;999;2;31;1;5;1;34;1;5;34;5;3;2;1;1;;;;;;
404;1;1;3;3;1;1;1;1;1;1;1;0;1;1;0;0;0;0;1;3;2;3;5;5;5;2;2;2;4;4;4;2;2;1;3;3;3;3;3;5;3;1;1;0;0;1;0;5;995;995;995;995;995;995;995;995;995;995;995;995;995;995;2;995;995;995;995;995;995;995;995;2;2;0;1;0;0;0;0;2;2;995;1;2;3;2;2;2;3;2;3;2;3;3;3;1;2;3;4;995;;AULNAY SUR ITON;AULNAYSURITON;3;1;2;997;997;997;1;999;1;24;1;6;2;23;1;5;24;6;3;1;1;1;;;;;;
405;1;1;4;4;1;1;1;1;2;1;1;0;0;0;0;0;1;0;2;5;4;3;5;2;5;4;3;3;4;3;4;3;1;2;3;2;3;3;3;3;1;0;0;0;0;1;0;4;995;995;995;995;995;995;995;995;995;995;995;995;995;995;2;995;995;995;995;995;995;995;995;3;2;0;1;0;0;0;0;2;2;995;2;2;2;2;2;2;3;2;2;2;2;2;3;1;2;3;2;995;;VERNON;VERNON;2;4;7;997;997;997;1;999;2;29;1;5;1;30;1;2;30;2;1;2;4;2;;;;;;
406;1;1;1;2;1;1;2;2;1;2;0;0;0;0;0;0;0;0;2;3;1;2;2;2;5;1;1;2;2;4;4;1;1;1;1;3;3;3;3;1;3;0;0;1;1;1;0;4;995;995;995;995;995;995;995;995;995;995;995;995;995;995;2;995;995;995;995;995;995;995;995;2;1;0;0;0;1;0;0;2;2;995;3;2;2;1;1;1;3;2;2;1;1;1;3;1;2;4;2;995;;ARNIERES SUR ITON;ARNIERESSURITON;2;1;19;4;997;997;1;999;2;56;1;5;1;62;2;7;62;7;4;4;1;4;;;;;;
407;1;2;3;2;1;2;2;1;1;2;0;0;0;0;0;0;0;0;2;2;3;3;2;3;1;3;1;2;2;1;1;1;2;1;1;2;2;3;3;3;3;1;1;0;1;0;0;5;995;995;995;995;995;995;995;995;995;995;995;995;995;995;2;995;995;995;995;995;995;995;995;4;2;0;1;0;0;0;0;3;1;4;1;2;2;2;1;1;999;2;2;2;2;2;2;1;2;3;1;3;;AMFREVILLE SOUS LES MONTS;AMFREVILLESOUSLESMONTS;3;3;16;3;997;997;1;1;2;38;1;5;1;39;1;6;39;6;3;2;3;3;;;;;;
408;1;1;2;2;1;1;2;1;1;1;1;1;0;1;0;0;0;0;1;3;2;2;5;3;3;3;1;1;4;1;1;3;1;1;3;1;1;3;3;2;3;1;1;0;0;1;0;2;1;0;0;0;1;0;0;0;0;0;0;0;0;0;2;995;995;995;995;995;995;995;995;3;2;0;0;0;1;0;0;2;2;995;3;2;2;2;1;1;1;2;2;2;2;2;2;1;2;2;1;4;;AUBEVOYE;AUBEVOYE;2;2;8;997;997;997;1;2;1;44;1;6;2;41;2;8;44;6;3;3;2;2;;;;;;
409;1;2;3;3;1;1;2;2;2;1;1;0;1;1;0;1;0;0;1;2;2;2;2;3;3;1;1;1;2;1;1;1;1;1;1;1;2;3;3;5;3;0;0;1;0;1;0;5;995;995;995;995;995;995;995;995;995;995;995;995;995;995;2;995;995;995;995;995;995;995;995;2;2;0;0;0;0;1;0;1;2;995;2;2;2;999;2;1;1;2;2;2;2;2;3;1;2;4;4;995;;999;999;999;3;15;2;1;997;1;2;2;43;1;5;1;49;1;5;49;5;3;3;3;3;;;;;;
410;1;2;3;1;1;1;1;2;1;1;1;1;0;1;0;0;0;0;1;1;2;3;5;2;1;4;1;999;4;999;999;1;1;2;3;2;1;3;3;1;3;1;0;1;1;0;0;2;995;995;995;995;995;995;995;995;995;995;995;995;995;995;2;995;995;995;995;995;995;995;995;2;2;1;0;0;0;0;0;3;2;995;3;2;2;2;2;2;999;2;2;2;2;2;3;1;2;3;3;995;;BEUZEVILLE;BEUZEVILLE;3;3;18;3;6;1;1;2;1;45;1;6;2;56;1;6;45;6;3;3;3;4;;;;;;
411;1;2;1;2;1;3;2;1;1;3;995;995;995;995;995;995;995;995;2;5;4;1;5;4;5;1;1;2;4;3;1;1;1;2;3;2;2;2;3;1;3;0;0;1;0;1;0;5;995;995;995;995;995;995;995;995;995;995;995;995;995;995;2;995;995;995;995;995;995;995;995;2;2;0;0;0;0;1;0;2;2;995;4;2;2;2;2;2;2;2;2;2;2;2;2;2;995;4;2;995;;999;999;999;1;6;997;997;997;1;999;2;33;1;5;1;34;1;6;34;6;3;2;1;2;;;;;;
412;1;1;1;1;1;1;1;1;1;1;0;0;0;1;1;1;0;0;1;4;2;1;5;3;2;3;2;2;4;1;2;1;1;1;3;2;2;3;3;2;3;0;1;0;0;1;0;4;995;995;995;995;995;995;995;995;995;995;995;995;995;995;2;995;995;995;995;995;995;995;995;2;2;0;0;0;1;0;0;3;2;995;4;2;2;2;2;2;3;2;2;2;2;2;3;1;2;4;2;995;;PRESSAGNY L'ORGUEILLEUX;PRESSAGNYLORGUEILLEUX;3;2;12;1;997;997;1;999;2;40;1;5;1;42;1;6;42;6;3;3;2;3;;;;;;
413;1;1;1;1;1;1;1;1;1;1;1;1;1;1;0;0;0;0;1;1;1;1;999;1;1;1;1;1;4;1;1;1;1;1;3;1;1;4;4;4;3;1;1;1;0;0;0;2;1;0;0;1;0;0;0;0;0;0;0;0;0;0;2;995;995;995;995;995;995;995;995;4;2;0;0;0;0;1;0;2;2;995;4;2;2;2;1;1;999;2;2;2;3;3;3;1;2;3;1;1;;ST ANDRE DE L EURE;STANDREDELEURE;3;2;5;997;997;997;1;999;1;30;1;5;2;30;2;8;30;5;3;2;2;1;;;;;;
414;1;3;3;4;1;1;1;1;3;1;0;1;1;1;1;0;0;0;1;2;3;2;2;3;3;999;999;999;999;999;999;999;999;999;999;999;999;1;2;1;2;0;0;0;0;1;0;5;995;995;995;995;995;995;995;995;995;995;995;995;995;995;2;995;995;995;995;995;995;995;995;999;999;0;0;0;0;0;0;999;999;999;999;999;999;999;999;999;999;999;999;999;999;999;999;999;999;999;2;995;;999;999;999;2;15;6;3;997;1;999;2;50;1;6;1;51;1;5;51;5;3;4;2;3;;;;;;
415;1;2;3;2;1;1;1;2;2;1;0;1;1;0;0;0;0;0;2;5;2;4;5;2;5;4;1;3;4;4;4;3;1;2;3;3;3;1;2;5;3;0;0;0;0;1;0;5;995;995;995;995;995;995;995;995;995;995;995;995;995;995;1;2;1;0;0;0;0;0;0;2;1;0;0;0;0;0;0;1;2;995;4;2;2;2;2;2;3;2;2;2;2;3;3;1;2;3;2;995;;EVREUX;EVREUX;2;2;8;997;997;997;1;999;2;40;1;5;1;40;1;3;40;3;1;3;2;2;;;;;;
416;1;2;2;1;1;1;2;2;3;3;995;995;995;995;995;995;995;995;2;5;5;5;5;5;5;4;4;4;4;4;4;3;3;3;3;3;3;3;3;1;2;1;0;1;0;1;0;5;995;995;995;995;995;995;995;995;995;995;995;995;995;995;2;995;995;995;995;995;995;995;995;2;1;0;0;0;0;1;0;2;2;995;4;2;1;1;2;2;3;2;2;2;3;3;3;1;2;3;2;995;;LES BAUX SAINTE CROIX;LESBAUXSAINTECROIX;3;1;0;997;997;997;1;999;2;25;1;5;1;24;1;6;24;6;3;1;1;1;;;;;;
417;1;2;3;2;1;1;2;1;2;3;995;995;995;995;995;995;995;995;1;5;2;2;5;2;2;4;1;3;4;3;3;999;2;2;3;2;2;3;4;5;3;0;1;1;0;1;0;5;995;995;995;995;995;995;995;995;995;995;995;995;995;995;2;995;995;995;995;995;995;995;995;999;2;0;0;0;0;1;0;2;2;995;2;2;2;2;2;2;3;2;2;2;2;2;3;1;2;3;1;6;;DOUVILLE SUR ANDELLE;DOUVILLESURANDELLE;3;2;13;997;997;997;1;999;2;43;1;5;1;40;1;6;40;6;3;3;2;3;;;;;;
418;1;1;2;2;1;1;1;1;1;1;1;1;1;1;0;0;1;0;1;5;5;5;5;5;5;4;4;4;4;4;4;3;3;3;3;3;3;3;3;5;3;1;0;1;1;0;0;3;995;995;995;995;995;995;995;995;995;995;995;995;995;995;2;995;995;995;995;995;995;995;995;999;999;0;0;0;0;0;0;999;999;999;999;999;999;999;999;999;999;999;999;999;999;999;999;999;999;999;3;995;;EVREUX;EVREUX;2;2;24;6;6;997;2;997;2;47;1;6;997;997;997;997;47;6;3;3;2;4;;;;;;
419;1;2;2;2;1;1;1;1;2;1;1;1;1;1;0;1;0;0;1;999;999;999;999;999;999;999;999;999;999;999;999;999;999;999;999;999;999;4;3;5;2;0;0;1;0;1;0;3;995;995;995;995;995;995;995;995;995;995;995;995;995;995;2;995;995;995;995;995;995;995;995;4;2;0;0;0;0;0;0;2;2;995;4;2;2;1;2;2;3;2;2;2;2;2;2;1;2;3;2;995;;NASSANDRES;NASSANDRES;3;3;24;6;6;6;1;1;1;52;1;6;2;51;1;5;52;6;3;4;3;4;;;;;;
420;1;1;2;2;3;3;2;2;1;1;0;0;1;0;0;0;0;0;2;3;2;2;2;3;3;3;3;3;3;3;3;2;2;2;2;2;2;3;3;5;3;0;0;0;1;1;0;4;995;995;995;995;995;995;995;995;995;995;995;995;995;995;2;995;995;995;995;995;995;995;995;999;2;0;0;0;0;1;0;3;2;995;2;2;2;2;2;2;3;2;2;2;2;2;3;1;2;4;1;4;;BREUILPONT;BREUILPONT;3;3;20;4;2;997;1;999;2;42;1;5;1;45;1;3;45;3;1;3;3;4;;;;;;
421;1;1;2;2;1;1;1;1;1;3;995;995;995;995;995;995;995;995;1;3;2;1;5;2;3;3;3;3;4;3;3;1;1;1;3;1;1;3;3;5;2;0;1;0;0;1;0;4;995;995;995;995;995;995;995;995;995;995;995;995;995;995;2;995;995;995;995;995;995;995;995;4;1;0;0;0;1;0;0;999;2;995;4;2;2;2;1;2;3;2;2;2;2;2;2;1;2;4;1;6;;PARVILLE;PARVILLE;3;2;13;997;997;997;1;1;2;37;1;5;1;37;1;5;37;5;3;2;2;3;;;;;;
422;1;2;3;2;3;2;1;1;1;2;0;0;0;0;0;0;0;0;1;5;3;5;5;5;5;4;2;4;4;4;4;3;1;3;3;3;3;3;3;2;3;1;0;0;0;0;0;4;995;995;995;995;995;995;995;995;995;995;995;995;995;995;2;995;995;995;995;995;995;995;995;3;1;0;0;0;1;0;0;3;999;999;4;1;1;2;1;1;1;2;2;2;2;2;2;1;2;4;4;995;;ECAQUELON;ECAQUELON;3;2;2;997;997;997;1;999;2;29;1;6;1;31;1;6;31;6;3;2;2;1;;;;;;
423;1;1;3;1;1;1;1;1;1;1;0;0;1;1;0;0;0;0;1;5;1;1;5;5;1;4;2;2;4;4;2;3;1;1;3;2;1;4;4;5;3;1;0;0;0;1;0;4;995;995;995;995;995;995;995;995;995;995;995;995;995;995;2;995;0;0;0;0;0;0;0;999;1;0;1;0;0;0;0;2;2;995;4;2;2;2;2;3;999;2;2;2;2;2;2;1;2;4;1;2;;GRANDVILLIERS;GRANDVILLIERS;3;1;7;997;997;997;1;1;2;30;1;5;1;40;2;8;40;8;4;3;1;2;;;;;;
424;1;1;3;1;3;1;1;2;1;1;1;0;0;1;0;0;0;0;1;1;1;1;1;2;1;3;1;3;3;1;1;2;1;2;2;1;1;3;3;5;3;0;0;0;0;1;0;4;995;995;995;995;995;995;995;995;995;995;995;995;995;995;1;2;0;0;0;0;0;0;0;999;1;0;0;0;1;0;0;3;2;995;3;2;2;2;2;2;2;2;2;2;1;2;999;1;2;4;2;995;;LA HAYE DE ROUTOT;LAHAYEDEROUTOT;3;2;20;5;1;997;1;999;2;46;1;5;1;47;1;6;47;6;3;3;2;4;;;;;;
425;1;1;1;1;1;1;1;1;1;999;1;1;0;0;0;0;1;0;1;1;1;1;1;1;1;1;1;1;1;1;1;1;999;1;1;1;1;4;4;5;3;0;1;0;0;1;0;4;995;995;995;995;995;995;995;995;995;995;995;995;995;995;2;995;995;995;995;995;995;995;995;999;1;0;1;0;0;0;0;1;2;995;4;1;1;1;1;1;1;1;1;1;1;1;1;1;1;4;1;6;;LE FIDELAIRE;LEFIDELAIRE;3;2;4;997;997;997;1;999;1;35;1;5;2;32;1;5;35;5;3;2;2;1;;;;;;
426;1;1;2;1;1;1;1;1;2;1;0;1;0;1;0;0;0;1;1;3;2;3;3;3;3;3;1;3;3;3;3;3;1;2;2;1;2;3;3;2;3;1;0;1;0;1;0;4;995;995;995;995;995;995;995;995;995;995;995;995;995;995;2;995;995;995;995;995;995;995;995;999;1;0;0;0;1;0;0;2;999;999;2;2;2;2;2;2;3;2;2;2;2;2;3;1;2;3;2;995;;CAMPIGNY;CAMPIGNY;3;2;16;2;997;997;1;1;2;40;1;5;1;39;1;5;39;5;3;2;2;3;;;;;;
427;1;1;1;1;3;3;1;1;1;2;0;0;0;0;0;0;0;0;1;2;2;2;1;2;1;2;2;2;2;1;1;1;1;1;1;1;1;4;4;5;3;1;1;0;1;0;0;5;995;995;995;995;995;995;995;995;995;995;995;995;995;995;2;995;995;995;995;995;995;995;995;4;2;0;1;0;0;0;0;1;1;999;1;2;2;2;2;2;2;1;1;1;1;1;999;1;2;4;1;4;;BOISEMONT;BOISEMONT;3;3;17;2;1;997;1;999;2;40;1;6;1;41;1;2;41;2;1;3;3;3;;;;;;
428;1;2;2;2;3;3;2;2;2;1;0;0;0;1;0;1;0;0;1;3;3;5;999;2;3;3;3;3;4;2;3;2;2;2;3;1;2;2;2;2;2;0;0;0;0;1;0;5;995;995;995;995;995;995;995;995;995;995;995;995;995;995;2;995;995;995;995;995;995;995;995;2;1;0;0;1;0;0;0;3;2;995;2;2;2;2;1;2;2;2;2;2;2;2;2;1;2;3;1;2;;NOTRE DAME D EPINE;NOTREDAMEDEPINE;3;2;8;997;997;997;1;2;2;34;1;5;1;39;1;3;39;3;1;2;2;2;;;;;;
429;1;2;2;2;1;1;2;2;2;1;1;0;1;0;0;0;0;0;1;999;999;999;999;999;999;999;999;999;999;999;999;999;999;999;999;999;999;3;4;3;3;1;0;1;0;1;0;2;2;995;995;995;995;995;995;995;995;995;995;995;995;995;2;995;995;995;995;995;995;995;995;2;2;0;0;0;0;1;0;3;2;995;2;2;1;2;1;3;3;2;2;2;2;2;2;1;2;4;1;3;;BOURG ACHARD;BOURGACHARD;3;4;13;997;997;997;1;1;2;37;1;5;1;39;2;8;39;8;4;2;4;3;;;;;;
430;1;2;3;1;3;1;2;2;2;1;0;1;0;0;0;1;0;0;2;5;3;999;5;5;5;4;3;999;4;4;4;999;2;3;3;3;3;3;2;1;2;0;0;0;0;1;0;4;995;995;995;995;995;995;995;995;995;995;995;995;995;995;2;995;995;995;995;995;995;995;995;1;2;0;0;0;1;0;0;2;2;995;4;2;2;2;1;1;3;2;2;2;2;3;3;1;2;3;4;995;;ST SEBASTIEN DE MORSENT;STSEBASTIENDEMORSENT;2;2;8;997;997;997;1;1;2;38;1;5;1;35;1;2;35;2;1;2;2;2;;;;;;
431;1;2;2;2;1;1;2;2;2;1;1;0;0;0;0;0;0;0;2;2;2;1;999;1;1;3;1;1;4;4;1;2;2;2;2;2;2;3;3;5;3;0;1;0;0;1;0;5;995;995;995;995;995;995;995;995;995;995;995;995;995;995;2;995;995;995;995;995;995;995;995;999;2;0;0;0;1;0;0;2;2;995;4;1;1;2;1;1;1;2;2;2;1;1;2;2;995;4;3;995;;MARCILLY SUR EURE;MARCILLYSUREURE;3;3;25;6;1;997;1;999;2;44;1;5;1;47;1;6;47;6;3;3;3;4;;;;;;
432;1;2;3;2;2;2;2;2;2;2;0;0;0;0;0;0;0;0;2;3;3;3;5;4;5;3;999;2;3;3;3;2;2;2;3;2;2;3;3;2;3;0;0;0;0;1;0;4;995;995;995;995;995;995;995;995;995;995;995;995;995;995;2;995;995;995;995;995;995;995;995;999;2;0;0;0;1;0;0;1;2;995;1;2;2;2;2;2;3;2;2;2;2;2;3;1;2;3;2;995;;GRAVERON SEMERVILLE;GRAVERONSEMERVILLE;3;2;17;2;997;997;1;1;2;42;1;5;1;40;1;5;40;5;3;3;2;3;;;;;;
433;1;1;2;1;1;1;1;1;1;1;1;0;1;1;0;0;0;0;1;5;2;2;2;2;5;3;2;2;3;2;3;2;1;1;2;2;2;3;3;5;1;1;0;0;1;1;0;3;995;995;995;995;995;995;995;995;995;995;995;995;995;995;2;995;995;995;995;995;995;995;995;999;1;1;0;0;0;0;0;2;2;995;4;2;2;2;1;3;2;2;2;2;2;3;3;1;2;3;4;995;;CHARLEVAL;CHARLEVAL;3;3;9;997;997;997;1;999;2;29;1;5;1;38;1;5;38;5;3;2;3;2;;;;;;
434;1;2;3;2;3;1;1;1;1;1;0;1;0;1;1;0;0;0;1;2;3;2;2;4;3;3;3;3;1;1;3;1;1;2;1;1;1;2;3;2;3;1;1;0;0;1;0;5;995;995;995;995;995;995;995;995;995;995;995;995;995;995;2;995;995;995;995;995;995;995;995;999;1;0;0;0;1;0;0;1;1;1;1;2;1;2;1;1;999;2;2;2;2;2;999;1;2;3;999;4;;TOURVILLE LA CAMPAGNE;TOURVILLELACAMPAGNE;3;2;13;6;5;997;1;999;1;50;1;6;2;47;1;5;50;6;3;4;2;3;;;;;;
435;1;2;2;1;3;1;2;1;3;3;995;995;995;995;995;995;995;995;2;5;3;3;5;3;3;4;3;3;4;3;3;3;2;2;3;2;2;3;3;3;3;0;0;0;0;1;0;3;995;995;995;995;995;995;995;995;995;995;995;995;995;995;2;995;995;995;995;995;995;995;995;2;2;0;0;0;1;0;0;2;2;995;3;2;2;2;1;3;3;2;2;2;2;2;3;1;2;2;2;995;;GRAINVILLE;GRAINVILLE;3;2;15;2;997;997;1;999;2;39;1;6;1;61;2;7;61;7;4;4;2;3;;;;;;
436;1;2;3;2;3;3;2;2;2;1;0;0;1;0;0;0;0;0;2;4;3;3;3;2;3;3;1;3;3;2;3;2;2;1;2;2;2;2;2;2;1;0;0;0;0;1;0;4;995;995;995;995;995;995;995;995;995;995;995;995;995;995;2;995;995;995;995;995;995;995;995;3;2;0;0;0;1;0;0;3;2;995;2;2;2;2;2;2;3;2;2;2;2;2;3;1;2;3;1;4;;LOUVIERS;LOUVIERS;2;3;8;997;997;997;1;999;2;36;1;6;1;38;1;3;38;3;1;2;3;2;;;;;;
437;1;1;2;1;1;1;1;1;1;2;0;0;0;0;0;0;0;0;2;5;5;5;2;5;5;4;4;4;2;4;4;3;3;3;1;3;3;3;3;1;2;0;1;0;1;0;0;5;995;995;995;995;995;995;995;995;995;995;995;995;995;995;2;995;995;995;995;995;995;995;995;3;2;0;0;0;0;1;0;3;2;995;4;2;2;1;1;2;1;2;2;1;1;2;1;1;2;4;4;995;;CHARLEVAL;CHARLEVAL;3;1;22;6;997;997;1;999;2;43;1;6;1;46;1;6;46;6;3;3;1;4;;;;;;
438;1;2;3;2;3;3;2;2;2;3;995;995;995;995;995;995;995;995;2;5;3;2;5;3;5;4;3;3;4;3;4;3;2;2;3;2;3;2;2;5;3;0;0;0;0;1;0;4;995;995;995;995;995;995;995;995;995;995;995;995;995;995;2;995;995;995;995;995;995;995;995;2;2;0;0;0;0;1;0;3;2;995;2;3;2;2;2;2;3;2;3;2;2;3;3;1;2;3;4;995;;LIEUREY;LIEUREY;3;2;9;997;997;997;1;999;2;37;1;5;1;32;1;5;32;5;3;2;2;2;;;;;;
439;1;2;1;2;3;3;2;2;2;1;1;1;1;1;0;0;0;0;1;5;2;2;5;5;3;4;1;1;4;1;1;3;2;1;3;2;1;4;3;3;3;1;0;1;0;0;0;2;1;0;0;1;0;0;0;0;0;0;0;0;0;0;2;995;995;995;995;995;995;995;995;2;2;0;0;0;0;1;0;2;2;995;2;2;1;2;2;2;2;2;2;2;2;2;2;1;2;4;1;2;;HENNEZIS;HENNEZIS;3;2;9;997;997;997;1;999;2;35;1;5;1;33;2;8;33;8;4;2;2;2;;;;;;
440;1;2;3;4;1;1;2;2;1;1;1;1;0;1;0;1;0;0;1;2;1;2;1;3;2;1;2;1;2;3;1;1;2;1;999;1;1;2;2;2;3;0;1;0;1;1;0;4;995;995;995;995;995;995;995;995;995;995;995;995;995;995;2;995;995;995;995;995;995;995;995;4;1;0;0;0;1;0;0;2;2;995;4;2;2;2;1;2;3;2;2;2;2;2;3;1;2;4;1;999;;AVIRON;AVIRON;2;4;18;3;1;1;1;999;2;44;1;5;1;46;1;5;46;5;3;3;4;4;;;;;;
441;1;2;2;2;1;1;1;1;1;1;1;1;0;1;0;0;0;0;1;2;3;2;3;3;2;2;3;999;2;3;2;1;1;1;1;1;1;1;2;5;3;0;0;0;1;1;0;3;995;995;995;995;995;995;995;995;995;995;995;995;995;995;1;1;995;995;995;995;995;995;995;2;1;0;0;0;1;0;0;3;2;995;4;1;1;999;1;3;3;2;2;2;2;3;3;1;2;3;2;995;;LOUVERSEY;LOUVERSEY;3;2;21;6;4;997;1;2;2;44;1;6;1;44;1;6;44;6;3;3;2;4;;;;;;
442;1;2;999;2;3;3;999;2;3;1;1;0;1;0;0;0;0;0;2;3;3;2;2;2;3;2;2;2;2;2;2;2;1;1;2;1;2;2;3;999;2;0;0;1;0;0;0;5;995;995;995;995;995;995;995;995;995;995;995;995;995;995;2;995;995;995;995;995;995;995;995;4;1;0;0;0;0;1;0;3;2;995;2;2;2;2;2;2;999;999;999;999;999;999;999;1;2;3;1;3;;VERNON;VERNON;2;3;16;3;997;997;1;999;2;35;1;5;1;31;1;3;31;3;1;2;3;3;;;;;;
443;1;1;2;1;1;1;2;2;1;1;1;0;0;1;0;0;0;0;1;1;2;999;1;999;1;999;999;999;999;999;999;999;999;999;999;999;999;4;4;3;3;1;0;1;1;0;0;3;995;995;995;995;995;995;995;995;995;995;995;995;995;995;1;2;0;0;0;0;0;0;0;3;2;0;0;0;1;0;0;1;2;995;1;1;1;1;1;1;1;999;1;1;1;1;999;1;2;4;2;995;;BOURGTHEROULDE;BOURGTHEROULDE;3;1;21;5;997;997;1;999;1;66;2;7;2;62;2;7;66;7;4;5;1;4;;;;;;
444;1;2;2;2;1;1;1;1;1;1;1;1;0;1;1;0;0;0;1;5;1;5;5;5;5;4;1;4;4;4;4;3;1;3;3;3;3;3;3;5;2;0;1;0;1;0;0;5;995;995;995;995;995;995;995;995;995;995;995;995;995;995;2;995;995;995;995;995;995;995;995;4;2;0;0;0;0;1;0;2;2;995;4;2;2;1;1;3;3;2;2;2;3;3;3;1;2;4;1;4;;BONNEVILLE APTOT;BONNEVILLEAPTOT;3;2;3;997;997;997;1;2;2;33;1;5;1;51;1;6;51;6;3;4;2;1;;;;;;
445;1;1;3;1;3;3;2;2;2;1;0;1;1;0;0;0;0;0;999;4;2;2;5;2;5;3;3;3;4;3;4;2;2;2;3;2;3;3;3;5;2;0;0;1;0;1;0;5;995;995;995;995;995;995;995;995;995;995;995;995;995;995;1;1;995;995;995;995;995;995;995;999;1;0;0;0;0;0;1;2;2;995;2;2;2;2;2;2;3;2;2;2;3;3;3;1;2;3;1;1;;SAINT VIGOR;SAINTVIGOR;3;2;4;997;997;997;1;999;2;30;1;5;1;32;1;5;32;5;3;2;2;1;;;;;;
446;1;2;2;1;1;1;2;2;3;1;1;0;1;0;0;0;0;0;2;4;2;2;5;3;3;1;1;2;1;1;2;2;1;2;2;2;2;3;3;3;3;0;1;0;0;1;0;4;995;995;995;995;995;995;995;995;995;995;995;995;995;995;2;995;995;995;995;995;995;995;995;3;2;0;0;0;1;0;0;3;2;995;3;2;2;2;2;2;2;2;2;2;2;2;2;1;2;3;3;995;;VERNON;VERNON;2;4;8;997;997;997;1;999;1;43;1;6;2;39;2;8;43;6;3;3;4;2;;;;;;
447;1;2;2;2;1;1;1;1;1;1;1;1;1;0;0;0;0;0;1;5;2;1;5;2;2;999;999;999;999;999;999;999;999;999;999;999;999;999;999;999;999;0;0;0;0;0;0;999;995;995;995;995;995;995;995;995;995;995;995;995;995;995;999;999;995;995;995;995;995;995;995;999;2;0;0;0;0;0;0;2;2;995;1;2;2;2;1;1;3;2;2;2;2;2;3;1;1;3;999;1;;AUBEVOYE;AUBEVOYE;2;6;22;6;6;4;1;999;2;42;1;6;1;45;1;6;45;6;3;3;4;4;;;;;;
448;1;2;2;2;3;3;2;2;2;1;1;0;1;1;0;0;0;0;2;5;5;3;2;2;5;3;1;1;3;3;4;1;1;1;2;2;3;3;3;5;2;0;0;1;0;0;0;5;995;995;995;995;995;995;995;995;995;995;995;995;995;995;1;2;1;0;0;0;0;0;0;3;2;0;0;0;1;0;0;1;2;995;4;2;1;1;2;2;3;2;2;2;2;2;3;1;2;4;1;1;;DOUDEAUVILLE EN VEXIN;DOUDEAUVILLEENVEXIN;3;2;9;997;997;997;1;999;2;36;1;6;1;40;1;4;40;4;2;3;2;2;;;;;;
449;1;1;1;1;1;1;1;1;1;1;1;1;1;1;1;0;0;0;2;5;1;1;5;2;3;4;1;1;4;3;3;3;1;1;3;2;1;3;4;5;3;1;1;0;0;1;0;2;1;1;0;0;0;0;0;0;0;0;0;0;0;0;2;995;995;995;995;995;995;995;995;2;2;0;0;0;0;1;0;3;2;995;4;1;1;1;1;2;999;2;2;2;2;2;3;2;995;4;1;1;;PACY SUR EURE;PACYSUREURE;2;3;24;997;997;997;1;999;2;46;1;5;1;56;1;2;56;2;1;4;3;4;;;;;;
450;1;1;1;2;1;1;2;2;1;1;1;1;1;1;0;0;0;1;2;3;2;1;2;3;1;3;1;3;3;1;1;2;2;2;2;2;2;2;3;1;3;0;0;1;0;1;0;4;995;995;995;995;995;995;995;995;995;995;995;995;995;995;2;995;995;995;995;995;995;995;995;3;1;0;0;0;1;0;0;2;999;999;4;2;2;2;2;2;2;2;2;2;2;2;2;1;2;3;1;6;;LE NEUBOURG;LENEUBOURG;3;2;17;2;997;997;1;1;2;43;1;5;1;50;1;3;50;3;1;4;2;3;;;;;;
451;1;2;4;3;3;3;1;1;2;999;1;0;1;0;0;0;1;0;1;2;3;3;3;3;3;3;3;2;3;3;3;1;1;1;1;1;1;3;3;5;1;1;0;1;0;0;0;3;995;995;995;995;995;995;995;995;995;995;995;995;995;995;2;995;995;995;995;995;995;995;995;999;2;0;0;0;0;0;1;3;999;999;3;2;2;2;2;2;2;2;2;2;2;2;2;1;2;4;4;995;;BOURGTHEROULDE;BOURGTHEROULDE;3;2;11;997;997;997;1;999;1;45;1;6;2;45;1;5;45;6;3;3;2;2;;;;;;
452;1;2;2;2;1;1;2;1;2;1;0;0;1;1;0;0;1;0;2;2;3;2;5;2;3;1;3;3;1;3;3;2;2;2;2;2;2;3;3;2;3;0;1;1;0;1;0;5;995;995;995;995;995;995;995;995;995;995;995;995;995;995;2;995;995;995;995;995;995;995;995;3;1;0;0;0;0;1;0;2;2;995;4;2;2;2;2;2;3;2;2;2;2;2;3;1;2;3;1;3;;SYLVAINS LES MOULINS;SYLVAINSLESMOULINS;3;2;14;997;997;997;1;999;2;48;1;5;1;42;1;5;42;5;3;3;2;3;;;;;;
453;1;1;1;1;1;1;2;2;1;1;1;0;1;0;0;0;0;1;1;5;1;3;5;2;2;4;1;1;4;1;3;3;2;2;2;2;2;3;3;1;1;0;0;0;1;0;0;3;995;995;995;995;995;995;995;995;995;995;995;995;995;995;2;995;995;995;995;995;995;995;995;999;2;0;0;0;0;0;1;1;2;995;4;2;2;2;1;2;2;2;2;2;2;2;2;1;2;4;1;2;;VERNEUIL SUR AVRE;VERNEUILSURAVRE;3;3;22;6;3;1;1;999;2;46;1;5;1;46;1;5;46;5;3;3;3;4;;;;;;
454;1;1;3;2;3;3;999;999;1;1;1;1;0;1;0;0;0;0;999;5;2;1;5;3;2;4;2;2;4;1;2;3;2;1;3;1;2;999;3;2;3;0;1;0;0;1;0;5;995;995;995;995;995;995;995;995;995;995;995;995;995;995;2;995;995;995;995;995;995;995;995;3;2;0;0;0;0;1;0;3;2;995;999;2;2;2;1;2;3;2;2;2;2;2;3;1;2;3;1;4;;VANDRIMARE;VANDRIMARE;3;2;15;3;997;997;1;1;2;41;1;5;1;47;1;5;47;5;3;3;2;3;;;;;;
455;1;2;2;1;1;1;1;1;1;1;0;0;1;1;0;0;0;0;2;5;3;3;5;3;2;3;3;3;3;3;3;2;2;2;2;2;2;3;3;2;2;0;0;0;0;1;0;4;995;995;995;995;995;995;995;995;995;995;995;995;995;995;2;995;995;995;995;995;995;995;995;3;1;0;0;0;1;0;0;1;2;995;4;2;2;2;1;2;1;2;2;2;2;2;999;1;2;3;2;995;;DANGU;DANGU;3;2;12;997;997;997;1;999;2;35;1;5;1;37;1;3;37;3;1;2;2;3;;;;;;
456;1;2;1;2;2;3;1;1;2;1;1;0;0;1;0;0;0;0;999;5;2;1;5;2;2;4;1;1;4;1;1;3;1;1;3;1;1;3;3;2;3;1;1;0;0;1;0;4;995;995;995;995;995;995;995;995;995;995;995;995;995;995;999;2;0;1;1;0;0;0;0;4;1;1;0;0;0;0;0;3;999;999;2;2;2;2;2;2;2;2;2;2;2;2;2;1;2;4;1;4;;PONT AUDEMER;PONTAUDEMER;2;5;15;2;997;997;1;1;2;38;1;5;1;30;1;6;30;6;3;2;4;3;;;;;;
457;1;1;1;1;1;1;1;1;1;2;0;0;0;0;0;0;0;0;1;1;1;1;1;1;1;3;3;1;3;3;3;2;2;2;2;2;2;4;4;999;1;1;1;1;0;0;0;1;999;995;995;995;995;995;995;995;995;995;995;995;995;995;2;995;995;995;995;995;995;995;995;999;2;0;0;0;1;0;0;3;2;995;4;1;1;1;1;1;1;1;1;1;1;1;1;1;1;4;4;995;;BERVILLE SUR MER;BERVILLESURMER;3;2;16;2;3;997;1;999;2;44;1;5;1;37;1;5;37;5;3;2;2;3;;;;;;
458;1;1;3;1;1;1;1;1;1;1;1;1;1;1;1;0;0;0;1;5;2;1;5;2;1;3;1;1;4;3;1;3;1;1;3;2;1;4;3;5;2;0;0;1;1;1;0;5;995;995;995;995;995;995;995;995;995;995;995;995;995;995;2;995;995;995;995;995;995;995;995;2;1;0;0;0;1;0;0;2;1;4;1;2;2;2;2;2;2;2;2;2;2;2;2;1;2;3;1;6;;ROUTOT;ROUTOT;3;1;12;997;997;997;1;1;2;34;1;5;1;47;1;5;47;5;3;3;1;3;;;;;;
459;1;2;2;1;1;1;2;2;2;1;0;0;0;1;0;0;0;0;2;5;2;2;2;5;2;4;1;3;3;4;3;3;1;2;2;2;2;3;3;5;3;1;1;1;0;0;0;4;995;995;995;995;995;995;995;995;995;995;995;995;995;995;2;995;995;995;995;995;995;995;995;2;2;1;0;0;0;0;0;3;2;995;3;2;2;2;1;2;3;2;2;2;2;2;3;1;2;3;2;995;;PACY SUR EURE;PACYSUREURE;2;2;23;6;1;997;1;1;2;45;1;5;1;47;1;3;47;3;1;3;2;4;;;;;;
460;1;1;1;1;1;1;2;2;1;2;0;0;0;0;0;0;0;0;2;2;1;1;5;1;1;3;1;1;999;2;2;2;1;1;3;1;1;4;4;5;3;1;1;0;0;1;0;5;995;995;995;995;995;995;995;995;995;995;995;995;995;995;2;995;995;995;995;995;995;995;995;1;1;0;0;0;1;0;0;3;2;995;4;3;3;2;2;2;3;2;2;2;2;3;3;1;2;4;1;3;;VALLETOT;VALLETOT;3;2;12;1;997;997;1;999;2;39;1;5;1;44;1;5;44;5;3;3;2;3;;;;;;
461;1;1;1;2;1;1;1;1;1;1;1;0;1;1;0;0;0;0;1;2;2;1;1;2;1;2;2;2;2;1;2;1;1;1;1;2;1;3;2;1;3;0;0;1;0;1;0;4;995;995;995;995;995;995;995;995;995;995;995;995;995;995;2;995;995;995;995;995;995;995;995;4;1;0;0;0;1;0;0;3;2;995;4;2;1;1;2;1;3;2;2;2;2;2;3;1;2;4;2;995;;SAINT AQUILIN DE OACY;SAINTAQUILINDEOACY;3;2;21;5;2;997;1;1;1;61;2;7;2;49;1;3;61;7;4;4;2;4;;;;;;
462;1;2;3;3;3;3;2;2;1;1;1;0;1;1;0;0;0;0;2;5;2;3;5;3;3;4;3;3;4;3;3;3;2;2;3;2;2;2;3;1;2;0;1;1;0;0;0;5;995;995;995;995;995;995;995;995;995;995;995;995;995;995;2;995;995;995;995;995;995;995;995;2;1;0;0;0;1;0;0;2;999;999;4;2;2;2;1;2;2;2;2;2;2;3;3;1;2;4;2;995;;VERNON;VERNON;2;2;11;997;997;997;1;2;2;36;1;5;1;34;1;5;34;5;3;2;2;2;;;;;;
463;1;3;3;3;3;1;1;1;3;1;0;0;0;0;0;0;1;0;1;5;3;3;5;3;5;999;999;999;999;999;999;3;1;1;3;1;3;3;3;2;2;0;0;0;0;1;0;3;995;995;995;995;995;995;995;995;995;995;995;995;995;995;2;995;995;995;995;995;995;995;995;2;2;0;0;0;0;1;0;3;2;995;3;2;2;2;2;2;3;2;2;2;3;3;3;1;2;1;1;4;;CANAPPEVILLE;CANAPPEVILLE;3;1;5;997;997;997;1;999;2;27;1;5;1;35;1;5;35;5;3;2;1;1;;;;;;
464;1;1;3;2;1;1;1;1;1;1;1;0;1;1;0;0;0;0;999;5;2;5;5;5;5;4;2;4;4;4;4;3;3;3;3;3;3;3;3;5;3;1;0;0;1;1;0;5;995;995;995;995;995;995;995;995;995;995;995;995;995;995;2;995;995;995;995;995;995;995;995;3;1;0;0;1;0;0;0;2;2;995;3;2;2;2;1;1;1;2;2;2;2;2;2;1;2;3;2;995;;BOSC BENARD CRESCY;BOSCBENARDCRESCY;3;2;6;997;997;997;1;999;2;34;1;5;1;37;1;5;37;5;3;2;2;2;;;;;;
465;1;1;1;1;1;1;1;1;1;1;1;1;1;1;1;0;0;0;1;1;1;1;1;1;1;1;1;1;1;1;1;1;1;1;1;1;1;1;3;1;1;1;1;0;0;1;0;5;995;995;995;995;995;995;995;995;995;995;995;995;995;995;2;995;995;995;995;995;995;995;995;999;1;0;1;0;0;0;0;1;2;995;3;2;2;1;2;2;2;2;2;2;2;2;2;1;2;4;2;995;;PONT AUDEMER;PONTAUDEMER;2;3;22;997;997;997;1;2;2;53;1;6;1;53;1;6;53;6;3;4;3;4;;;;;;
466;1;2;3;3;1;1;2;1;1;1;1;0;1;1;1;1;0;0;2;2;2;2;5;1;1;1;1;1;4;1;1;1;2;2;3;2;2;2;3;5;3;0;0;0;0;1;0;2;1;0;0;0;0;0;1;0;0;0;0;0;0;0;2;995;995;995;995;995;995;995;995;2;2;0;0;0;1;0;0;2;2;995;4;2;2;2;1;1;999;999;999;999;999;999;3;1;2;3;2;995;;CORMEILLES;CORMEILLES;3;4;;6;6;6;1;2;2;60;2;7;1;60;2;7;60;7;4;4;4;1;;;;;;
467;1;2;2;2;1;1;1;1;1;1;1;1;1;1;1;0;0;0;1;3;2;3;3;3;1;3;3;3;1;3;1;2;2;2;1;2;1;1;2;5;3;0;1;1;0;1;0;4;995;995;995;995;995;995;995;995;995;995;995;995;995;995;2;995;995;995;995;995;995;995;995;4;2;0;0;0;1;0;0;3;2;995;4;2;2;2;1;2;1;2;2;2;2;2;2;1;2;3;1;1;;BEZU SAINT ELOI;BEZUSAINTELOI;3;1;16;1;997;997;1;999;1;57;1;5;2;40;1;5;57;5;3;4;1;3;;;;;;
468;1;2;2;2;1;1;1;1;2;1;0;0;0;1;1;1;0;0;1;999;999;999;999;999;999;999;999;999;999;999;999;999;999;999;999;999;999;3;2;2;3;0;0;0;0;1;0;3;995;995;995;995;995;995;995;995;995;995;995;995;995;995;2;995;995;995;995;995;995;995;995;4;1;1;0;0;0;0;0;2;1;3;3;2;2;2;2;1;1;999;999;999;999;999;999;1;2;3;2;995;;CLAVILLE;CLAVILLE;3;2;24;6;6;997;1;999;1;55;1;6;2;46;1;5;55;6;3;4;2;4;;;;;;
469;1;1;4;3;3;1;2;1;1;1;0;1;1;0;1;0;0;0;1;5;1;3;5;2;5;4;3;3;4;3;4;3;2;2;3;2;3;1;2;5;2;0;0;0;0;0;1;3;995;995;995;995;995;995;995;995;995;995;995;995;995;995;2;995;995;995;995;995;995;995;995;1;1;0;0;0;0;1;0;1;2;995;3;2;2;2;2;1;2;2;2;2;2;3;3;1;1;3;4;995;;FONTAINE BELLENGER;FONTAINEBELLENGER;3;1;8;997;997;997;1;1;2;39;1;5;1;39;1;5;39;5;3;2;1;2;;;;;;
470;1;1;2;2;1;1;2;2;1;1;1;1;1;1;0;1;0;0;2;5;2;3;5;1;1;4;3;4;999;1;1;3;1;2;3;1;1;4;4;1;3;1;1;1;0;0;0;1;2;995;995;995;995;995;995;995;995;995;995;995;995;995;2;995;995;995;995;995;995;995;995;3;2;0;0;0;1;0;0;2;2;995;3;999;999;999;999;999;999;999;999;999;999;999;999;1;999;3;4;995;;BRETEVIL SUR ITON;BRETEVILSURITON;3;5;24;6;6;6;1;1;2;50;1;5;1;55;1;6;55;6;3;4;4;4;;;;;;
471;1;1;2;2;1;1;2;2;2;1;1;0;1;1;0;0;0;0;1;3;2;2;2;3;1;1;1;1;1;3;1;1;1;1;999;3;1;2;3;2;3;1;1;1;0;0;0;4;995;995;995;995;995;995;995;995;995;995;995;995;995;995;1;2;0;0;1;0;1;0;0;2;2;0;0;0;1;0;0;2;2;995;3;2;2;2;2;2;2;2;2;2;2;2;2;1;2;3;2;995;;IGOVILLE;IGOVILLE;2;2;15;3;997;997;1;999;1;39;1;6;2;36;1;5;39;6;3;2;2;3;;;;;;
472;1;1;2;2;1;1;2;2;1;1;1;1;1;1;1;0;0;0;1;5;2;2;5;4;3;4;1;3;1;3;3;3;2;2;3;2;2;3;4;5;2;1;1;1;0;0;0;1;1;0;0;0;0;0;0;0;0;0;0;1;0;0;2;995;995;995;995;995;995;995;995;2;2;0;0;0;0;0;1;2;2;995;3;1;1;1;1;2;3;2;2;2;2;2;3;1;2;3;2;995;;ETREPAGNY;ETREPAGNY;3;3;9;997;997;997;1;2;2;34;1;5;1;34;1;5;34;5;3;2;3;2;;;;;;
473;1;2;2;2;3;3;1;1;2;1;0;0;0;1;0;0;0;0;1;4;2;3;3;3;3;3;1;1;1;1;1;3;1;2;1;1;2;4;4;5;3;1;1;1;0;0;0;4;995;995;995;995;995;995;995;995;995;995;995;995;995;995;2;995;995;995;995;995;995;995;995;3;2;0;0;0;0;1;0;2;1;4;3;2;2;2;1;1;3;2;2;2;1;1;3;1;2;4;4;995;;GASNY;GASNY;3;3;19;2;997;997;1;999;2;40;1;5;1;35;1;6;35;6;3;2;3;4;;;;;;
474;1;1;2;1;2;2;1;1;1;1;1;1;0;0;0;0;0;0;1;1;1;1;5;2;2;1;1;1;1;1;1;1;1;1;1;1;1;3;3;5;3;0;0;0;1;1;0;4;995;995;995;995;995;995;995;995;995;995;995;995;995;995;2;995;995;995;995;995;995;995;995;1;2;0;0;0;0;1;0;2;2;995;3;2;2;2;1;2;2;2;2;2;2;2;3;1;2;3;3;995;;CHAVIGNY BAILLEUL;CHAVIGNYBAILLEUL;3;2;14;1;1;997;1;999;2;37;1;5;1;40;1;5;40;5;3;3;2;3;;;;;;
475;1;2;1;2;1;1;2;2;3;1;0;0;1;1;0;0;0;0;1;5;2;1;5;1;2;4;1;1;4;1;1;3;1;1;3;1;1;3;1;5;2;1;0;0;0;1;0;5;995;995;995;995;995;995;995;995;995;995;995;995;995;995;2;995;995;995;995;995;995;995;995;999;2;0;0;0;0;1;0;2;2;995;2;2;2;2;1;2;3;2;2;2;2;2;3;1;2;3;1;1;;GISORS;GISORS;2;2;10;997;997;997;1;999;2;33;1;6;1;32;1;6;32;6;3;2;2;2;;;;;;
476;1;2;2;1;1;1;2;1;1;1;1;0;1;1;0;0;0;0;1;3;1;2;1;1;1;3;1;2;2;1;3;1;2;2;2;1;2;3;4;3;3;1;1;0;0;1;0;2;2;0;0;0;0;0;0;0;0;0;0;0;0;0;2;995;995;995;995;995;995;995;995;2;1;0;0;1;0;0;0;3;2;995;1;2;1;1;1;1;1;2;2;2;2;2;2;1;2;3;1;1;;MARCILLY LA CAMPAGNE;MARCILLYLACAMPAGNE;3;3;8;997;997;997;1;999;2;30;1;5;1;32;1;5;32;5;3;2;3;2;;;;;;
477;1;2;3;2;3;2;2;2;2;1;0;0;0;0;0;0;0;1;2;5;3;3;5;3;2;4;3;3;4;3;3;3;1;1;3;1;1;2;3;5;3;0;0;0;0;1;0;4;995;995;995;995;995;995;995;995;995;995;995;995;995;995;2;995;995;995;995;995;995;995;995;2;1;0;0;0;1;0;0;2;2;995;4;2;2;2;1;1;3;2;2;2;2;2;3;1;2;4;1;6;;GAILLON;GAILLON;2;2;14;997;997;997;1;999;2;36;1;5;1;39;1;4;39;4;2;2;2;3;;;;;;
478;1;1;3;2;1;1;1;1;1;1;1;1;0;1;1;0;1;0;1;5;2;2;5;5;4;4;3;3;4;1;1;3;2;2;3;1;1;3;3;5;3;0;1;0;0;1;0;4;995;995;995;995;995;995;995;995;995;995;995;995;995;995;2;995;995;995;995;995;995;995;995;999;2;0;0;0;0;0;0;2;2;995;2;2;2;2;2;2;3;2;2;2;2;3;3;1;2;4;1;6;;BEAUMONT LE ROGER;BEAUMONTLEROGER;3;5;10;997;997;997;1;999;2;38;1;5;1;48;1;6;48;6;3;3;4;2;;;;;;
479;1;2;2;1;1;1;2;1;1;1;1;0;1;1;0;0;0;0;2;3;1;1;3;5;4;3;1;3;3;4;3;1;2;1;1;3;2;2;3;5;3;0;0;1;0;0;0;2;2;0;0;0;0;0;0;0;0;0;0;0;0;0;2;995;995;995;995;995;995;995;995;4;1;0;0;0;1;0;0;2;2;995;2;2;2;2;1;1;3;2;2;2;2;2;3;1;2;4;2;995;;HAUVILLE;HAUVILLE;3;2;16;2;1;997;1;999;2;42;1;5;1;45;1;5;45;5;3;3;2;3;;;;;;
480;1;1;2;1;1;1;1;1;1;1;1;0;1;0;0;0;0;0;1;2;1;1;5;3;2;3;3;3;4;4;3;3;1;2;3;2;2;4;4;4;3;1;0;0;0;1;0;4;995;995;995;995;995;995;995;995;995;995;995;995;995;995;2;995;995;995;995;995;995;995;995;2;2;0;0;0;0;1;0;2;2;995;4;2;2;2;1;1;3;2;2;2;2;2;2;1;2;999;4;995;;MELICOURT;MELICOURT;3;2;14;1;5;997;1;999;2;41;1;5;1;53;2;8;53;8;4;4;2;3;;;;;;
481;1;999;1;1;1;1;1;1;1;1;1;1;1;1;0;1;0;0;1;2;1;1;1;1;1;1;999;2;2;1;1;2;1;2;2;1;1;3;3;5;999;0;1;1;0;1;0;4;995;995;995;995;995;995;995;995;995;995;995;995;995;995;2;995;995;995;995;995;995;995;995;4;2;0;1;0;0;0;0;1;2;995;3;2;1;2;1;1;3;2;2;2;2;2;3;1;2;2;2;995;;COUTURE BOUSSEY;COUTUREBOUSSEY;3;2;22;6;5;997;1;999;2;49;1;5;1;52;1;6;52;6;3;4;2;4;;;;;;
482;1;2;2;1;2;2;2;2;2;999;1;0;1;0;0;0;0;0;1;3;2;5;5;5;5;3;1;4;4;4;4;2;2;3;3;3;3;2;2;5;2;0;0;0;0;1;0;3;995;995;995;995;995;995;995;995;995;995;995;995;995;995;2;995;995;995;995;995;995;995;995;3;1;0;0;0;0;1;0;3;2;995;4;2;2;2;2;2;2;2;2;2;2;2;2;1;2;3;4;995;;EVREUX;EVREUX;2;1;2;997;997;997;1;999;2;31;1;5;1;31;1;5;31;5;3;2;1;1;;;;;;
483;1;2;1;1;1;1;2;2;1;1;1;0;0;1;0;0;0;0;1;2;2;3;5;3;3;3;1;1;3;3;3;2;2;2;2;2;2;4;3;5;3;0;1;0;0;1;0;4;995;995;995;995;995;995;995;995;995;995;995;995;995;995;2;995;995;995;995;995;995;995;995;3;2;0;0;0;0;1;0;3;2;995;2;2;2;2;2;2;2;2;2;2;2;2;2;1;2;4;4;995;;ECAQUELON;ECAQUELON;3;2;13;1;997;997;1;2;2;37;1;5;1;37;1;5;37;5;3;2;2;3;;;;;;
484;1;1;2;1;1;1;1;1;1;1;1;0;0;1;0;1;1;0;1;3;2;2;5;2;3;3;1;3;4;1;1;1;2;2;3;2;2;3;3;1;3;0;0;1;0;1;0;5;995;995;995;995;995;995;995;995;995;995;995;995;995;995;2;995;995;995;995;995;995;995;995;4;2;0;0;0;1;0;0;3;2;995;2;2;2;2;2;2;3;2;2;2;2;2;3;1;2;4;1;2;;GRAVIGNY;GRAVIGNY;2;4;16;2;997;997;1;1;2;33;1;5;1;43;1;3;43;3;1;3;4;3;;;;;;
485;1;2;3;3;1;1;1;1;2;1;1;0;1;1;0;0;0;0;1;1;1;5;1;5;2;1;3;3;3;3;3;2;2;2;2;2;2;1;3;1;2;0;0;0;0;1;0;5;995;995;995;995;995;995;995;995;995;995;995;995;995;995;1;2;1;0;0;0;0;0;0;999;1;0;0;0;1;0;0;2;2;995;4;1;1;1;1;1;1;2;2;2;2;2;2;1;2;3;1;2;;BAZINCOURT;BAZINCOURT;3;1;19;5;997;997;1;999;2;46;1;5;1;54;1;6;54;6;3;4;1;4;;;;;;
486;1;1;2;1;3;3;1;2;1;1;1;0;0;1;1;0;0;0;2;1;3;2;2;3;3;3;1;3;3;1;1;1;1;1;1;1;1;3;3;5;2;0;0;1;0;1;0;3;995;995;995;995;995;995;995;995;995;995;995;995;995;995;2;995;995;995;995;995;995;995;995;1;2;0;0;0;1;0;0;1;2;995;4;2;2;2;2;2;2;2;2;2;2;2;2;1;2;3;1;1;;SAINT ELIER;SAINTELIER;3;2;20;5;2;997;1;2;2;43;1;5;1;48;1;5;48;5;3;3;2;4;;;;;;
487;1;2;3;1;3;3;2;1;2;1;1;0;1;1;0;0;0;0;1;3;2;2;5;3;5;3;1;3;4;3;4;3;2;1;3;2;3;3;3;3;3;0;1;0;1;1;0;2;1;0;0;0;0;1;0;0;0;0;0;0;0;0;2;995;995;995;995;995;995;995;995;3;1;0;0;0;1;0;0;2;2;995;3;2;2;2;1;1;3;2;2;2;2;2;3;1;2;2;1;4;;BOURTH;BOURTH;3;2;9;997;997;997;1;999;2;35;1;5;1;39;1;1;39;1;1;2;2;2;;;;;;
488;1;1;2;1;1;1;2;1;1;1;1;0;0;1;0;0;0;0;999;2;3;3;2;5;4;3;3;3;1;4;3;2;2;2;2;2;2;3;3;5;2;1;1;1;0;0;0;1;1;0;0;1;0;0;0;0;0;0;0;0;0;0;2;995;995;995;995;995;995;995;995;3;2;0;1;0;0;0;0;3;2;995;4;1;1;1;1;1;3;2;2;2;2;3;3;1;1;3;4;995;;EVREUX;EVREUX;2;1;21;5;997;997;1;999;2;41;1;5;1;47;2;8;47;8;4;3;1;4;;;;;;
489;1;2;4;3;1;2;1;1;2;1;1;1;1;0;1;0;0;0;2;4;3;4;5;4;5;3;3;3;4;3;4;1;1;1;3;1;3;3;3;5;2;1;1;0;0;1;0;5;995;995;995;995;995;995;995;995;995;995;995;995;995;995;2;995;995;995;995;995;995;995;995;3;2;0;0;0;0;0;1;3;2;995;3;2;2;2;2;2;3;999;999;999;999;999;999;1;2;3;1;4;;MOISVILLE;MOISVILLE;3;2;3;997;997;997;1;999;2;29;1;6;1;38;1;6;38;6;3;2;2;1;;;;;;
490;1;1;3;1;3;1;2;2;1;1;1;0;1;0;0;0;1;0;2;2;1;2;2;3;3;2;2;2;2;1;1;2;2;2;2;1;1;3;3;2;2;0;0;1;0;1;0;5;995;995;995;995;995;995;995;995;995;995;995;995;995;995;2;995;995;995;995;995;995;995;995;4;2;0;0;0;1;0;0;3;2;995;4;2;2;2;2;2;999;999;999;999;999;999;3;1;2;4;2;995;;FIQUEFLEUR EQUAINVILLE;FIQUEFLEUREQUAINVILLE;3;2;18;5;2;997;1;999;2;41;1;5;1;43;1;2;43;2;1;3;2;4;;;;;;
491;1;1;2;2;1;1;1;1;2;1;0;0;1;1;0;0;0;0;1;5;5;5;5;5;2;4;3;4;3;3;1;3;1;3;2;2;1;3;3;2;3;0;0;1;0;1;0;999;1;0;0;0;0;0;0;0;0;0;0;1;0;0;2;995;995;995;995;995;995;995;995;2;2;0;0;0;1;0;0;3;2;995;4;2;2;1;2;2;3;2;2;2;2;2;3;1;2;4;2;995;;THIBERVILLE;THIBERVILLE;3;2;24;6;5;997;1;999;2;53;1;5;1;40;1;5;40;5;3;3;2;4;;;;;;
492;1;1;1;1;2;2;1;1;1;2;0;0;0;0;0;0;0;0;1;1;1;1;1;1;1;2;2;2;2;2;2;1;1;1;1;1;1;4;3;4;3;0;1;1;0;1;0;2;1;0;0;0;0;0;1;0;0;0;0;0;0;0;2;995;995;995;995;995;995;995;995;2;2;0;1;0;0;0;0;3;2;995;4;2;2;2;1;1;999;2;2;2;2;2;999;1;2;4;1;3;;VERNEUIL SUR AVRE;VERNEUILSURAVRE;3;3;24;6;5;6;1;2;2;61;1;5;1;65;2;7;65;7;4;5;3;4;;;;;;
493;1;999;1;2;1;1;1;1;2;1;1;1;1;0;1;1;0;0;1;5;2;5;5;5;5;3;1;4;4;4;4;3;1;3;3;3;3;1;3;5;3;0;1;0;0;1;0;5;995;995;995;995;995;995;995;995;995;995;995;995;995;995;2;995;995;995;995;995;995;995;995;1;1;1;0;0;0;0;0;2;2;995;2;999;999;999;1;999;1;999;999;999;1;1;999;1;2;3;2;995;;VENABLES;VENABLES;3;2;22;6;6;997;1;999;2;53;1;5;1;60;1;6;60;6;3;4;2;4;;;;;;
494;1;2;2;2;1;1;1;1;2;1;1;1;1;1;0;0;0;0;1;3;999;999;3;999;3;2;1;999;999;999;1;999;1;999;999;999;1;3;4;5;3;0;1;1;1;0;0;3;995;995;995;995;995;995;995;995;995;995;995;995;995;995;2;995;995;995;995;995;995;995;995;4;2;0;0;0;1;0;0;2;2;995;3;999;1;999;1;1;999;2;2;2;2;2;2;1;2;3;2;995;;FLEURY SUR ANDELLE;FLEURYSURANDELLE;3;6;;6;6;6;1;1;1;60;2;7;2;63;2;7;60;7;4;4;4;1;;;;;;
495;1;999;3;2;1;3;1;1;3;3;995;995;995;995;995;995;995;995;2;999;999;999;999;999;999;999;999;999;999;999;999;999;999;999;999;999;999;3;2;5;3;0;0;0;0;1;0;5;995;995;995;995;995;995;995;995;995;995;995;995;995;995;999;2;1;1;0;0;0;0;0;999;2;0;0;0;0;0;0;999;2;995;999;2;2;2;2;2;2;2;2;2;2;2;2;1;2;3;2;995;;SAINT MARCEL;SAINTMARCEL;2;1;22;6;997;997;1;999;2;58;2;7;2;62;2;7;62;7;4;4;1;4;;;;;;
496;1;2;2;1;1;2;1;1;2;1;1;0;1;0;0;0;1;0;1;2;2;2;2;2;2;1;1;1;1;1;1;1;1;1;2;2;2;2;3;3;2;0;0;0;0;1;0;3;995;995;995;995;995;995;995;995;995;995;995;995;995;995;2;995;995;995;995;995;995;995;995;2;2;0;0;0;1;0;0;2;2;995;2;2;1;2;2;2;3;2;1;2;2;2;3;1;2;3;2;995;;GAILLON;GAILLON;2;1;16;2;997;997;1;999;1;45;1;6;2;41;1;6;45;6;3;3;1;3;;;;;;
497;1;1;2;2;1;1;1;999;1;1;1;0;0;1;1;1;0;1;1;5;2;5;5;5;3;4;3;4;4;4;4;3;3;3;3;3;3;3;3;5;3;0;1;1;0;1;0;5;995;995;995;995;995;995;995;995;995;995;995;995;995;995;2;995;995;995;995;995;995;995;995;999;2;0;0;0;0;0;0;3;2;995;4;2;2;2;1;1;3;2;2;2;2;2;3;1;2;3;2;995;;PITRES;PITRES;2;2;21;6;6;997;1;999;1;53;1;5;2;42;1;5;53;5;3;4;2;4;;;;;;
498;1;2;2;2;1;1;1;1;2;1;1;0;1;0;0;0;0;0;2;5;3;3;3;2;2;4;3;2;3;2;2;3;2;2;2;2;2;2;2;3;2;0;0;1;0;0;0;3;995;995;995;995;995;995;995;995;995;995;995;995;995;995;2;995;995;995;995;995;995;995;995;2;2;0;0;0;0;1;0;3;999;999;2;2;2;2;2;2;3;2;2;2;2;2;3;1;2;3;2;995;;VERNON;VERNON;2;1;13;997;997;997;1;999;1;48;1;5;2;46;2;8;48;5;3;3;1;3;;;;;;
499;1;2;3;4;3;3;1;2;2;1;1;0;1;0;0;1;0;0;1;3;3;4;5;2;3;2;3;3;4;2;3;1;1;1;3;1;2;3;3;5;2;0;1;0;0;1;0;2;1;0;0;0;0;0;0;0;0;0;1;0;0;0;2;995;995;995;995;995;995;995;995;3;2;0;1;0;0;0;0;3;1;5;3;1;1;1;1;1;3;2;2;2;2;3;2;1;2;3;1;4;;GLOS SUR RISLE;GLOSSURRISLE;3;2;11;997;997;997;1;1;2;37;1;5;1;41;1;6;41;6;3;3;2;2;;;;;;
500;1;1;3;3;1;1;2;2;2;1;1;0;1;0;0;0;0;0;1;5;2;3;5;2;2;4;1;3;4;1;1;3;2;2;3;1;1;4;4;5;3;1;1;1;0;0;0;5;995;995;995;995;995;995;995;995;995;995;995;995;995;995;1;1;995;995;995;995;995;995;995;4;2;1;0;0;0;0;0;3;2;995;3;1;1;2;2;2;3;2;2;2;2;2;3;1;2;4;1;3;;EVREUX;EVREUX;2;3;9;997;997;997;1;1;2;33;1;6;1;39;1;6;39;6;3;2;3;2;;;;;;
501;1;2;2;1;1;1;1;1;1;1;1;0;1;1;0;0;0;0;2;5;2;2;1;2;1;4;1;1;1;1;1;3;2;2;1;2;2;3;3;5;3;1;1;0;1;0;0;4;995;995;995;995;995;995;995;995;995;995;995;995;995;995;2;995;995;995;995;995;995;995;995;4;2;0;0;1;0;0;0;3;2;995;4;2;2;2;2;2;2;2;2;2;2;2;3;1;2;3;1;6;;ROMILLY SUR ANDELLE;ROMILLYSURANDELLE;2;2;16;3;997;997;1;1;2;38;1;5;1;31;2;8;31;8;4;2;2;3;;;;;;
502;1;2;4;3;3;3;2;1;2;1;1;1;1;1;0;0;1;0;2;5;3;2;5;3;5;4;1;3;4;1;4;1;1;1;3;2;3;3;3;1;3;1;1;0;0;1;0;5;995;995;995;995;995;995;995;995;995;995;995;995;995;995;2;995;995;995;995;995;995;995;995;3;2;0;0;0;0;0;1;3;2;995;2;2;2;2;1;2;3;2;2;2;2;2;3;1;2;3;1;3;;LA BOISSIERE;LABOISSIERE;3;3;8;997;997;997;1;999;2;40;1;5;1;38;1;3;38;3;1;2;3;2;;;;;;
503;1;3;3;4;3;1;2;1;3;1;1;0;1;1;0;0;0;0;2;5;4;5;5;5;5;4;3;4;4;4;4;3;2;3;3;3;3;3;3;2;1;0;0;1;0;1;0;4;995;995;995;995;995;995;995;995;995;995;995;995;995;995;2;995;995;995;995;995;995;995;995;4;2;0;0;0;0;0;1;2;2;995;3;2;2;1;1;1;3;2;2;2;2;3;3;1;2;4;1;1;;CAUVERVILLE EN ROUMOIS;CAUVERVILLEENROUMOIS;3;1;1;997;997;997;1;2;2;27;1;5;1;29;1;2;29;2;1;1;1;1;;;;;;
504;1;1;1;2;1;1;2;1;1;1;1;0;1;0;1;0;0;0;1;5;2;1;5;3;5;4;3;1;4;3;4;3;2;2;3;1;3;3;3;5;3;1;0;0;0;1;0;3;995;995;995;995;995;995;995;995;995;995;995;995;995;995;2;995;995;995;995;995;995;995;995;4;2;0;0;0;1;0;0;3;2;995;3;2;2;2;2;2;2;2;2;2;2;2;2;1;2;3;1;4;;PITRES;PITRES;2;2;10;997;997;997;1;999;2;38;1;5;1;31;1;6;31;6;3;2;2;2;;;;;;
505;1;1;2;2;1;1;1;1;2;1;1;1;0;1;1;0;0;0;1;2;3;5;3;4;3;1;1;3;3;2;2;2;1;2;2;2;2;3;3;5;3;0;0;0;0;1;0;999;2;995;995;995;995;995;995;995;995;995;995;995;995;995;1;2;0;0;0;0;0;1;0;4;2;0;0;0;1;0;0;2;2;995;4;2;1;2;1;1;3;2;2;2;2;2;3;1;2;4;4;995;;999;999;999;1;19;4;997;997;1;999;1;66;2;7;2;51;2;8;66;7;4;5;1;4;;;;;;
506;1;2;3;1;3;3;1;2;2;1;1;0;1;1;1;0;0;0;1;5;5;5;5;5;5;4;4;4;4;4;4;3;3;3;3;3;3;3;3;5;3;0;0;0;1;1;0;5;995;995;995;995;995;995;995;995;995;995;995;995;995;995;2;995;995;995;995;995;995;995;995;4;2;0;0;0;0;1;0;2;2;995;4;1;1;2;1;1;2;2;2;2;2;2;3;1;2;4;4;995;;BEAUMONTEL;BEAUMONTEL;3;2;24;6;6;997;1;999;2;45;1;6;1;45;1;6;45;6;3;3;2;4;;;;;;
507;1;2;4;2;3;1;2;1;2;1;1;0;1;0;0;0;0;0;1;3;2;3;5;3;999;3;3;3;4;1;1;3;2;2;3;2;2;3;2;5;2;0;0;0;0;1;0;4;995;995;995;995;995;995;995;995;995;995;995;995;995;995;2;995;995;995;995;995;995;995;995;999;2;0;0;0;0;1;0;2;2;995;2;2;2;2;2;999;999;2;2;2;2;3;3;1;2;2;1;1;;GROSSOEUVRE;GROSSOEUVRE;3;2;10;997;997;997;1;999;2;37;1;5;1;38;1;3;38;3;1;2;2;2;;;;;;
508;1;1;3;2;1;2;1;2;2;1;1;1;1;0;0;0;0;0;1;1;3;1;1;3;3;1;1;1;1;1;1;1;1;1;1;1;1;2;3;5;2;0;1;0;1;1;0;5;995;995;995;995;995;995;995;995;995;995;995;995;995;995;1;1;995;995;995;995;995;995;995;3;2;1;0;0;0;0;0;2;2;995;3;1;2;2;2;2;2;2;2;2;2;2;2;1;2;3;1;1;;SAINT PIERRE DU VAL;SAINTPIERREDUVAL;3;2;13;1;997;997;1;999;2;37;1;6;1;43;1;6;43;6;3;3;2;3;;;;;;
509;1;3;3;3;3;3;2;2;3;3;995;995;995;995;995;995;995;995;2;4;3;3;5;3;3;3;3;3;4;3;3;1;1;2;3;2;2;2;2;1;2;0;0;0;0;0;1;5;995;995;995;995;995;995;995;995;995;995;995;995;995;995;2;995;995;995;995;995;995;995;995;2;1;0;0;0;0;0;1;3;2;995;3;2;2;2;2;2;2;2;2;2;2;2;2;1;2;3;2;995;;HONGUEMARE GUENOUVILLE;HONGUEMAREGUENOUVILLE;3;3;10;997;997;997;1;2;2;39;1;5;1;41;1;5;41;5;3;3;3;2;;;;;;
510;1;2;2;2;1;1;2;2;2;3;995;995;995;995;995;995;995;995;2;3;2;2;2;2;2;3;1;1;3;3;3;1;1;1;1;2;2;3;2;2;3;0;0;1;0;1;0;4;995;995;995;995;995;995;995;995;995;995;995;995;995;995;2;995;995;995;995;995;995;995;995;4;1;0;0;0;1;0;0;3;2;995;4;2;1;2;1;2;3;2;2;2;2;2;3;1;2;3;1;6;;SAINT MACLOU;SAINTMACLOU;3;3;23;6;6;1;1;999;2;43;1;5;1;52;1;6;52;6;3;4;3;4;;;;;;
511;1;2;3;2;1;3;1;1;2;1;0;0;1;0;1;0;0;0;1;3;2;3;4;4;2;3;999;3;3;3;4;2;2;2;2;2;3;2;2;2;2;0;0;0;0;1;0;5;995;995;995;995;995;995;995;995;995;995;995;995;995;995;2;995;995;995;995;995;995;995;995;3;999;0;0;0;0;0;0;999;999;999;999;2;2;2;2;3;2;2;2;2;2;3;2;1;2;3;1;4;;LE BOULAY MORIN;LEBOULAYMORIN;3;1;8;997;997;997;1;999;1;40;1;5;2;37;1;5;40;5;3;3;1;2;;;;;;
512;1;1;3;2;1;1;1;2;1;1;1;1;0;0;1;0;0;0;1;3;2;3;5;2;2;1;1;1;4;1;1;1;1;1;3;1;1;3;3;3;3;1;1;1;0;0;0;4;995;995;995;995;995;995;995;995;995;995;995;995;995;995;2;995;995;995;995;995;995;995;995;3;2;0;1;0;0;0;0;2;2;995;4;2;2;2;2;2;2;2;2;2;2;2;2;1;2;4;2;995;;BERNAY;BERNAY;2;3;19;4;3;997;1;999;1;47;1;5;2;43;1;5;47;5;3;3;3;4;;;;;;
513;1;1;1;3;1;1;1;1;1;1;1;0;1;1;0;0;0;0;1;5;1;1;5;2;2;4;1;1;4;1;1;3;1;1;3;1;1;4;3;3;3;1;0;0;0;0;0;3;995;995;995;995;995;995;995;995;995;995;995;995;995;995;2;995;995;995;995;995;995;995;995;4;2;0;0;0;1;0;0;2;2;995;999;999;999;1;1;2;3;2;2;2;2;2;3;1;2;999;2;995;;EVREUX;EVREUX;2;2;12;997;997;997;1;999;2;41;1;5;1;42;1;6;42;6;3;3;2;3;;;;;;
514;1;1;2;1;1;1;2;2;2;3;995;995;995;995;995;995;995;995;2;2;1;3;3;3;5;3;2;2;2;2;3;2;2;2;2;2;2;3;4;3;2;1;0;1;0;0;0;5;995;995;995;995;995;995;995;995;995;995;995;995;995;995;2;995;995;995;995;995;995;995;995;1;1;0;0;0;1;0;0;2;2;995;2;2;2;2;2;2;2;2;2;2;2;2;2;1;2;3;2;995;;EVREUX;EVREUX;2;1;5;997;997;997;1;999;2;28;1;5;1;28;1;6;28;6;3;1;1;1;;;;;;
515;1;2;3;2;1;1;2;2;2;1;1;0;1;0;1;0;0;0;2;2;2;1;1;3;2;3;2;3;3;3;2;2;2;1;1;2;1;3;2;5;3;0;1;0;1;0;0;5;995;995;995;995;995;995;995;995;995;995;995;995;995;995;2;995;995;995;995;995;995;995;995;2;2;0;0;0;1;0;0;3;2;995;4;999;999;999;1;999;999;999;999;999;999;999;999;1;2;3;3;995;;GUICHAINVILLE;GUICHAINVILLE;3;2;21;5;3;997;1;999;2;45;1;5;1;45;1;3;45;3;1;3;2;4;;;;;;
516;1;1;2;2;1;3;1;2;1;999;0;0;1;1;0;0;0;0;2;5;1;2;5;2;5;4;2;1;4;2;4;3;2;2;3;2;3;2;3;1;1;0;0;1;1;1;0;3;995;995;995;995;995;995;995;995;995;995;995;995;995;995;2;995;995;995;995;995;995;995;995;3;1;0;0;0;1;0;0;999;2;995;4;2;2;2;2;2;3;2;2;2;2;2;3;2;995;3;4;995;;SAINT MARCEL;SAINTMARCEL;2;2;8;997;997;997;1;2;2;35;1;5;1;37;1;5;37;5;3;2;2;2;;;;;;
517;1;2;3;2;1;1;1;1;1;1;0;1;1;1;0;0;1;0;1;5;3;3;5;5;5;4;1;1;4;4;4;3;2;2;3;3;3;2;3;2;2;0;0;1;0;1;0;3;995;995;995;995;995;995;995;995;995;995;995;995;995;995;2;995;995;995;995;995;995;995;995;2;2;0;0;0;0;1;0;3;2;995;2;2;2;2;2;3;3;2;2;2;2;3;3;1;2;3;2;995;;LE THUIT ANGER;LETHUITANGER;3;2;4;997;997;997;1;2;1;35;1;5;2;34;1;5;35;5;3;2;2;1;;;;;;
518;1;1;2;1;1;1;2;1;2;1;0;1;0;1;0;0;1;0;1;5;5;5;5;5;5;4;4;999;999;999;999;3;3;3;3;3;3;3;3;5;3;0;0;0;0;1;0;4;995;995;995;995;995;995;995;995;995;995;995;995;995;995;2;995;995;995;995;995;995;995;995;4;2;0;0;0;0;0;0;3;2;995;4;2;2;2;1;1;1;2;2;2;2;2;2;1;2;1;2;995;;LES ANDELYS;LESANDELYS;2;1;20;4;997;997;1;999;1;50;1;5;2;59;1;5;50;5;3;4;1;4;;;;;;
519;1;2;2;2;3;3;1;1;1;2;0;0;0;0;0;0;0;0;1;5;4;2;5;5;5;4;3;3;4;4;3;3;1;1;3;3;2;4;4;5;3;0;0;0;1;1;0;5;995;995;995;995;995;995;995;995;995;995;995;995;995;995;2;995;995;995;995;995;995;995;995;1;2;0;0;0;0;1;0;1;2;995;4;1;1;1;1;1;3;3;3;1;1;3;3;2;995;4;1;6;;NONANCOURT;NONANCOURT;2;4;24;6;6;6;1;999;1;62;2;7;2;49;2;8;62;7;4;4;4;4;;;;;;
520;1;1;2;2;1;1;1;1;2;1;0;0;1;0;1;0;0;0;2;2;2;1;1;3;1;1;1;3;3;1;1;2;1;2;2;1;1;3;3;2;3;0;0;1;1;1;0;3;995;995;995;995;995;995;995;995;995;995;995;995;995;995;2;995;995;995;995;995;995;995;995;3;2;0;1;0;0;0;0;2;1;4;4;2;1;1;1;2;3;2;2;2;2;2;3;1;2;3;2;995;;ST ANDRE DE L'EURE;STANDREDELEURE;3;2;23;5;5;997;1;2;2;52;1;5;1;54;1;4;54;4;2;4;2;4;;;;;;
521;1;2;2;1;3;3;1;1;2;3;995;995;995;995;995;995;995;995;2;5;2;1;1;3;2;3;3;3;3;3;3;1;1;1;1;1;1;1;2;1;1;0;0;0;0;0;1;5;995;995;995;995;995;995;995;995;995;995;995;995;995;995;2;995;995;995;995;995;995;995;995;1;2;0;0;0;0;0;1;3;2;995;1;2;2;2;2;2;2;2;2;2;2;2;2;1;2;999;2;995;;MESNIL SUR L'ESTREE;MESNILSURLESTREE;3;3;23;6;4;997;1;2;2;45;1;5;1;46;1;2;46;2;1;3;3;4;;;;;;
522;1;1;2;2;3;3;1;1;1;1;0;0;1;0;0;0;1;0;1;4;2;2;2;2;2;3;3;3;3;3;3;2;2;2;2;2;2;3;3;2;3;1;0;0;0;1;0;1;1;0;0;0;0;0;0;0;0;0;1;0;0;0;2;995;995;995;995;995;995;995;995;3;1;0;0;0;1;0;0;3;2;995;4;2;2;2;2;2;3;2;2;2;2;2;3;1;2;4;1;4;;IVRY LA BATAILLE;IVRYLABATAILLE;3;3;17;2;1;1;1;2;2;43;1;5;1;44;1;5;44;5;3;3;3;3;;;;;;
523;1;2;2;999;1;2;1;1;1;1;1;1;0;0;1;0;1;0;999;1;999;3;2;3;2;1;1;1;1;1;1;1;1;1;1;1;2;3;4;5;2;0;1;0;0;0;0;4;995;995;995;995;995;995;995;995;995;995;995;995;995;995;2;995;995;995;995;995;995;995;995;4;2;0;1;0;0;0;0;999;2;995;4;1;999;1;999;1;999;999;999;999;999;999;999;1;2;3;1;3;;FRANCHEVILLE;FRANCHEVILLE;3;3;22;6;6;3;1;2;1;50;1;6;2;47;1;5;50;6;3;4;3;4;;;;;;
524;1;2;3;2;1;1;1;1;2;1;0;0;1;1;0;0;1;0;2;5;3;3;5;5;3;4;1;3;4;4;3;3;2;2;3;3;2;3;2;5;3;1;1;1;0;0;0;4;995;995;995;995;995;995;995;995;995;995;995;995;995;995;2;995;995;995;995;995;995;995;995;4;2;0;0;0;0;0;0;3;2;995;3;1;1;1;2;2;3;2;2;2;2;3;3;1;2;4;1;6;;DANGU;DANGU;3;2;9;997;997;997;1;2;2;34;1;5;1;35;1;5;35;5;3;2;2;2;;;;;;
525;1;1;1;1;2;2;1;1;2;999;1;0;1;1;0;0;0;1;1;1;1;1;1;999;1;1;1;2;2;3;2;1;1;1;1;1;1;3;4;999;3;1;0;1;1;0;0;999;995;995;995;995;995;995;995;995;995;995;995;995;995;995;999;2;0;1;0;1;0;0;0;4;999;0;0;0;1;0;0;3;2;995;4;2;1;1;2;1;3;2;1;2;2;3;3;1;1;4;4;995;;PONT AUDEMER;PONTAUDEMER;2;3;22;2;6;1;1;999;1;48;1;5;2;47;1;5;48;5;3;3;3;4;;;;;;
526;1;4;3;2;1;1;1;1;3;1;0;0;1;1;0;1;0;0;1;999;999;2;2;3;2;1;1;3;3;3;2;2;2;2;2;2;2;3;3;3;3;0;0;1;0;0;0;4;995;995;995;995;995;995;995;995;995;995;995;995;995;995;1;2;1;0;0;0;0;0;0;1;2;0;1;0;0;0;0;1;2;995;3;1;2;2;1;1;999;2;2;2;2;2;3;1;2;4;1;4;;EVREUX;EVREUX;2;4;22;6;5;6;1;1;1;54;1;5;2;46;1;5;54;5;3;4;4;4;;;;;;
527;1;2;2;2;2;1;2;1;2;1;1;0;0;0;1;0;1;0;1;3;2;3;3;2;2;3;1;3;3;2;2;1;2;1;1;1;1;3;2;1;3;0;0;0;0;1;0;5;995;995;995;995;995;995;995;995;995;995;995;995;995;995;2;995;995;995;995;995;995;995;995;2;2;0;0;0;0;1;0;3;2;995;2;2;2;2;2;2;2;2;2;2;2;2;2;1;2;3;1;1;;SAINT MARTIN SAINT FIRMIN;SAINTMARTINSAINTFIRMIN;3;3;17;2;1;1;1;2;2;44;1;5;1;46;1;6;46;6;3;3;3;3;;;;;;
528;1;2;2;2;1;1;2;2;2;1;0;1;0;1;1;0;1;0;1;3;3;2;5;2;3;3;3;3;4;3;3;2;2;2;3;2;2;2;3;5;2;0;0;0;0;1;0;4;995;995;995;995;995;995;995;995;995;995;995;995;995;995;2;995;995;995;995;995;995;995;995;3;2;0;0;0;1;0;0;3;999;999;4;2;1;2;2;1;3;2;2;2;2;3;3;1;2;4;2;995;;REVILLY;REVILLY;3;1;15;997;997;997;1;999;2;52;1;6;1;41;1;6;41;6;3;3;1;3;;;;;;
529;1;2;2;1;1;1;1;1;1;1;1;0;1;1;1;0;0;0;1;3;1;1;1;3;2;3;1;3;3;3;1;2;1;2;2;1;1;4;3;5;3;1;1;0;1;0;0;4;995;995;995;995;995;995;995;995;995;995;995;995;995;995;2;995;995;995;995;995;995;995;995;3;2;0;0;0;1;0;0;2;2;995;4;2;2;1;1;2;3;2;2;2;3;2;3;1;2;4;1;6;;999;999;999;2;17;4;1;997;1;999;1;47;1;6;2;44;1;6;47;6;3;3;2;3;;;;;;
530;1;1;2;2;1;1;1;1;1;1;1;1;1;1;0;0;0;0;1;5;2;3;5;5;5;3;1;4;4;4;4;3;1;3;3;3;3;4;4;3;3;1;1;0;0;0;0;5;995;995;995;995;995;995;995;995;995;995;995;995;995;995;2;995;995;995;995;995;995;995;995;2;2;0;0;0;0;1;0;3;2;995;4;2;1;2;1;2;3;2;2;2;3;3;3;1;2;4;2;995;;EVREUX;EVREUX;2;1;6;997;997;997;1;999;2;31;1;6;1;29;2;8;29;8;4;1;1;2;;;;;;
531;1;2;3;1;1;1;2;2;2;1;0;0;1;0;0;0;0;0;1;3;2;3;3;3;3;3;1;3;3;1;1;2;1;2;2;2;2;3;2;2;3;0;0;0;1;1;0;4;995;995;995;995;995;995;995;995;995;995;995;995;995;995;2;995;995;995;995;995;995;995;995;4;2;0;0;0;0;1;0;2;2;995;3;1;1;2;2;1;3;2;2;2;2;2;2;1;2;4;1;1;;BOUAFLES;BOUAFLES;3;2;6;997;997;997;1;999;1;37;1;5;2;36;1;5;37;5;3;2;2;2;;;;;;
532;1;2;2;3;3;3;2;2;2;2;0;0;0;0;0;0;0;0;2;5;2;3;2;4;3;3;2;2;2;3;2;2;2;2;2;1;2;3;3;2;3;1;0;0;0;1;0;4;995;995;995;995;995;995;995;995;995;995;995;995;995;995;2;995;995;995;995;995;995;995;995;4;2;0;0;0;0;1;0;3;2;995;4;2;2;2;2;2;2;2;2;2;2;2;3;1;2;3;2;995;;COURCELLES SUR SEINE;COURCELLESSURSEINE;2;2;15;3;1;997;1;999;2;40;1;5;1;43;1;5;43;5;3;3;2;3;;;;;;
533;1;1;1;1;3;3;2;2;1;1;1;0;1;0;0;0;0;0;2;999;999;999;999;999;999;999;999;999;999;999;999;999;999;999;999;999;999;2;3;1;1;1;0;0;0;1;0;5;995;995;995;995;995;995;995;995;995;995;995;995;995;995;2;995;995;995;995;995;995;995;995;2;2;0;0;0;0;0;1;3;2;995;4;2;2;2;2;2;999;2;2;2;2;2;999;1;2;4;4;995;;999;999;999;3;24;997;997;997;1;999;2;43;1;5;1;47;1;6;47;6;3;3;3;4;;;;;;
534;1;1;2;1;1;1;1;1;1;1;0;0;1;1;0;0;0;1;2;2;1;1;1;1;1;3;3;3;3;3;3;2;2;2;2;2;2;4;3;1;2;1;1;0;0;1;0;5;995;995;995;995;995;995;995;995;995;995;995;995;995;995;2;995;995;995;995;995;995;995;995;999;2;0;0;0;0;1;0;3;2;995;4;1;1;1;1;1;3;2;2;2;2;2;3;1;2;4;1;4;;ST ANDRE DE L'EURE;STANDREDELEURE;3;3;20;6;5;997;1;999;2;40;2;8;1;44;1;5;44;5;3;3;3;4;;;;;;
535;1;2;1;3;1;1;1;2;2;1;1;0;1;1;0;0;0;0;1;5;3;5;5;5;5;999;999;999;999;999;999;999;999;999;999;999;999;3;3;5;3;0;1;0;0;1;0;5;995;995;995;995;995;995;995;995;995;995;995;995;995;995;2;995;995;995;995;995;995;995;995;2;2;0;0;0;0;0;0;999;2;995;4;999;999;999;1;1;999;999;999;999;999;999;999;1;2;4;1;7;Augmenter l'allocation jeune enfant;CORNEVILLE SUR RISLE;CORNEVILLESURRISLE;3;3;22;6;6;6;1;1;2;41;2;8;1;46;1;5;46;5;3;3;3;4;;;;;;
536;1;1;2;1;2;2;1;2;2;1;1;0;0;0;0;0;0;0;1;5;2;2;5;3;5;4;1;1;4;3;4;3;1;1;3;1;3;3;3;1;3;1;0;0;0;0;0;5;995;995;995;995;995;995;995;995;995;995;995;995;995;995;2;995;995;995;995;995;995;995;995;3;1;0;0;1;0;0;0;2;2;995;4;3;3;3;1;2;3;3;3;3;2;2;3;1;2;4;1;4;;LE VAUDREUIL;LEVAUDREUIL;2;2;13;997;997;997;1;999;2;42;2;8;1;44;1;2;44;2;1;3;2;3;;;;;;
537;1;2;4;2;3;1;2;2;2;1;1;1;1;0;0;0;0;0;2;5;2;2;2;2;1;4;1;3;3;1;3;3;1;2;2;1;2;2;3;5;3;1;0;0;0;1;0;5;995;995;995;995;995;995;995;995;995;995;995;995;995;995;2;995;995;995;995;995;995;995;995;4;2;1;0;0;0;0;0;3;2;995;2;2;2;2;2;2;3;2;2;2;2;2;3;1;2;3;1;6;;CHAMPENARD;CHAMPENARD;3;2;19;5;2;997;1;999;2;43;2;8;1;46;1;3;46;3;1;3;2;4;;;;;;
538;1;1;2;2;1;1;1;1;1;2;0;0;0;0;0;0;0;0;1;5;1;2;5;5;3;999;1;1;999;999;999;999;999;2;999;2;999;3;3;5;3;0;1;0;0;1;0;5;995;995;995;995;995;995;995;995;995;995;995;995;995;995;2;995;995;995;995;995;995;995;995;999;1;0;0;0;1;0;0;2;2;995;3;1;999;999;1;1;999;2;2;2;2;2;2;1;2;3;1;1;;MENNEVAL;MENNEVAL;2;2;9;6;1;997;1;999;2;34;2;8;1;37;1;6;37;6;3;2;2;2;;;;;;
539;1;2;3;3;1;1;1;2;1;1;1;0;1;1;0;0;1;0;2;3;2;2;3;2;3;1;1;3;3;3;3;1;2;1;1;1;1;1;2;1;3;0;0;0;0;1;0;3;995;995;995;995;995;995;995;995;995;995;995;995;995;995;1;2;1;0;0;0;0;0;0;1;1;0;0;0;1;0;0;2;2;995;2;2;2;2;2;2;3;2;2;2;2;2;3;1;2;2;2;995;;LA SAUSSAYE;LASAUSSAYE;3;2;15;2;997;997;1;1;2;54;2;8;1;65;2;7;65;7;4;5;2;3;;;;;;
540;1;2;4;4;3;3;2;2;2;3;995;995;995;995;995;995;995;995;2;5;2;5;5;5;5;4;3;4;4;4;4;3;2;3;3;3;3;3;3;2;999;0;0;1;0;0;0;5;995;995;995;995;995;995;995;995;995;995;995;995;995;995;2;995;995;995;995;995;995;995;995;3;1;0;0;0;0;1;0;2;2;995;4;2;2;2;2;2;2;2;2;2;2;2;2;1;2;3;1;6;;LOUVERSEY;LOUVERSEY;3;1;3;997;997;997;1;999;2;27;2;8;1;33;1;3;33;3;1;2;1;1;;;;;;
541;1;2;2;2;1;3;1;2;1;3;995;995;995;995;995;995;995;995;2;5;3;5;5;5;5;999;999;999;999;999;999;999;999;999;999;999;999;3;3;5;2;1;1;0;0;1;0;5;995;995;995;995;995;995;995;995;995;995;995;995;995;995;2;995;995;995;995;995;995;995;995;999;2;1;0;0;0;0;0;2;2;995;3;1;3;2;2;3;3;2;2;2;3;3;3;1;2;3;4;995;;conches en ouche;CONCHESENOUCHE;3;1;1;997;997;997;1;2;2;24;2;8;1;30;1;6;30;6;3;2;1;1;;;;;;
542;1;999;3;2;1;999;1;2;1;1;1;0;1;1;0;0;0;0;2;5;2;3;5;5;1;4;1;999;4;4;2;3;1;1;3;3;2;3;4;999;3;1;1;0;0;1;0;5;995;995;995;995;995;995;995;995;995;995;995;995;995;995;2;995;995;995;995;995;995;995;995;3;2;0;0;1;0;0;0;2;2;995;4;2;2;1;2;2;3;2;2;2;2;2;2;1;2;4;1;6;;PONT SAINT PIERRE;PONTSAINTPIERRE;2;2;4;997;997;997;1;999;2;28;2;8;1;30;1;4;30;4;2;2;2;1;;;;;;
543;1;1;1;1;1;1;2;2;1;1;1;1;1;1;0;0;0;0;1;5;5;5;5;5;5;3;3;3;3;3;3;3;3;3;3;3;3;3;3;3;3;1;0;0;1;0;0;5;995;995;995;995;995;995;995;995;995;995;995;995;995;995;2;995;995;995;995;995;995;995;995;4;1;0;1;0;0;0;0;2;2;995;1;1;2;1;2;2;3;2;2;2;2;2;3;1;2;4;1;1;;PERRIERS LA CAMPAGNE;PERRIERSLACAMPAGNE;3;1;3;997;997;997;1;999;2;29;1;6;1;37;1;6;37;6;3;2;1;1;;;;;;
544;1;4;1;1;3;1;1;1;2;2;0;0;0;0;0;0;0;0;1;4;3;3;2;3;3;4;4;4;4;4;4;1;2;2;2;1;1;3;3;3;1;0;1;1;0;0;0;4;995;995;995;995;995;995;995;995;995;995;995;995;995;995;2;995;995;995;995;995;995;995;995;999;1;0;0;0;1;0;0;2;2;995;4;2;2;1;1;1;2;2;2;2;2;3;3;1;2;999;4;995;;AVIRON;AVIRON;2;1;18;2;997;997;1;1;2;43;2;8;1;39;1;5;39;5;3;2;1;4;;;;;;
545;1;2;3;3;1;1;1;1;2;1;1;1;1;1;1;0;0;0;2;2;3;2;2;2;2;2;3;2;2;1;1;2;2;2;2;1;1;3;3;5;2;0;0;1;0;0;0;5;995;995;995;995;995;995;995;995;995;995;995;995;995;995;2;995;995;995;995;995;995;995;995;3;2;0;0;0;1;0;0;3;2;995;3;2;2;2;2;2;3;2;2;2;2;2;3;1;2;4;2;995;;ECARDENVILLE SUR EURE;ECARDENVILLESUREURE;3;2;21;5;6;997;1;999;2;45;2;8;1;49;1;6;49;6;3;3;2;4;;;;;;
546;1;1;1;1;1;1;2;2;2;1;1;1;1;1;1;0;0;0;2;2;2;1;2;2;2;1;1;1;3;1;1;2;2;2;2;2;2;3;4;5;3;1;1;1;0;0;0;5;995;995;995;995;995;995;995;995;995;995;995;995;995;995;2;995;995;995;995;995;995;995;995;4;2;1;0;0;0;0;0;2;2;995;4;1;1;1;1;1;2;2;1;2;1;1;2;2;995;4;1;1;;conches en ouche;CONCHESENOUCHE;3;2;16;2;1;997;1;999;2;38;2;8;1;54;1;6;54;6;3;4;2;3;;;;;;
547;1;2;2;3;1;3;2;2;3;1;1;0;1;1;0;0;0;0;2;2;3;1;5;5;5;3;3;3;4;4;4;2;2;2;3;3;3;4;3;5;2;1;1;0;0;1;0;5;995;995;995;995;995;995;995;995;995;995;995;995;995;995;2;995;995;995;995;995;995;995;995;3;2;0;0;0;1;0;0;2;2;995;2;2;2;1;1;2;2;2;2;2;2;2;2;1;2;2;1;6;;IVRY LA BATAILLE;IVRYLABATAILLE;3;3;11;1;997;997;1;999;2;34;2;8;1;36;1;5;36;5;3;2;3;2;;;;;;
548;1;3;2;3;3;3;2;1;3;3;995;995;995;995;995;995;995;995;2;5;3;2;5;3;5;4;3;3;4;3;4;3;2;2;3;2;3;3;2;5;3;0;0;0;0;1;0;5;995;995;995;995;995;995;995;995;995;995;995;995;995;995;2;995;995;995;995;995;995;995;995;3;1;1;0;0;0;0;0;3;2;995;2;2;2;2;2;2;2;2;2;2;2;2;2;1;2;2;1;1;;VERNON;VERNON;2;4;8;997;997;997;1;2;2;35;2;8;1;36;1;3;36;3;1;2;4;2;;;;;;
549;1;1;1;1;2;2;2;1;1;1;1;0;1;1;0;0;0;0;999;999;2;999;999;2;999;3;2;3;3;2;3;2;2;2;2;2;2;3;3;999;3;1;0;0;0;0;0;5;995;995;995;995;995;995;995;995;995;995;995;995;995;995;2;995;995;995;995;995;995;995;995;2;1;1;0;0;0;0;0;3;2;995;4;2;2;2;2;3;3;2;2;2;2;3;3;1;2;4;4;995;;GRAVERON SEMERVILLE;GRAVERONSEMERVILLE;3;2;6;997;997;997;1;2;2;33;2;8;1;34;1;5;34;5;3;2;2;2;;;;;;
550;1;2;2;1;3;1;1;1;2;2;0;0;0;0;0;0;0;0;1;2;2;2;2;3;2;2;1;1;1;2;2;2;2;2;2;2;2;3;4;4;3;0;1;0;1;0;0;1;1;0;0;1;0;0;0;0;0;0;0;0;0;0;2;995;995;995;995;995;995;995;995;2;1;0;0;0;1;0;0;2;2;995;4;3;3;1;1;1;1;3;3;1;2;2;2;1;999;3;1;3;;LERY;LERY;2;7;17;2;1;1;1;999;1;43;2;8;2;36;2;8;43;8;4;3;4;3;;;;;;
551;1;1;3;2;3;3;2;2;1;1;1;1;1;1;0;0;0;0;2;5;2;4;5;3;3;4;1;3;4;3;3;3;2;1;3;1;1;3;3;5;2;0;0;1;0;1;0;3;995;995;995;995;995;995;995;995;995;995;995;995;995;995;2;995;995;995;995;995;995;995;995;3;2;0;0;0;0;1;0;2;2;995;2;2;2;2;2;2;3;2;2;2;2;3;3;1;2;3;1;4;;BOURG BEAUDOIN;BOURGBEAUDOIN;3;2;13;997;997;997;1;1;2;38;2;8;1;39;1;4;39;4;2;2;2;3;;;;;;
552;1;1;1;1;1;1;1;1;1;1;1;1;1;1;0;0;0;0;1;1;1;1;1;2;1;1;1;1;1;1;1;2;1;2;2;1;2;4;4;5;3;1;1;1;0;0;0;3;995;995;995;995;995;995;995;995;995;995;995;995;995;995;2;995;995;995;995;995;995;995;995;4;2;0;0;0;1;0;0;3;2;995;4;1;1;1;1;1;3;1;1;2;1;2;3;1;2;4;1;4;;COUDRAY EN VEXIN;COUDRAYENVEXIN;3;6;24;6;6;6;1;999;2;43;2;8;1;46;1;6;46;6;3;3;4;4;;;;;;
553;1;2;2;2;1;1;2;1;2;1;1;0;0;1;0;0;0;0;999;3;2;2;3;999;2;3;1;1;1;1;1;2;1;1;1;1;2;4;4;4;3;1;0;0;0;1;0;5;995;995;995;995;995;995;995;995;995;995;995;995;995;995;2;995;995;995;995;995;995;995;995;2;2;0;0;0;1;0;0;1;2;995;4;2;1;2;1;1;1;2;2;2;2;3;3;2;995;3;2;995;;LOUVIERS;LOUVIERS;2;4;22;6;6;1;1;999;1;54;2;8;2;52;2;8;54;8;4;4;4;4;;;;;;
554;1;999;1;1;1;1;2;2;2;1;1;1;1;1;1;0;0;0;2;1;1;1;1;1;1;2;1;2;2;2;2;1;1;1;1;1;1;3;3;5;3;1;1;1;0;0;0;3;995;995;995;995;995;995;995;995;995;995;995;995;995;995;2;995;995;995;995;995;995;995;995;3;2;0;0;0;1;0;0;1;2;995;4;2;1;1;1;1;3;2;2;2;2;3;3;1;2;4;1;5;;EPREVILLE PRES LE NEUBOURG;EPREVILLEPRESLENEUBOURG;3;2;20;5;2;997;1;2;2;54;2;8;1;52;1;4;52;4;2;4;2;4;;;;;;
555;1;2;3;2;1;3;1;1;2;1;1;0;1;1;1;0;0;0;1;3;2;1;3;3;3;4;1;1;4;4;4;3;1;1;3;3;3;1;4;5;2;1;1;0;1;0;0;3;995;995;995;995;995;995;995;995;995;995;995;995;995;995;1;1;995;995;995;995;995;995;995;2;2;0;0;0;1;0;0;1;2;995;1;1;1;1;1;1;1;2;2;2;2;2;2;999;999;3;1;1;;EVREUX;EVREUX;2;2;6;997;997;997;1;999;2;41;2;8;1;34;1;6;34;6;3;2;2;2;;;;;;
556;1;1;3;1;3;3;1;2;1;1;0;0;1;1;0;0;1;0;2;5;1;2;2;3;2;4;2;2;2;2;2;3;1;1;1;1;1;4;4;3;2;1;1;1;0;0;0;5;995;995;995;995;995;995;995;995;995;995;995;995;995;995;1;1;995;995;995;995;995;995;995;2;2;0;0;0;1;0;0;3;2;995;4;2;2;1;2;2;999;2;2;2;2;2;3;1;2;3;4;995;;GISORS;GISORS;2;3;15;4;997;997;1;1;2;35;2;8;1;30;1;5;30;5;3;2;3;3;;;;;;
557;1;2;4;2;1;1;999;1;2;1;1;0;1;0;0;0;1;0;1;3;2;5;2;2;3;3;2;4;2;1;3;1;2;3;2;1;1;3;3;2;3;0;0;0;0;1;0;3;995;995;995;995;995;995;995;995;995;995;995;995;995;995;2;995;995;995;995;995;995;995;995;3;1;0;0;0;1;0;0;2;1;1;4;2;2;2;2;1;1;2;2;2;2;2;3;1;1;3;1;5;;EVREUX;EVREUX;2;2;24;6;5;997;1;999;2;52;2;8;1;65;2;7;65;7;4;5;2;4;;;;;;
558;1;1;2;1;1;1;1;1;1;1;1;1;1;1;1;0;0;0;1;1;2;2;1;999;2;999;1;999;999;1;999;2;1;2;2;1;2;3;4;3;3;0;1;0;0;1;0;5;995;995;995;995;995;995;995;995;995;995;995;995;995;995;2;995;995;995;995;995;995;995;995;999;2;0;0;0;0;1;0;3;1;4;4;1;1;1;1;1;999;2;2;2;2;999;999;2;995;4;999;999;;LA COUTURE BOUSSEY;LACOUTUREBOUSSEY;3;2;22;5;1;997;1;999;2;57;2;8;1;61;2;7;61;7;4;4;2;4;;;;;;
559;1;2;3;3;3;3;2;2;2;1;1;0;1;0;0;0;0;0;2;3;3;2;5;2;3;3;3;1;4;3;3;2;2;2;3;2;2;3;3;5;2;1;0;0;0;0;0;3;995;995;995;995;995;995;995;995;995;995;995;995;995;995;2;995;995;995;995;995;995;995;995;4;2;1;0;0;0;0;0;3;2;995;4;2;2;2;2;2;3;2;2;2;2;2;3;1;2;3;4;995;;CROTH;CROTH;3;2;19;5;1;997;1;999;1;62;2;7;2;41;1;5;62;7;4;4;2;4;;;;;;
560;1;1;2;2;1;1;1;1;2;1;1;1;0;1;0;0;0;0;1;2;1;1;1;999;1;2;999;2;2;999;2;1;999;1;1;999;1;4;4;5;3;1;1;1;0;0;0;5;995;995;995;995;995;995;995;995;995;995;995;995;995;995;2;995;995;995;995;995;995;995;995;4;2;0;0;0;1;0;0;2;1;4;3;1;1;2;1;1;999;1;1;2;1;1;999;1;2;3;1;4;;GISORS;GISORS;2;2;20;5;5;997;1;999;2;58;2;8;1;52;2;8;52;8;4;4;2;4;;;;;;
561;1;1;2;3;1;1;1;1;1;1;0;1;1;1;0;1;0;0;999;1;2;2;5;1;2;2;1;1;4;1;1;2;1;1;3;1;1;3;3;2;2;0;0;0;0;1;0;5;995;995;995;995;995;995;995;995;995;995;995;995;995;995;2;995;995;995;995;995;995;995;995;2;2;1;0;0;0;0;0;3;2;995;4;2;2;2;999;2;999;2;2;2;999;2;999;1;2;3;2;995;;ST ETIENNE DU VAUVRAY;STETIENNEDUVAUVRAY;2;3;15;2;997;997;1;999;2;47;2;8;1;48;1;3;48;3;1;3;3;3;;;;;;
562;1;2;3;3;3;3;2;2;1;999;1;0;0;0;1;1;0;0;1;4;2;2;4;5;5;3;1;1;3;4;4;3;1;1;3;3;3;3;3;3;1;0;0;0;0;0;0;999;2;995;995;995;995;995;995;995;995;995;995;995;995;995;1;2;1;0;0;0;0;0;0;3;2;0;0;0;0;0;1;2;2;995;2;999;999;999;999;999;999;3;3;3;3;3;3;999;999;999;4;995;;RICHEVILLE;RICHEVILLE;3;6;13;997;997;997;1;2;2;48;2;8;1;51;1;2;51;2;1;4;4;3;;;;;;
563;1;2;2;2;3;1;2;2;2;1;1;0;0;1;1;0;0;0;2;5;2;2;5;2;3;4;1;1;4;3;3;3;2;2;3;2;1;3;3;5;2;1;0;0;0;0;0;3;995;995;995;995;995;995;995;995;995;995;995;995;995;995;2;995;995;995;995;995;995;995;995;3;2;1;0;0;0;0;0;3;2;995;3;2;2;2;2;1;2;2;2;2;2;2;2;1;2;4;1;4;;LE FIDELAIRE;LEFIDELAIRE;3;3;10;997;997;997;1;999;2;37;2;8;1;34;1;5;34;5;3;2;3;2;;;;;;
564;1;2;2;2;1;1;1;1;1;1;1;0;1;0;0;0;0;0;1;5;1;5;5;5;5;4;3;4;4;4;4;3;1;3;3;3;3;999;3;5;2;0;1;0;1;0;0;5;995;995;995;995;995;995;995;995;995;995;995;995;995;995;2;995;995;995;995;995;995;995;995;2;1;1;0;0;0;0;0;3;2;995;3;2;2;2;1;1;3;2;2;2;3;3;3;1;2;2;1;6;;VERNON;VERNON;2;2;3;997;997;997;1;999;2;23;2;8;1;25;1;5;25;5;3;1;2;1;;;;;;
565;1;2;4;2;3;3;2;2;2;1;1;0;1;0;0;0;0;0;2;2;3;3;5;2;3;3;3;3;4;3;3;2;1;2;3;2;2;3;3;2;3;0;1;1;0;0;0;5;995;995;995;995;995;995;995;995;995;995;995;995;995;995;2;995;995;995;995;995;995;995;995;3;2;1;0;0;0;0;0;3;2;995;3;2;2;1;2;2;3;2;2;2;2;2;3;1;2;3;1;4;;SACQUENVILLE;SACQUENVILLE;3;3;10;997;997;997;1;999;2;42;2;8;1;42;1;3;42;3;1;3;3;2;;;;;;
566;1;2;2;2;1;1;1;1;2;1;1;1;1;1;0;0;0;0;1;3;3;2;2;3;3;1;1;1;1;1;1;1;1;1;1;1;1;3;4;2;2;1;0;0;0;1;0;5;995;995;995;995;995;995;995;995;995;995;995;995;995;995;1;2;0;0;1;0;0;1;0;4;2;1;0;0;0;0;0;2;2;995;4;2;2;2;1;1;999;2;2;2;1;1;999;1;2;3;1;1;;DAMVILLE;DAMVILLE;3;2;3;997;997;997;1;2;2;26;2;8;1;25;1;6;25;6;3;1;2;1;;;;;;
567;1;1;2;2;1;1;2;1;1;1;1;1;1;1;0;0;1;0;1;2;1;2;2;2;1;1;1;1;1;1;1;1;1;1;1;1;2;3;4;4;2;1;1;1;0;0;0;999;2;995;995;995;995;995;995;995;995;995;995;995;995;995;2;995;995;995;995;995;995;995;995;4;2;0;0;0;1;0;0;2;2;995;2;2;1;2;1;1;999;999;999;999;999;999;999;1;2;3;1;4;;LA CROIX SAINT LEUFROY;LACROIXSAINTLEUFROY;3;2;17;2;2;997;1;999;2;49;2;8;1;50;1;5;50;5;3;4;2;3;;;;;;
568;1;1;1;1;2;2;2;2;2;1;0;0;0;1;0;0;0;0;2;5;2;2;5;2;1;4;1;3;4;3;3;3;2;2;3;2;2;3;3;5;2;1;1;0;0;1;0;5;995;995;995;995;995;995;995;995;995;995;995;995;995;995;2;995;995;995;995;995;995;995;995;2;2;1;0;0;0;0;0;1;2;995;2;1;1;1;1;1;3;2;2;2;2;3;3;1;2;2;1;4;;FOULBEC;FOULBEC;3;2;3;997;997;997;1;999;2;27;2;8;1;27;1;6;27;6;3;1;2;1;;;;;;
569;1;2;2;3;1;1;1;1;2;1;1;0;1;1;0;0;0;0;999;5;2;2;2;2;3;1;1;1;1;1;1;1;1;1;1;1;1;3;3;2;3;1;0;1;1;0;0;2;2;995;995;995;995;995;995;995;995;995;995;995;995;995;2;995;995;995;995;995;995;995;995;3;2;0;0;0;1;0;0;1;1;4;1;2;2;1;1;2;1;2;2;2;2;2;2;1;2;4;2;995;;PONT AUDEMER;PONTAUDEMER;2;2;19;5;2;997;1;1;1;55;2;8;2;49;1;6;55;8;4;4;2;4;;;;;;
570;1;2;2;2;1;1;1;1;2;1;1;0;0;1;0;0;1;0;1;5;3;5;5;5;5;4;1;4;4;4;4;3;1;3;3;3;3;4;3;5;3;1;0;1;1;0;0;3;995;995;995;995;995;995;995;995;995;995;995;995;995;995;2;995;995;995;995;995;995;995;995;3;1;1;0;0;0;0;0;3;999;999;4;1;1;999;1;1;999;2;2;2;2;2;2;2;995;1;1;4;;VERNON;VERNON;2;1;2;997;997;997;1;999;2;24;2;8;1;33;2;8;33;8;4;2;1;1;;;;;;
571;1;1;1;1;3;1;1;1;2;1;0;1;1;1;0;1;0;0;1;2;3;2;5;3;2;1;1;1;4;3;1;1;1;1;3;2;1;4;3;5;2;1;1;1;0;0;0;5;995;995;995;995;995;995;995;995;995;995;995;995;995;995;2;995;995;995;995;995;995;995;995;999;2;0;0;0;0;1;0;2;2;995;4;1;2;2;1;1;3;2;2;2;1;3;3;1;2;4;4;995;;NASSANDRES;NASSANDRES;3;3;22;6;6;1;1;999;1;43;2;8;2;48;1;6;43;8;4;3;3;4;;;;;;
572;1;1;2;1;1;1;1;999;2;1;1;0;0;1;0;0;0;0;1;5;2;5;5;5;5;4;1;4;4;4;4;3;1;3;3;3;3;4;4;5;3;1;1;0;0;1;0;5;995;995;995;995;995;995;995;995;995;995;995;995;995;995;2;995;995;995;995;995;995;995;995;4;2;1;0;0;0;0;0;3;2;995;3;1;1;1;1;3;3;2;2;2;2;3;3;2;995;4;4;995;;ST ANDRE DEL'EURE;STANDREDELEURE;3;2;2;997;997;997;1;999;2;24;2;8;1;23;1;4;23;4;2;1;2;1;;;;;;
573;1;2;3;3;3;3;2;1;1;2;0;0;0;0;0;0;0;0;1;5;2;3;5;2;5;4;2;2;2;2;3;3;1;2;2;1;1;4;4;5;3;1;1;1;0;0;0;4;995;995;995;995;995;995;995;995;995;995;995;995;995;995;2;995;995;995;995;995;995;995;995;4;2;1;0;0;0;0;0;2;2;995;3;2;2;2;2;2;3;2;2;2;2;2;3;1;2;4;1;2;;IVRY LA BATAILLE;IVRYLABATAILLE;3;2;9;997;997;997;1;999;2;41;2;8;1;43;1;3;43;3;1;3;2;2;;;;;;
574;1;1;2;2;1;1;2;1;2;1;1;1;1;0;1;0;0;0;1;3;2;2;999;2;3;3;1;1;1;1;1;2;1;1;1;1;1;2;3;3;2;0;0;0;0;1;0;5;995;995;995;995;995;995;995;995;995;995;995;995;995;995;2;995;995;995;995;995;995;995;995;3;1;1;0;0;0;0;0;3;2;995;3;2;2;2;2;2;2;2;2;2;2;2;2;1;2;3;1;4;;COURBEPINE;COURBEPINE;3;2;10;997;997;997;1;999;2;31;2;8;1;32;1;6;32;6;3;2;2;2;;;;;;
575;1;1;2;1;1;1;1;2;1;1;1;1;1;1;1;0;0;0;1;3;2;2;1;2;2;1;1;2;2;1;1;1;2;1;1;1;2;3;3;2;3;0;0;1;0;1;0;5;995;995;995;995;995;995;995;995;995;995;995;995;995;995;2;995;995;995;995;995;995;995;995;4;2;1;0;0;0;0;0;2;2;995;1;2;1;2;2;1;3;2;2;2;1;2;3;1;2;3;1;4;;COURCELLES SUR SEINE;COURCELLESSURSEINE;2;3;18;3;3;997;1;1;2;38;2;8;1;42;1;4;42;4;2;3;3;4;;;;;;
576;1;1;2;2;1;2;1;1;1;2;0;0;0;0;0;0;0;0;1;2;2;1;5;2;2;3;2;2;3;2;2;2;2;2;3;2;2;3;3;2;3;0;0;0;1;1;0;2;1;1;0;0;0;0;0;0;0;0;0;0;0;0;1;2;0;0;0;0;0;1;0;4;2;0;0;0;0;0;1;2;1;4;3;2;1;2;2;1;3;2;2;2;2;2;3;1;1;3;2;995;;VAL DE REUIL;VALDEREUIL;2;2;23;6;2;997;1;999;2;54;2;8;1;65;2;7;65;7;4;5;2;4;;;;;;
577;1;2;3;1;3;1;2;1;2;1;1;1;0;1;0;0;0;0;1;3;3;3;3;2;2;1;1;3;3;1;1;1;1;2;2;1;1;3;3;2;3;1;0;0;1;0;0;5;995;995;995;995;995;995;995;995;995;995;995;995;995;995;2;995;995;995;995;995;995;995;995;3;2;1;0;0;0;0;0;2;2;995;3;1;1;2;1;1;1;2;2;2;2;2;3;1;2;3;1;1;;PIENCOURT;PIENCOURT;3;4;12;997;997;997;1;999;2;39;2;8;1;39;1;2;39;2;1;2;4;3;;;;;;
578;1;1;1;1;1;1;1;1;1;1;1;0;1;1;1;0;0;0;2;2;2;1;5;3;5;3;3;3;4;4;4;2;2;2;3;3;3;3;3;5;2;0;0;0;0;1;0;5;995;995;995;995;995;995;995;995;995;995;995;995;995;995;2;995;995;995;995;995;995;995;995;1;1;1;0;0;0;0;0;3;2;995;2;2;2;2;1;2;3;2;2;2;1;2;3;2;2;4;2;1;;999;999;999;2;12;997;997;997;1;999;2;33;2;8;1;30;1;5;30;5;3;2;2;3;;;;;;
579;1;1;1;1;1;1;1;1;2;1;1;1;1;1;1;0;0;0;999;1;1;1;1;1;1;1;1;1;1;1;1;1;1;1;1;1;1;4;3;5;3;1;0;0;0;0;0;3;995;995;995;995;995;995;995;995;995;995;995;995;995;995;2;995;995;995;995;995;995;995;995;999;2;0;0;0;0;0;0;999;999;999;999;2;2;2;1;1;2;999;999;999;999;999;999;1;2;999;2;995;;SAINT PIERRE DES FLEURS;SAINTPIERREDESFLEURS;3;1;19;5;997;997;1;999;2;59;2;8;1;61;2;7;61;7;4;4;1;4;;;;;;
580;1;2;2;2;1;1;2;2;2;1;1;1;1;0;1;0;0;0;2;1;3;2;2;5;3;2;1;2;2;4;3;1;1;1;1;3;1;3;3;5;2;1;0;1;0;0;0;3;995;995;995;995;995;995;995;995;995;995;995;995;995;995;2;995;995;995;995;995;995;995;995;999;2;0;0;0;1;0;0;1;1;4;3;999;999;999;1;1;999;999;999;999;999;999;999;1;2;3;1;5;;ROMILLY SUR ANDELLE;ROMILLYSURANDELLE;2;3;21;5;5;5;1;999;2;43;2;8;1;47;1;6;47;6;3;3;3;4;;;;;;
581;1;2;2;2;3;1;2;2;2;3;995;995;995;995;995;995;995;995;1;2;2;5;5;5;5;3;3;4;4;4;4;1;1;3;3;3;3;4;3;5;2;0;0;1;0;1;0;4;995;995;995;995;995;995;995;995;995;995;995;995;995;995;2;995;995;995;995;995;995;995;995;4;2;1;0;0;0;0;0;3;2;995;2;1;1;1;3;3;3;1;1;1;3;3;3;1;2;3;1;6;;FERRIERES HAUT CLOCHER;FERRIERESHAUTCLOCHER;3;2;3;997;997;997;1;999;2;27;2;8;1;34;1;6;34;6;3;2;2;1;;;;;;
582;1;2;3;2;3;3;2;2;2;2;0;0;0;0;0;0;0;0;2;2;2;2;3;3;2;2;2;2;3;3;2;2;1;2;3;2;2;3;4;3;3;1;1;1;0;0;0;1;1;0;0;1;0;0;0;0;0;0;0;0;0;0;2;995;995;995;995;995;995;995;995;3;2;0;0;0;0;1;0;3;2;995;3;1;1;1;1;3;3;2;2;2;2;3;3;1;2;2;1;6;;LA VIEILLE LYRE;LAVIEILLELYRE;3;2;16;3;997;997;1;999;2;37;2;8;1;41;1;6;41;6;3;3;2;3;;;;;;
583;1;1;2;2;1;1;1;1;1;2;0;0;0;0;0;0;0;0;2;2;3;2;2;5;2;1;3;2;2;3;2;2;3;1;1;3;1;3;3;5;3;0;1;1;0;1;0;5;995;995;995;995;995;995;995;995;995;995;995;995;995;995;2;995;995;995;995;995;995;995;995;2;2;1;0;0;0;0;0;2;2;995;2;2;2;2;2;2;999;999;999;999;999;999;3;1;2;3;1;4;;ST ETIENNE L'ALLIER;STETIENNELALLIER;3;3;11;997;997;997;1;999;2;39;2;8;1;44;1;5;44;5;3;3;3;2;;;;;;
584;1;1;2;1;3;3;2;2;1;1;1;1;0;1;0;1;0;0;2;4;2;2;2;2;2;3;3;3;3;3;3;1;2;1;1;1;2;2;3;2;3;0;1;0;0;1;0;3;995;995;995;995;995;995;995;995;995;995;995;995;995;995;2;995;995;995;995;995;995;995;995;2;1;0;0;0;1;0;0;3;2;995;2;2;2;2;2;2;2;2;2;2;2;2;2;1;2;3;1;3;;CHERONVILLIERS;CHERONVILLIERS;3;3;17;3;997;997;1;1;2;44;2;8;1;43;1;5;43;5;3;3;3;3;;;;;;
585;1;1;2;2;1;1;1;1;1;1;1;1;0;0;0;0;0;0;1;3;2;2;1;3;2;3;3;999;1;3;3;2;1;1;1;1;1;3;3;5;1;0;0;0;1;1;0;4;995;995;995;995;995;995;995;995;995;995;995;995;995;995;1;1;995;995;995;995;995;995;995;2;1;1;0;0;0;0;0;2;1;5;3;999;999;999;999;1;999;1;999;999;1;999;999;1;2;3;999;1;;CHERONVILLIERS;CHERONVILLIERS;3;2;17;6;1;997;1;1;2;41;2;8;1;46;1;4;46;4;2;3;2;3;;;;;;
586;1;2;3;2;3;1;2;1;2;1;0;1;1;1;1;0;0;0;1;5;2;2;5;2;5;4;1;2;4;2;4;1;1;1;3;1;3;3;3;5;2;1;1;0;1;0;0;3;995;995;995;995;995;995;995;995;995;995;995;995;995;995;2;995;995;995;995;995;995;995;995;999;2;0;0;0;0;0;1;3;2;2;4;2;1;2;1;1;3;2;2;2;2;2;3;1;2;3;1;1;;LES AUTHIEUX;LESAUTHIEUX;3;2;5;997;997;997;1;999;2;29;2;8;1;30;1;5;30;5;3;2;2;1;;;;;;
587;1;1;2;1;1;1;2;2;1;1;1;1;0;1;1;0;0;0;1;3;2;1;2;3;2;3;1;1;1;1;1;3;1;1;1;1;1;3;3;2;2;1;1;0;0;0;0;5;995;995;995;995;995;995;995;995;995;995;995;995;995;995;2;995;995;995;995;995;995;995;995;3;2;1;0;0;0;0;0;2;2;995;3;2;2;2;1;1;2;2;2;2;2;2;2;1;2;3;4;995;;ST PIERRE DE BAILLEUL;STPIERREDEBAILLEUL;3;1;11;997;997;997;1;999;2;43;2;8;1;39;1;6;39;6;3;2;1;2;;;;;;
588;1;1;2;2;2;2;1;2;1;2;0;0;0;0;0;0;0;0;1;2;2;3;999;3;3;3;1;3;4;1;1;2;2;2;3;2;2;3;3;5;2;0;1;1;1;0;0;5;995;995;995;995;995;995;995;995;995;995;995;995;995;995;1;2;0;0;0;0;1;0;0;2;2;0;0;1;0;0;0;3;2;995;3;1;1;1;1;1;3;2;2;2;2;2;3;1;2;4;1;1;;ST OUEN DE THOUBERVILLE;STOUENDETHOUBERVILLE;3;1;5;997;997;997;1;999;2;35;2;8;1;39;2;8;39;8;4;2;1;1;;;;;;
589;1;2;4;1;3;1;2;1;1;1;1;1;0;1;0;0;0;0;1;2;1;1;5;1;3;3;1;1;4;1;3;1;1;1;3;1;2;4;4;3;3;1;1;1;0;0;0;5;995;995;995;995;995;995;995;995;995;995;995;995;995;995;2;995;995;995;995;995;995;995;995;4;2;1;0;0;0;0;0;3;2;995;2;2;2;2;2;2;3;2;2;2;2;2;3;1;2;4;1;2;;999;999;999;3;17;2;997;997;1;1;2;38;2;8;1;48;1;6;48;6;3;3;3;3;;;;;;
590;1;2;2;2;3;1;1;1;2;1;0;0;1;1;0;0;1;1;1;2;1;1;2;1;1;3;1;3;3;1;1;1;1;1;1;1;1;2;3;2;3;1;0;0;0;1;0;5;995;995;995;995;995;995;995;995;995;995;995;995;995;995;2;995;995;995;995;995;995;995;995;3;1;0;0;0;0;0;1;1;2;995;3;2;2;1;2;2;2;2;2;2;2;2;2;1;2;3;4;995;;NASSANDRES;NASSANDRES;3;1;11;1;997;997;1;999;2;50;2;8;1;51;1;3;51;3;1;4;1;2;;;;;;
591;1;2;3;3;1;1;2;1;2;1;0;1;0;0;0;1;0;0;2;3;3;2;2;3;2;1;1;2;1;1;2;1;1;1;1;1;2;4;2;1;3;0;0;1;0;1;0;5;995;995;995;995;995;995;995;995;995;995;995;995;995;995;2;995;995;995;995;995;995;995;995;999;1;1;0;0;0;0;0;1;1;1;1;2;2;2;1;1;3;2;2;2;2;2;3;1;2;3;1;4;;BEUZEVILLE;BEUZEVILLE;3;4;24;6;6;5;1;999;2;50;2;8;1;52;1;4;52;4;2;4;4;4;;;;;;
592;1;2;3;2;1;1;1;1;1;1;1;0;0;1;1;0;0;0;1;5;2;5;3;5;3;999;999;999;4;999;999;3;1;1;3;3;1;3;3;5;3;1;1;0;1;0;0;4;995;995;995;995;995;995;995;995;995;995;995;995;995;995;2;995;995;995;995;995;995;995;995;3;2;0;0;1;0;0;0;1;999;999;4;3;3;2;3;1;3;2;2;2;2;2;2;1;2;3;2;995;;FOUQUEVILLE;FOUQUEVILLE;3;2;5;997;997;997;1;2;2;33;2;8;1;41;1;5;41;5;3;3;2;1;;;;;;
593;1;2;3;2;1;2;1;2;2;3;995;995;995;995;995;995;995;995;2;2;3;2;2;2;3;2;3;2;2;2;3;2;2;2;2;2;2;3;3;3;1;1;0;1;0;1;0;4;995;995;995;995;995;995;995;995;995;995;995;995;995;995;2;995;995;995;995;995;995;995;995;3;2;0;0;0;1;0;0;2;2;995;2;2;2;999;1;1;1;2;2;999;1;1;1;2;995;3;2;995;;EVREUX;EVREUX;2;2;23;5;5;997;1;999;1;64;1;6;2;59;2;8;64;6;3;5;2;4;;;;;;
594;1;1;3;2;1;1;2;2;1;1;1;0;1;1;0;0;0;0;1;5;1;5;5;5;5;4;1;4;4;4;4;3;1;3;3;3;3;3;3;2;2;1;1;0;1;0;0;1;2;995;995;995;995;995;995;995;995;995;995;995;995;995;2;995;995;995;995;995;995;995;995;4;2;1;0;0;0;0;0;3;999;999;4;2;1;2;1;2;3;2;2;2;3;3;3;1;2;4;1;6;;LOUVIERS;LOUVIERS;2;1;2;997;997;997;1;2;2;42;2;8;1;42;2;8;42;8;4;3;1;1;;;;;;
595;1;1;3;1;1;1;1;1;1;1;1;0;0;1;1;0;0;0;1;1;1;1;5;4;3;1;1;2;2;3;2;1;1;2;3;1;2;1;3;5;3;1;1;0;1;0;0;5;995;995;995;995;995;995;995;995;995;995;995;995;995;995;2;995;995;995;995;995;995;995;995;3;2;0;0;0;1;0;0;1;1;4;4;2;2;2;1;1;3;2;2;2;1;1;3;1;2;3;1;2;;FIQUEFLEUR EQUAINVILLE;FIQUEFLEUREQUAINVILLE;3;4;15;1;997;997;1;2;2;47;2;8;1;44;1;6;44;6;3;3;4;3;;;;;;
596;1;2;3;2;1;1;1;1;2;1;0;1;0;1;1;1;0;0;1;2;3;3;3;2;2;1;3;3;3;3;1;1;2;1;1;2;1;2;3;3;3;0;1;0;0;1;0;3;995;995;995;995;995;995;995;995;995;995;995;995;995;995;2;995;995;995;995;995;995;995;995;3;2;0;0;0;1;0;0;3;1;4;4;2;2;2;1;1;3;2;2;2;2;3;3;1;2;3;2;995;;BOIS LE ROI;BOISLEROI;3;2;21;5;4;997;1;999;2;48;2;8;1;51;1;3;51;3;1;4;2;4;;;;;;
597;1;1;2;2;3;1;2;2;1;1;1;0;1;0;0;0;0;0;2;2;2;2;2;2;2;3;1;1;3;3;3;2;2;2;2;2;2;3;3;2;2;1;1;0;1;0;0;2;1;0;0;0;0;0;0;0;0;0;0;1;0;0;2;995;995;995;995;995;995;995;995;3;1;1;0;0;0;0;0;2;1;1;3;2;2;2;1;2;3;2;2;2;2;2;3;1;2;3;1;4;;BOISEMONT;BOISEMONT;3;3;12;997;997;997;1;2;2;41;2;8;1;40;1;5;40;5;3;3;3;3;;;;;;
598;1;2;3;3;3;1;2;2;2;1;1;0;0;1;0;0;0;0;2;5;3;5;5;4;5;4;1;4;4;3;4;3;2;3;3;2;3;2;2;2;2;0;0;0;0;1;0;5;995;995;995;995;995;995;995;995;995;995;995;995;995;995;2;995;995;995;995;995;995;995;995;3;2;1;0;0;0;0;0;2;2;995;2;2;2;1;3;2;3;2;2;2;3;2;3;1;2;2;1;4;;MARCILLY SUR EURE;MARCILLYSUREURE;3;2;5;997;997;997;1;999;2;27;2;8;1;27;1;6;27;6;3;1;2;1;;;;;;
599;1;1;4;1;1;1;1;1;1;1;1;1;0;1;0;0;1;0;2;5;1;2;5;5;1;4;1;1;4;4;1;3;2;2;3;3;2;3;4;5;3;1;1;1;0;0;0;5;995;995;995;995;995;995;995;995;995;995;995;995;995;995;2;995;995;995;995;995;995;995;995;3;2;0;0;0;0;1;0;1;2;995;4;2;1;2;1;1;3;2;1;2;1;1;3;1;2;4;4;995;;VAL DE REUIL;VALDEREUIL;2;3;24;6;6;4;1;999;2;46;2;8;1;51;1;5;51;5;3;4;3;4;;;;;;
600;1;1;2;1;1;1;2;1;2;1;1;0;1;1;0;0;0;0;2;5;999;2;5;5;5;4;1;2;4;4;4;3;1;1;3;3;3;3;3;5;2;1;1;0;0;1;0;4;995;995;995;995;995;995;995;995;995;995;995;995;995;995;2;995;995;995;995;995;995;995;995;4;2;1;0;0;0;0;0;2;2;995;3;1;1;1;1;1;3;2;2;2;2;2;3;1;2;4;4;995;;VAL DE REUIL;VALDEREUIL;2;3;5;997;997;997;1;999;2;31;2;8;1;37;1;6;37;6;3;2;3;1;;;;;;
601;1;1;2;1;2;2;2;2;1;3;995;995;995;995;995;995;995;995;2;5;2;2;3;3;3;999;999;999;999;999;999;999;999;999;999;999;999;3;3;5;3;1;0;0;0;0;0;5;995;995;995;995;995;995;995;995;995;995;995;995;995;995;2;995;995;995;995;995;995;995;995;3;2;1;0;0;0;0;0;2;2;995;4;2;2;2;1;2;3;2;2;2;2;2;2;1;2;3;1;1;;999;999;999;2;9;997;997;997;1;2;2;40;2;8;1;40;1;6;40;6;3;3;2;2;;;;;;
602;1;1;2;2;1;1;1;1;1;1;1;1;1;1;0;0;0;0;1;5;1;1;5;5;1;4;1;1;4;4;1;3;1;1;3;3;1;4;4;2;2;1;1;1;0;0;0;2;1;1;0;0;0;0;0;0;0;0;0;0;0;0;2;995;995;995;995;995;995;995;995;4;2;0;0;0;0;0;1;1;2;995;4;1;1;1;1;2;3;2;2;2;2;2;3;1;2;4;1;4;;VERNEUIL SUR AVRE;VERNEUILSURAVRE;3;4;12;997;997;997;1;999;2;35;2;8;1;34;1;5;34;5;3;2;4;3;;;;;;
603;1;1;3;2;1;3;2;2;1;1;0;0;1;1;0;0;0;0;2;2;2;2;5;2;2;3;1;3;4;1;1;2;2;2;3;1;1;3;4;4;3;1;1;1;0;0;0;3;995;995;995;995;995;995;995;995;995;995;995;995;995;995;2;995;995;995;995;995;995;995;995;2;2;1;0;0;0;0;0;2;2;995;3;2;2;999;999;999;999;999;999;1;1;1;3;1;2;4;1;6;;SAINT GEORGES DU VIEVRE;SAINTGEORGESDUVIEVRE;3;4;12;997;997;997;1;2;2;35;2;8;1;36;1;6;36;6;3;2;4;3;;;;;;
604;1;2;2;1;1;1;1;2;2;2;0;0;0;0;0;0;0;0;1;5;4;5;5;5;5;4;3;4;4;4;4;3;2;3;3;3;3;2;4;4;2;1;1;1;0;0;0;2;1;0;0;0;0;0;0;0;0;0;0;1;0;0;2;995;995;995;995;995;995;995;995;3;2;0;1;0;0;0;0;3;2;995;3;1;1;2;1;1;3;1;1;2;1;1;3;1;2;2;999;999;;conches en ouche;CONCHESENOUCHE;3;2;2;997;997;997;1;999;2;23;1;8;1;25;1;6;25;6;3;1;2;1;;;;;;
605;1;1;1;2;1;1;1;1;2;1;1;0;1;0;1;0;0;0;999;2;999;1;999;2;2;1;1;1;999;1;1;1;2;2;999;1;1;4;3;3;1;1;1;1;0;0;0;5;995;995;995;995;995;995;995;995;995;995;995;995;995;995;1;1;995;995;995;995;995;995;995;2;2;1;0;0;0;0;0;3;2;995;4;2;2;2;2;1;2;2;2;2;2;2;2;1;2;4;1;3;;SAINT AUBIN GAILLON;SAINTAUBINGAILLON;3;3;14;1;997;997;1;2;2;42;2;8;1;40;2;8;40;8;4;3;3;3;;;;;;
606;1;2;1;2;1;1;2;2;2;1;1;0;1;1;0;0;0;0;1;5;2;2;5;3;3;4;2;2;4;3;1;3;1;1;3;2;1;3;4;3;3;1;0;1;0;1;0;2;2;995;995;995;995;995;995;995;995;995;995;995;995;995;2;995;995;995;995;995;995;995;995;3;2;1;0;0;0;0;0;2;2;995;4;1;1;1;1;2;3;2;2;2;3;2;3;1;2;4;4;995;;NONANCOURT;NONANCOURT;2;2;6;997;997;997;1;999;1;28;2;8;2;28;1;5;28;8;4;1;2;2;;;;;;
607;1;1;2;1;3;2;2;1;1;1;0;1;1;1;0;0;0;1;999;5;1;2;5;1;2;4;1;2;4;2;999;3;1;1;3;1;1;4;4;3;3;1;1;1;0;0;0;5;995;995;995;995;995;995;995;995;995;995;995;995;995;995;2;995;995;995;995;995;995;995;995;3;2;1;0;0;0;0;0;2;2;995;3;2;1;1;1;1;999;2;2;1;1;2;3;1;2;4;1;4;;SAINT AQUILIN DE OACY;SAINTAQUILINDEOACY;3;3;10;997;997;997;1;1;2;30;2;8;1;37;1;6;37;6;3;2;3;2;;;;;;
608;1;1;2;3;1;1;1;1;2;1;1;0;1;1;0;0;0;0;1;5;2;5;5;5;5;4;1;1;4;999;4;3;2;2;3;2;3;3;3;4;2;1;1;0;0;0;0;5;995;995;995;995;995;995;995;995;995;995;995;995;995;995;999;2;0;1;0;0;0;0;0;3;2;0;0;0;0;1;0;2;2;995;3;2;2;2;2;2;3;2;2;2;2;2;3;1;2;3;4;995;;SERQUIGNY;SERQUIGNY;3;3;7;997;997;997;1;999;2;35;2;8;1;35;1;5;35;5;3;2;3;2;;;;;;
609;1;1;2;1;1;1;1;1;2;1;0;1;1;1;1;1;0;0;1;1;2;2;5;5;5;1;1;2;4;4;4;1;1;3;3;3;3;4;4;4;2;1;0;0;1;1;0;4;995;995;995;995;995;995;995;995;995;995;995;995;995;995;2;995;995;995;995;995;995;995;995;1;2;1;0;0;0;0;0;2;2;995;4;1;999;999;1;1;3;1;999;999;999;999;999;1;2;3;2;995;;VERNON;VERNON;2;4;11;997;997;997;1;999;2;33;2;8;1;62;2;8;62;8;4;4;4;2;;;;;;
610;1;2;3;2;1;1;2;1;2;1;1;0;1;0;1;0;0;0;1;5;2;2;5;5;5;4;1;1;4;4;4;3;1;2;3;3;3;4;4;5;2;1;1;0;0;0;0;3;995;995;995;995;995;995;995;995;995;995;995;995;995;995;1;1;995;995;995;995;995;995;995;2;2;1;0;0;0;0;0;3;2;995;2;3;3;3;3;3;2;2;2;2;2;2;3;1;2;3;1;1;;PONT AUDEMER;PONTAUDEMER;2;3;14;997;997;997;1;2;2;35;2;8;1;46;2;8;46;8;4;3;3;3;;;;;;
611;1;2;3;1;3;3;1;1;2;1;1;0;0;1;0;0;0;0;1;3;3;3;5;3;5;3;3;3;4;3;4;1;1;1;3;1;3;4;4;5;3;1;1;0;0;1;0;2;1;1;0;0;0;0;0;0;0;0;0;0;0;0;2;995;995;995;995;995;995;995;995;3;1;0;0;0;0;1;0;3;2;995;2;2;2;2;2;1;3;2;2;2;2;3;3;1;2;4;1;4;;EVREUX;EVREUX;2;1;5;997;997;997;2;997;2;26;1;5;997;997;997;997;26;5;3;1;1;1;;;;;;
612;1;2;3;2;1;1;2;2;2;1;1;0;1;1;0;0;0;0;2;999;999;999;999;999;999;999;999;999;999;999;999;999;999;999;999;999;999;3;3;5;2;1;1;1;0;0;0;5;995;995;995;995;995;995;995;995;995;995;995;995;995;995;2;995;995;995;995;995;995;995;995;3;2;0;0;0;1;0;0;999;999;999;1;1;1;1;1;1;999;999;999;999;999;999;999;2;995;3;2;995;;VERNON;VERNON;2;2;22;997;997;997;2;997;2;46;1;6;997;997;997;997;46;6;3;3;2;4;;;;;;
613;1;1;2;2;2;2;1;1;1;2;0;0;0;0;0;0;0;0;1;5;1;1;5;1;1;4;2;2;4;4;2;3;2;2;3;3;2;3;4;4;3;0;1;0;1;1;0;5;995;995;995;995;995;995;995;995;995;995;995;995;995;995;2;995;995;995;995;995;995;995;995;999;999;0;0;0;0;0;0;999;999;999;999;999;999;999;999;999;999;999;999;999;999;999;999;999;999;999;1;3;;GISORS;GISORS;2;2;9;997;997;997;2;997;2;34;2;8;997;997;997;997;34;8;4;2;2;2;;;;;;
614;1;2;3;2;1;1;1;1;2;1;0;0;1;1;0;0;0;0;1;5;3;2;5;5;5;4;3;1;4;4;4;3;2;1;3;3;3;4;3;5;3;1;0;1;1;0;0;5;995;995;995;995;995;995;995;995;995;995;995;995;995;995;2;995;995;995;995;995;995;995;995;4;2;0;0;0;1;0;0;2;2;995;4;2;1;1;1;2;3;2;2;2;2;3;3;1;2;4;1;7;Sous forme de livret;ROMILLY SUR ANDELLE;ROMILLYSURANDELLE;2;2;6;997;997;997;2;997;2;31;1;4;997;997;997;997;31;4;2;2;2;2;;;;;;
615;1;2;3;2;1;1;1;1;2;1;0;0;1;1;0;0;0;0;1;5;3;3;5;3;2;4;1;2;4;3;2;3;1;1;3;1;2;3;3;5;1;0;0;0;1;1;0;4;995;995;995;995;995;995;995;995;995;995;995;995;995;995;2;995;995;995;995;995;995;995;995;3;1;0;0;0;1;0;0;3;2;995;2;2;2;2;2;3;3;2;2;2;2;3;3;1;2;2;2;995;;VERNON;VERNON;2;2;13;997;997;997;2;997;2;40;1;3;997;997;997;997;40;3;1;3;2;3;;;;;;
616;1;2;3;2;1;1;2;1;3;1;1;1;1;1;0;0;0;0;1;5;2;2;5;3;2;4;1;3;4;3;1;3;2;2;3;2;1;3;3;3;2;1;1;0;1;0;0;2;1;0;1;0;0;0;0;0;0;0;0;0;0;0;2;995;995;995;995;995;995;995;995;4;2;0;0;0;1;0;0;2;2;995;4;2;1;2;1;1;1;2;2;2;2;2;3;1;2;3;1;2;;LES ANDELYS;LESANDELYS;2;5;;6;6;6;2;997;2;55;1;5;997;997;997;997;55;5;3;4;4;1;;;;;;
617;1;1;2;2;1;1;1;1;2;1;1;0;0;0;0;0;0;0;1;5;2;2;5;1;1;3;1;3;3;1;3;2;2;1;1;1;1;2;3;2;2;0;0;0;0;1;0;3;995;995;995;995;995;995;995;995;995;995;995;995;995;995;2;995;995;995;995;995;995;995;995;2;2;0;1;0;0;0;0;3;2;995;3;2;2;2;2;2;3;2;2;2;2;2;3;1;2;4;1;6;;VAL DE REUIL;VALDEREUIL;2;4;16;6;6;2;2;997;2;48;1;5;997;997;997;997;48;5;3;3;4;3;;;;;;
618;1;2;3;2;3;1;2;2;2;1;0;0;1;1;0;0;0;0;2;2;3;2;1;2;1;3;3;1;1;1;1;2;1;1;2;1;2;2;2;5;3;0;0;0;0;1;0;3;995;995;995;995;995;995;995;995;995;995;995;995;995;995;2;995;995;995;995;995;995;995;995;4;2;0;1;0;0;0;0;3;2;995;4;2;2;2;2;2;3;2;2;2;2;2;3;1;2;3;2;995;;EVREUX;EVREUX;2;3;20;6;6;5;2;997;2;55;1;3;997;997;997;997;55;3;1;4;3;4;;;;;;
619;1;4;4;4;3;3;1;1;4;1;1;0;1;1;0;0;0;0;1;5;2;2;5;3;3;4;2;3;4;3;1;3;1;2;3;2;1;3;4;2;2;0;0;1;1;1;0;5;995;995;995;995;995;995;995;995;995;995;995;995;995;995;1;1;995;995;995;995;995;995;995;1;2;0;0;0;0;1;0;3;2;995;3;1;1;1;1;1;3;1;2;2;2;2;3;1;2;2;2;995;;PONT AUDEMER;PONTAUDEMER;2;2;19;6;997;997;2;997;2;44;2;8;997;997;997;997;44;8;4;3;2;4;;;;;;
620;1;2;3;1;1;1;2;2;2;1;1;0;1;0;0;0;0;0;2;2;2;2;2;3;3;2;1;2;2;3;1;2;2;2;2;1;1;3;4;3;3;1;1;0;0;1;0;2;1;0;0;1;0;0;0;0;0;0;0;0;0;0;1;2;995;995;995;995;995;995;995;3;2;0;0;0;1;0;0;3;1;4;4;1;1;1;2;2;2;2;2;2;2;2;2;1;2;3;1;4;;EVREUX;EVREUX;2;3;23;6;6;3;2;997;2;47;1;5;997;997;997;997;47;5;3;3;3;4;;;;;;
621;1;2;2;2;1;1;1;1;2;1;1;0;0;1;0;0;0;0;1;5;1;2;5;1;1;4;1;1;4;1;1;3;1;1;3;1;1;3;4;5;3;1;0;0;1;0;0;5;995;995;995;995;995;995;995;995;995;995;995;995;995;995;2;995;995;995;995;995;995;995;995;2;2;1;0;0;0;0;0;2;2;995;3;2;2;2;2;1;3;2;2;2;2;2;3;1;2;3;1;6;;EVREUX;EVREUX;2;2;14;997;997;997;2;997;2;35;2;8;997;997;997;997;35;8;4;2;2;3;;;;;;
622;1;2;3;1;2;2;1;1;1;1;0;1;0;1;0;0;0;0;1;2;3;5;2;2;2;4;4;4;4;4;3;3;3;3;1;1;1;3;4;5;3;1;0;1;1;0;0;5;995;995;995;995;995;995;995;995;995;995;995;995;995;995;2;995;995;995;995;995;995;995;995;4;1;0;0;0;0;1;0;3;1;4;4;1;2;2;2;2;3;2;2;2;2;2;3;1;2;4;1;1;;HEUDREVILLE SUR EURE;HEUDREVILLESUREURE;3;1;19;997;997;997;2;997;2;50;1;5;997;997;997;997;50;5;3;4;1;4;;;;;;
623;1;1;1;1;1;1;2;2;1;1;1;1;1;1;0;0;0;0;1;1;1;1;1;1;1;3;1;1;3;1;1;2;1;2;2;1;2;2;3;5;3;0;0;0;0;1;0;5;995;995;995;995;995;995;995;995;995;995;995;995;995;995;1;1;995;995;995;995;995;995;995;999;2;0;1;0;0;0;0;2;1;3;3;2;2;2;1;1;2;999;999;999;999;999;999;1;2;3;1;4;;GASNY;GASNY;3;2;21;5;5;997;2;997;2;48;1;5;997;997;997;997;48;5;3;3;2;4;;;;;;
624;1;2;2;2;1;1;1;1;1;1;1;1;1;1;0;0;1;0;1;2;999;999;999;2;2;999;999;999;999;999;999;999;999;999;999;999;999;3;3;3;3;1;0;1;0;1;0;4;995;995;995;995;995;995;995;995;995;995;995;995;995;995;2;995;995;995;995;995;995;995;995;3;1;0;0;0;0;0;0;2;2;995;2;2;2;2;1;1;3;2;2;2;2;2;3;1;2;3;2;995;;LOUVIERS;LOUVIERS;2;1;21;6;997;997;2;997;2;52;1;5;997;997;997;997;52;5;3;4;1;4;;;;;;
625;1;2;2;1;1;1;1;1;2;1;1;0;1;1;0;0;0;0;1;5;2;2;5;3;5;4;1;3;4;1;4;3;1;2;3;1;3;3;3;2;3;1;1;0;1;0;0;5;995;995;995;995;995;995;995;995;995;995;995;995;995;995;2;995;995;995;995;995;995;995;995;3;1;0;0;0;1;0;0;3;2;995;2;1;1;1;1;1;3;2;2;2;2;2;3;1;2;2;1;1;;THOMER LA SOGNE;THOMERLASOGNE;3;1;11;997;997;997;2;997;2;38;1;5;997;997;997;997;38;5;3;2;1;2;;;;;;
626;1;2;3;2;1;1;1;1;2;1;1;0;0;0;1;1;1;0;1;5;2;2;3;2;1;4;1;1;1;1;1;1;1;1;1;1;1;3;3;3;2;0;1;0;0;0;0;4;995;995;995;995;995;995;995;995;995;995;995;995;995;995;1;2;1;0;0;0;0;0;0;4;2;0;0;0;1;0;0;999;2;995;3;2;2;2;1;1;3;2;2;2;2;2;2;1;2;3;1;4;;EPAIGNES;EPAIGNES;3;2;14;1;1;997;2;997;2;35;1;5;997;997;997;997;35;5;3;2;2;3;;;;;;
627;1;2;3;3;1;1;2;2;2;3;995;995;995;995;995;995;995;995;2;5;3;2;4;5;2;4;3;3;3;3;3;2;2;2;2;2;2;3;2;2;2;0;1;0;0;1;0;1;1;0;0;0;0;1;0;0;0;0;0;0;0;0;2;995;995;995;995;995;995;995;995;4;2;0;0;0;0;1;0;3;2;995;2;2;999;2;1;999;999;2;999;2;2;999;999;1;2;4;4;995;;PONT AUDEMER;PONTAUDEMER;2;1;14;997;997;997;2;997;2;37;1;5;997;997;997;997;37;5;3;2;1;3;;;;;;
628;1;2;2;2;3;3;2;2;1;1;1;1;1;1;0;0;0;0;999;4;2;2;2;2;2;3;1;1;1;1;1;1;1;1;1;1;1;3;3;3;3;1;1;1;0;0;0;3;995;995;995;995;995;995;995;995;995;995;995;995;995;995;2;995;995;995;995;995;995;995;995;3;2;0;1;0;0;0;0;1;2;995;3;2;2;2;1;1;3;2;2;2;2;2;3;1;2;3;1;4;;FOURGES;FOURGES;3;2;13;997;997;997;2;997;2;40;1;5;997;997;997;997;40;5;3;3;2;3;;;;;;
629;1;2;2;2;1;1;2;2;2;1;1;0;1;1;1;0;0;0;2;999;2;999;999;999;2;999;2;999;2;999;2;999;999;999;999;999;999;4;4;3;3;1;1;1;0;0;0;2;2;995;995;995;995;995;995;995;995;995;995;995;995;995;2;995;995;995;995;995;995;995;995;3;2;0;0;0;1;0;0;2;2;995;3;2;1;999;1;1;999;2;1;999;1;1;999;1;2;4;999;1;;GISORS;GISORS;2;3;20;4;6;3;2;997;2;52;1;5;997;997;997;997;52;5;3;4;3;4;;;;;;
630;1;2;2;1;1;1;1;1;2;1;1;0;1;1;0;0;0;0;1;2;2;2;2;2;3;1;1;999;999;999;3;999;999;999;999;999;999;4;2;2;3;0;0;0;0;1;0;4;995;995;995;995;995;995;995;995;995;995;995;995;995;995;2;995;995;995;995;995;995;995;995;999;2;0;0;0;1;0;0;3;2;995;4;2;2;2;2;2;3;2;2;2;2;2;3;1;1;3;999;4;;999;999;999;2;20;4;2;997;2;997;2;47;1;2;997;997;997;997;47;2;1;3;2;4;;;;;;
631;1;999;3;2;1;1;2;2;2;1;0;1;1;1;0;0;0;0;1;999;2;999;999;2;2;1;999;3;3;1;1;1;2;2;2;2;2;3;3;3;3;1;1;1;0;0;0;4;995;995;995;995;995;995;995;995;995;995;995;995;995;995;2;995;995;995;995;995;995;995;995;999;2;0;0;0;0;0;0;999;2;995;2;2;1;1;1;1;999;2;1;2;1;999;999;1;2;3;2;995;;EVREUX;EVREUX;2;1;19;3;997;997;2;997;2;57;1;5;997;997;997;997;57;5;3;4;1;4;;;;;;
632;1;1;2;1;1;1;2;2;2;1;1;1;0;1;0;0;0;0;1;2;3;999;2;4;2;1;999;3;1;3;3;1;1;3;2;3;1;2;2;1;2;1;0;0;0;1;0;5;995;995;995;995;995;995;995;995;995;995;995;995;995;995;2;995;995;995;995;995;995;995;995;2;2;0;0;0;0;1;0;999;2;995;2;2;2;2;2;2;3;2;2;2;2;2;3;1;2;3;999;999;;CAHAIGNES  ECOS;CAHAIGNESECOS;3;2;24;997;997;997;2;997;2;54;2;8;997;997;997;997;54;8;4;4;2;4;;;;;;
633;1;2;3;3;1;1;1;1;2;1;1;1;0;1;0;0;0;0;1;5;2;4;5;3;2;4;1;3;4;3;2;3;1;2;3;2;1;3;3;5;3;1;1;0;0;1;0;4;995;995;995;995;995;995;995;995;995;995;995;995;995;995;2;995;995;995;995;995;995;995;995;2;2;0;0;0;0;1;0;2;2;995;2;2;2;2;2;2;3;2;2;2;2;2;3;1;2;3;1;2;;ROUTOT;ROUTOT;3;2;12;997;997;997;2;997;1;39;1;6;997;997;997;997;39;6;3;2;2;3;;;;;;
634;1;3;4;3;3;3;2;1;3;3;995;995;995;995;995;995;995;995;1;5;3;4;5;3;4;3;3;3;4;3;3;1;1;2;3;2;2;2;2;5;3;0;0;0;0;0;1;5;995;995;995;995;995;995;995;995;995;995;995;995;995;995;2;995;995;995;995;995;995;995;995;999;2;0;0;0;0;1;0;3;2;995;4;2;2;2;2;2;2;2;2;2;2;2;2;1;2;3;1;4;;GASNY;GASNY;3;3;12;997;997;997;1;999;1;39;1;3;2;47;2;8;39;3;1;2;3;3;;;;;;
635;1;2;3;3;1;1;1;1;3;1;1;0;0;0;0;0;0;0;1;5;5;5;5;5;5;4;4;4;4;4;4;3;3;3;3;3;3;2;1;1;2;0;0;0;0;1;0;5;995;995;995;995;995;995;995;995;995;995;995;995;995;995;2;995;995;995;995;995;995;995;995;1;2;0;0;0;0;1;0;3;2;995;2;1;1;1;1;1;2;999;999;999;999;999;999;1;2;1;1;4;;THIBERVILLE;THIBERVILLE;3;3;23;6;6;6;2;997;2;47;1;5;997;997;997;997;47;5;3;3;3;4;;;;;;
636;1;2;2;3;1;3;2;2;2;1;0;0;0;1;0;1;1;0;2;5;3;3;5;3;2;4;1;3;4;3;3;3;2;2;3;2;2;4;3;2;2;1;0;0;0;1;0;3;995;995;995;995;995;995;995;995;995;995;995;995;995;995;2;995;995;995;995;995;995;995;995;3;1;0;1;0;0;0;0;3;2;995;3;2;1;2;2;2;3;2;1;2;2;2;3;1;2;2;3;995;;EVREUX;EVREUX;2;2;12;997;997;997;2;997;2;44;1;5;997;997;997;997;44;5;3;3;2;3;;;;;;
637;1;1;2;1;1;1;1;1;1;3;995;995;995;995;995;995;995;995;2;2;2;2;2;1;2;3;3;2;2;2;2;1;1;1;1;1;1;3;3;4;3;0;1;1;0;0;0;4;995;995;995;995;995;995;995;995;995;995;995;995;995;995;2;995;995;995;995;995;995;995;995;2;1;0;0;0;0;1;0;2;2;995;4;2;2;2;2;3;3;2;2;2;2;2;3;1;1;4;2;995;;MANTHELON;MANTHELON;3;2;14;1;997;997;2;997;2;39;1;3;997;997;997;997;39;3;1;2;2;3;;;;;;
638;1;4;999;999;3;3;1;2;2;1;1;1;0;1;1;0;0;0;1;2;2;3;5;5;3;2;2;2;3;999;2;1;2;1;3;3;1;3;3;5;3;1;0;0;1;0;0;5;995;995;995;995;995;995;995;995;995;995;995;995;995;995;2;995;995;995;995;995;995;995;995;3;1;0;0;0;1;0;0;2;1;4;4;2;2;1;2;1;3;2;2;2;2;3;3;1;2;4;999;999;;BERNIERES SUR SEINE;BERNIERESSURSEINE;3;1;16;997;997;997;2;997;2;57;2;7;997;997;997;997;57;7;4;4;1;3;;;;;;
639;1;1;2;1;1;1;1;1;1;1;1;1;1;1;0;0;0;0;1;2;1;1;1;2;2;3;1;1;1;1;1;1;1;1;1;1;1;3;4;4;3;1;1;0;1;0;0;4;995;995;995;995;995;995;995;995;995;995;995;995;995;995;1;1;995;995;995;995;995;995;995;3;2;0;1;0;0;0;0;3;1;4;4;2;1;2;1;3;3;2;2;2;2;3;3;2;995;4;1;4;;LERY;LERY;2;2;17;2;1;997;2;997;2;40;2;8;997;997;997;997;40;8;4;3;2;3;;;;;;
640;1;1;2;2;1;1;1;1;2;1;1;1;1;1;1;0;0;0;2;3;2;2;1;2;2;3;1;1;1;1;1;2;1;1;1;1;1;3;3;2;3;0;1;1;1;0;0;4;995;995;995;995;995;995;995;995;995;995;995;995;995;995;2;995;995;995;995;995;995;995;995;3;1;0;1;0;0;0;0;3;1;1;4;2;2;1;1;2;1;2;2;2;2;2;2;1;2;3;1;3;;SAINT GERMAIN SUR AVRE;SAINTGERMAINSURAVRE;2;2;19;5;997;997;2;997;2;43;1;5;997;997;997;997;43;5;3;3;2;4;;;;;;
641;1;2;3;3;3;3;1;1;1;1;1;0;1;1;0;0;0;0;1;5;3;3;2;5;3;4;3;3;3;3;3;3;1;1;1;3;1;3;3;3;2;0;0;1;0;1;0;4;995;995;995;995;995;995;995;995;995;995;995;995;995;995;1;2;1;0;0;0;0;0;0;999;1;0;0;0;1;0;0;2;2;995;3;2;2;2;2;2;1;2;2;2;2;2;999;1;2;3;999;999;;EVREUX;EVREUX;2;1;19;5;997;997;2;997;2;47;1;5;997;997;997;997;47;5;3;3;1;4;;;;;;
642;1;2;3;1;1;1;1;2;2;1;1;0;0;1;0;0;0;0;1;5;5;5;5;5;5;999;999;999;999;999;999;999;999;999;999;999;999;4;4;5;3;1;0;0;0;0;0;5;995;995;995;995;995;995;995;995;995;995;995;995;995;995;999;2;0;0;0;0;0;0;0;999;2;0;0;0;0;0;0;3;1;4;2;2;2;2;2;2;3;2;2;2;3;3;3;1;2;2;2;995;;MARCILLY LA CAMPAGNE;MARCILLYLACAMPAGNE;3;3;23;6;6;5;2;997;2;58;1;2;997;997;997;997;58;2;1;4;3;4;;;;;;
643;1;2;3;2;1;1;1;1;2;1;1;0;1;0;0;0;0;0;1;999;1;999;999;999;3;4;1;4;4;999;1;3;2;1;999;999;1;3;4;5;999;1;0;1;1;0;0;4;995;995;995;995;995;995;995;995;995;995;995;995;995;995;2;995;995;995;995;995;995;995;995;3;2;0;0;1;0;0;0;999;999;999;4;999;1;999;999;999;999;2;2;2;2;2;2;1;2;3;999;999;;GISORS;GISORS;2;2;20;997;3;997;2;997;2;44;1;5;997;997;997;997;44;5;3;3;2;4;;;;;;
644;1;1;2;2;1;1;1;1;1;1;0;0;1;1;0;0;0;1;1;1;3;3;1;2;1;3;3;3;1;1;3;1;1;1;1;1;1;4;4;5;3;1;1;1;0;0;0;5;995;995;995;995;995;995;995;995;995;995;995;995;995;995;2;995;995;995;995;995;995;995;995;4;2;0;0;0;1;0;0;3;2;995;4;1;1;1;1;3;3;2;2;2;2;3;3;1;2;3;4;995;;NOJEON EN VEXIN;NOJEONENVEXIN;3;1;19;5;997;997;2;997;2;46;1;4;997;997;997;997;46;4;2;3;1;4;;;;;;
645;1;1;1;2;1;2;1;2;1;999;0;0;0;0;0;0;0;1;1;5;5;5;5;5;5;4;4;4;4;4;4;3;3;3;3;3;3;4;4;3;1;1;0;0;1;0;0;1;999;995;995;995;995;995;995;995;995;995;995;995;995;995;2;995;995;995;995;995;995;995;995;3;2;0;0;0;0;1;0;3;999;999;4;2;1;2;2;2;1;999;999;999;999;999;999;1;2;4;999;999;;EVREUX;EVREUX;2;2;21;6;6;997;2;997;2;42;1;6;997;997;997;997;42;6;3;3;2;4;;;;;;
646;1;2;2;2;1;1;1;1;2;1;1;0;1;1;0;0;0;0;1;5;5;4;5;5;5;4;3;3;4;4;4;3;1;1;3;3;3;4;4;4;3;1;1;1;0;0;0;5;995;995;995;995;995;995;995;995;995;995;995;995;995;995;2;995;995;995;995;995;995;995;995;1;2;1;0;0;0;0;0;2;2;995;2;2;2;1;1;3;3;2;2;1;1;3;3;1;1;3;1;6;;VAL DE REUIL;VALDEREUIL;2;1;7;997;997;997;2;997;2;31;2;8;997;997;997;997;31;8;4;2;1;2;;;;;;
647;1;2;3;3;3;3;2;2;1;1;0;1;1;0;0;0;0;0;2;5;1;2;1;3;2;4;1;1;4;3;2;2;2;2;3;2;2;3;4;5;3;0;0;0;0;1;0;1;2;995;995;995;995;995;995;995;995;995;995;995;995;995;2;995;995;995;995;995;995;995;995;999;2;0;0;0;0;1;0;3;2;995;4;1;2;2;1;2;3;1;2;2;2;2;3;1;2;3;1;4;;conches en ouche;CONCHESENOUCHE;3;2;18;6;997;997;2;997;2;49;1;5;997;997;997;997;49;5;3;3;2;4;;;;;;
648;1;2;3;3;1;1;1;1;2;1;1;0;1;1;0;0;0;0;2;3;3;2;2;2;1;3;1;3;3;1;1;2;1;2;2;1;2;3;3;4;3;1;1;1;0;0;0;3;995;995;995;995;995;995;995;995;995;995;995;995;995;995;2;995;995;995;995;995;995;995;995;3;2;0;0;1;0;0;0;3;1;4;4;2;2;2;2;2;999;2;2;2;2;2;3;1;2;3;1;1;;EZY SUR EURE;EZYSUREURE;2;3;20;5;4;3;2;997;2;43;1;5;997;997;997;997;43;5;3;3;3;4;;;;;;
649;1;2;2;2;1;1;2;1;2;1;1;1;0;1;0;0;0;0;1;5;2;3;5;1;3;4;1;1;4;3;3;3;1;1;3;1;1;3;3;2;2;1;1;0;1;0;0;3;995;995;995;995;995;995;995;995;995;995;995;995;995;995;1;2;1;0;0;0;0;0;0;2;1;0;0;0;0;1;0;3;1;5;4;2;1;2;2;1;3;2;2;2;2;3;3;999;999;999;1;6;;VAL DE REUIL;VALDEREUIL;2;1;10;997;997;997;2;997;2;50;1;5;997;997;997;997;50;5;3;4;1;2;;;;;;
650;1;3;1;2;3;3;2;2;2;2;0;0;0;0;0;0;0;0;2;2;2;2;2;2;3;4;2;2;2;2;3;3;1;1;1;1;2;2;3;3;2;0;0;0;1;0;0;1;2;995;995;995;995;995;995;995;995;995;995;995;995;995;2;995;995;995;995;995;995;995;995;4;2;0;0;1;0;0;0;3;2;995;2;3;999;2;1;1;1;999;1;1;999;999;999;1;2;2;999;999;;999;999;999;3;17;5;5;2;2;997;2;49;1;5;997;997;997;997;49;5;3;3;3;3;;;;;;
651;1;1;2;2;1;1;1;1;1;1;1;0;1;1;0;0;0;0;1;5;2;1;1;1;2;4;1;2;2;1;2;3;1;1;1;1;1;3;4;999;1;1;1;1;0;0;0;3;995;995;995;995;995;995;995;995;995;995;995;995;995;995;2;995;995;995;995;995;995;995;995;2;2;0;1;0;0;0;0;2;1;3;3;2;2;2;1;1;3;2;2;2;2;3;3;1;2;3;2;995;;GRAVIGNY;GRAVIGNY;2;3;23;6;5;997;2;997;2;47;1;4;997;997;997;997;47;4;2;3;3;4;;;;;;
652;1;1;3;2;1;1;2;2;1;1;0;0;1;1;0;0;0;0;2;5;5;5;5;5;5;4;4;4;4;4;4;3;3;3;3;3;3;3;3;2;3;1;1;0;0;1;0;3;995;995;995;995;995;995;995;995;995;995;995;995;995;995;2;995;995;995;995;995;995;995;995;4;2;0;0;0;0;0;1;3;999;999;1;3;3;999;1;1;3;3;3;999;3;3;3;1;2;3;2;995;;EVREUX;EVREUX;2;2;24;6;6;997;2;997;2;54;1;5;997;997;997;997;54;5;3;4;2;4;;;;;;
653;1;2;1;3;1;1;1;1;1;1;1;0;0;1;1;0;0;0;1;1;999;999;1;5;2;999;1;1;999;3;1;1;1;1;1;1;1;4;3;3;3;0;1;1;0;1;0;5;995;995;995;995;995;995;995;995;995;995;995;995;995;995;2;995;995;995;995;995;995;995;995;3;1;0;1;0;0;0;0;2;2;995;4;1;1;2;1;2;3;2;2;2;2;2;2;1;2;3;999;999;;SYLVAINS LES MOULINS;SYLVAINSLESMOULINS;3;2;22;6;6;997;2;997;2;46;1;5;997;997;997;997;46;5;3;3;2;4;;;;;;
654;1;2;2;1;1;1;1;1;1;1;1;0;0;1;0;0;0;0;1;5;1;1;1;1;4;3;1;1;4;1;3;2;1;1;3;1;2;3;4;4;3;0;1;0;1;0;0;1;1;0;1;0;0;0;0;0;0;0;0;0;0;0;2;995;995;995;995;995;995;995;995;2;2;0;1;0;0;0;0;3;2;995;3;1;1;1;2;1;2;2;2;1;2;1;3;1;2;4;1;2;;conches en ouche;CONCHESENOUCHE;3;2;14;1;997;997;2;997;2;37;1;5;997;997;997;997;37;5;3;2;2;3;;;;;;
655;1;1;2;2;1;1;1;2;2;2;0;0;0;0;0;0;0;0;2;3;2;2;5;2;2;3;2;2;4;2;2;2;2;2;3;2;2;3;3;4;3;0;0;0;0;1;0;5;995;995;995;995;995;995;995;995;995;995;995;995;995;995;2;995;995;995;995;995;995;995;995;4;1;0;0;0;1;0;0;2;1;4;4;1;1;2;1;1;1;2;2;2;2;2;3;1;2;3;1;1;;PONT AUDEMER;PONTAUDEMER;2;2;16;2;997;997;2;997;2;40;1;5;997;997;997;997;40;5;3;3;2;3;;;;;;
656;1;1;2;1;1;1;1;1;1;1;1;0;0;1;1;0;0;0;1;5;2;2;5;3;2;4;3;3;4;1;3;3;1;1;3;1;1;3;3;5;1;0;1;1;0;1;0;5;995;995;995;995;995;995;995;995;995;995;995;995;995;995;2;995;995;995;995;995;995;995;995;3;2;0;0;0;1;0;0;2;2;995;4;1;1;1;1;1;3;2;2;2;2;2;3;1;2;2;2;995;;EVREUX;EVREUX;2;1;5;997;997;997;2;997;2;35;1;5;997;997;997;997;35;5;3;2;1;1;;;;;;
657;1;2;3;3;1;1;1;1;2;1;1;0;1;1;0;0;0;0;1;3;2;5;2;5;2;2;999;1;2;999;999;999;999;3;1;999;999;3;3;2;2;0;1;1;0;1;0;5;995;995;995;995;995;995;995;995;995;995;995;995;995;995;2;995;995;995;995;995;995;995;995;2;2;0;0;0;1;0;0;3;1;1;1;1;1;2;2;2;2;2;2;2;2;2;2;1;999;2;2;995;;EVREUX;EVREUX;2;2;21;5;5;997;2;997;2;47;1;3;997;997;997;997;47;3;1;3;2;4;;;;;;
658;1;1;999;2;999;1;999;1;1;1;1;0;0;1;0;0;0;0;1;5;1;1;5;5;5;4;1;3;4;4;4;3;1;2;3;3;3;4;4;5;3;0;0;0;0;1;0;5;995;995;995;995;995;995;995;995;995;995;995;995;995;995;1;2;0;0;0;0;0;0;1;999;2;0;0;0;0;1;0;999;2;995;2;1;1;1;1;3;3;2;2;1;3;3;3;1;2;2;4;995;;CLEON;CLEON;2;1;5;997;997;997;2;997;2;27;1;5;997;997;997;997;27;5;3;1;1;1;;;;;;
659;1;2;2;2;1;1;1;1;2;3;995;995;995;995;995;995;995;995;1;5;3;3;3;3;3;4;4;4;4;4;4;3;2;2;3;2;2;4;999;4;1;0;1;1;1;0;0;5;995;995;995;995;995;995;995;995;995;995;995;995;995;995;2;995;995;995;995;995;995;995;995;2;2;0;0;0;0;1;0;2;2;995;2;1;1;1;1;2;2;2;2;2;2;2;2;1;1;3;1;6;;VAL DE REUIL;VALDEREUIL;2;2;9;997;997;997;2;997;2;30;1;5;997;997;997;997;30;5;3;2;2;2;;;;;;
660;1;1;2;2;1;1;2;2;1;999;0;0;0;0;0;0;0;0;2;5;2;1;1;1;1;1;1;1;1;1;999;3;2;2;2;2;2;1;1;1;2;0;0;0;0;0;1;5;995;995;995;995;995;995;995;995;995;995;995;995;995;995;2;995;995;995;995;995;995;995;995;999;1;0;0;0;0;1;0;3;2;995;3;2;2;2;2;2;2;2;2;2;2;2;2;1;2;3;999;999;;VERNON;VERNON;2;2;17;6;2;997;2;997;2;58;2;8;997;997;997;997;58;8;4;4;2;3;;;;;;
661;1;1;2;2;1;3;1;2;2;3;995;995;995;995;995;995;995;995;1;1;3;5;5;5;5;2;1;4;4;4;3;2;1;3;3;3;3;3;3;5;3;1;1;1;0;0;0;5;995;995;995;995;995;995;995;995;995;995;995;995;995;995;2;995;995;995;995;995;995;995;995;999;999;0;0;0;0;0;0;999;999;999;999;999;999;999;999;999;999;999;999;999;999;999;999;999;999;999;2;995;;ETREPAGNY;ETREPAGNY;3;2;11;997;997;997;2;997;1;35;1;6;997;997;997;997;35;6;3;2;2;2;;;;;;
662;1;1;3;1;1;1;1;1;1;1;1;0;0;1;0;0;0;0;1;1;1;2;2;2;2;3;1;3;4;1;1;2;1;1;3;1;1;4;4;5;3;1;0;0;1;1;0;5;995;995;995;995;995;995;995;995;995;995;995;995;995;995;2;995;995;995;995;995;995;995;995;2;2;0;0;1;0;0;0;3;1;4;4;1;1;1;1;1;3;2;2;2;2;2;3;1;2;4;1;6;;ETREPAGNY;ETREPAGNY;3;2;16;2;1;997;2;997;2;42;1;5;997;997;997;997;42;5;3;3;2;3;;;;;;
663;1;999;1;1;1;1;1;1;2;1;1;0;0;0;0;0;0;0;1;5;4;1;5;5;5;4;3;1;4;4;4;3;2;1;3;3;3;1;1;1;3;1;1;1;0;0;0;5;995;995;995;995;995;995;995;995;995;995;995;995;995;995;2;995;995;995;995;995;995;995;995;4;2;0;0;0;0;1;0;3;2;995;1;2;2;2;2;2;2;2;2;2;2;2;2;1;1;4;1;1;;VAL DE REUIL;VALDEREUIL;2;1;13;1;997;997;2;997;2;49;2;8;997;997;997;997;49;8;4;3;1;3;;;;;;
664;1;1;2;2;1;1;1;1;1;1;1;1;0;1;0;0;0;0;1;2;2;3;5;3;3;3;1;2;4;3;3;1;1;1;3;2;2;4;4;5;3;1;0;1;0;1;0;5;995;995;995;995;995;995;995;995;995;995;995;995;995;995;2;995;995;995;995;995;995;995;995;3;2;0;0;0;1;0;0;2;2;995;3;2;1;2;1;1;3;2;2;2;2;3;3;1;2;3;1;4;;EVREUX;EVREUX;2;1;8;997;997;997;2;997;2;37;1;5;997;997;997;997;37;5;3;2;1;2;;;;;;
665;1;2;2;2;3;3;1;1;2;1;1;0;0;1;0;0;1;0;2;2;3;2;1;1;2;3;3;1;3;1;1;1;1;2;1;1;1;4;3;5;3;0;1;0;0;1;0;5;995;995;995;995;995;995;995;995;995;995;995;995;995;995;2;995;995;995;995;995;995;995;995;2;2;0;0;0;0;1;0;2;2;995;4;2;2;1;1;3;3;2;2;2;2;3;3;1;2;4;2;995;;SAINT GERMAIN VILLAGE;SAINTGERMAINVILLAGE;3;3;15;1;997;997;2;997;1;40;1;5;997;997;997;997;40;5;3;3;3;3;;;;;;
666;1;1;2;2;1;3;2;2;1;3;995;995;995;995;995;995;995;995;2;5;2;2;5;3;5;4;1;3;4;3;4;3;1;2;3;2;3;4;4;5;3;0;1;1;0;1;0;4;995;995;995;995;995;995;995;995;995;995;995;995;995;995;2;995;995;995;995;995;995;995;995;4;2;0;1;0;0;0;0;3;2;995;4;2;3;1;1;1;3;2;3;2;3;2;3;1;2;4;2;995;;GISORS;GISORS;2;1;6;997;997;997;2;997;2;29;1;6;997;997;997;997;29;6;3;1;1;2;;;;;;
667;1;1;2;2;1;1;1;1;1;1;1;1;1;1;0;0;0;0;1;5;2;2;2;2;5;4;1;999;999;999;999;999;999;999;999;999;999;3;3;3;3;1;1;1;0;0;0;5;995;995;995;995;995;995;995;995;995;995;995;995;995;995;2;995;995;995;995;995;995;995;995;4;2;0;0;0;1;0;0;3;2;995;1;2;1;2;1;2;3;2;2;2;2;2;3;1;2;3;2;995;;VAL DE REUIL;VALDEREUIL;2;2;9;997;997;997;2;997;2;31;1;5;997;997;997;997;31;5;3;2;2;2;;;;;;
668;1;1;1;1;2;2;1;1;1;2;0;0;0;0;0;0;0;0;1;1;2;5;999;1;2;2;2;2;3;2;2;1;1;1;3;1;1;4;4;4;2;1;1;1;0;0;0;1;1;0;1;0;0;0;0;0;0;0;0;0;0;0;2;995;995;995;995;995;995;995;995;3;2;0;1;0;0;0;0;3;2;995;3;1;1;1;1;1;999;999;999;999;999;999;3;1;2;4;4;995;;PLASNES;PLASNES;3;2;6;997;997;997;2;997;2;29;1;5;997;997;997;997;29;5;3;1;2;2;;;;;;
669;1;2;3;2;1;1;2;2;1;1;1;0;0;1;0;0;1;0;2;2;1;3;3;1;1;3;1;999;1;1;1;2;1;1;1;1;1;4;4;3;2;1;1;0;0;1;0;1;1;0;0;1;0;0;0;0;0;0;0;0;0;0;2;995;995;995;995;995;995;995;995;3;2;0;0;0;1;0;0;3;2;995;3;1;999;1;1;1;999;2;2;2;2;2;2;2;995;3;1;1;;ALIZAY;ALIZAY;2;2;8;997;997;997;2;997;2;30;1;5;997;997;997;997;30;5;3;2;2;2;;;;;;
670;1;1;2;2;1;1;1;1;999;3;995;995;995;995;995;995;995;995;2;5;5;5;5;5;5;3;3;3;3;3;3;2;2;2;2;2;2;4;4;2;2;1;1;0;1;0;0;5;995;995;995;995;995;995;995;995;995;995;995;995;995;995;2;995;995;995;995;995;995;995;995;4;2;0;0;0;0;1;0;3;1;4;4;2;2;2;2;2;2;2;2;2;2;2;2;1;1;4;1;2;;VERNON;VERNON;2;3;21;6;3;997;2;997;2;52;2;8;997;997;997;997;52;8;4;4;3;4;;;;;;
671;1;1;2;2;1;1;1;1;2;3;995;995;995;995;995;995;995;995;2;5;5;5;5;5;5;2;1;2;2;1;1;3;3;3;3;3;3;4;4;4;3;0;0;0;1;0;0;5;995;995;995;995;995;995;995;995;995;995;995;995;995;995;2;995;995;995;995;995;995;995;995;3;2;0;0;0;0;0;0;999;999;999;3;2;2;2;2;2;3;999;999;999;999;999;999;1;2;4;999;999;;EVREUX;EVREUX;2;2;23;6;6;997;2;997;1;51;1;6;997;997;997;997;51;6;3;4;2;4;;;;;;
672;1;4;3;1;3;1;2;2;2;1;0;1;0;0;0;0;0;0;2;4;3;5;5;3;5;3;1;4;4;1;4;2;2;3;3;3;3;4;4;4;2;0;1;0;0;0;0;1;2;995;995;995;995;995;995;995;995;995;995;995;995;995;2;995;995;995;995;995;995;995;995;4;2;0;0;0;0;1;0;3;2;995;1;1;1;1;1;3;3;2;2;2;2;3;3;1;2;2;1;2;;LA VIEILLE LYRE;LAVIEILLELYRE;3;1;1;997;997;997;2;997;2;29;1;5;997;997;997;997;29;5;3;1;1;1;;;;;;
673;1;1;2;2;999;1;999;1;1;1;0;0;1;1;0;0;0;0;1;999;999;999;999;999;999;999;1;999;999;999;999;999;1;999;999;999;999;1;3;3;3;0;0;0;0;1;0;5;995;995;995;995;995;995;995;995;995;995;995;995;995;995;2;995;995;995;995;995;995;995;995;3;2;0;0;0;0;0;0;2;2;995;3;2;2;2;2;2;2;2;2;2;2;2;2;999;2;4;4;995;;EVREUX;EVREUX;2;3;14;1;1;997;2;997;2;35;2;8;997;997;997;997;35;8;4;2;3;3;;;;;;
674;1;1;3;1;3;2;1;2;1;2;0;0;0;0;0;0;0;0;1;5;2;1;1;5;1;4;999;999;999;999;999;999;999;999;999;999;999;4;4;4;3;1;0;1;0;1;0;4;995;995;995;995;995;995;995;995;995;995;995;995;995;995;1;1;995;995;995;995;995;995;995;2;2;0;0;0;1;0;0;2;1;1;2;1;1;1;1;999;3;1;1;1;1;1;3;1;2;4;1;4;;MORAINVILLE JOUVEAUX;MORAINVILLEJOUVEAUX;3;2;19;5;2;997;2;997;2;40;2;8;997;997;997;997;40;8;4;3;2;4;;;;;;
675;1;2;2;2;1;1;1;1;2;1;0;1;1;0;1;0;0;0;2;2;2;2;2;2;2;1;1;3;3;1;3;1;1;2;2;1;2;3;3;4;3;1;1;0;0;0;0;5;995;995;995;995;995;995;995;995;995;995;995;995;995;995;2;995;995;995;995;995;995;995;995;999;2;0;0;0;1;0;0;2;2;995;4;2;1;2;2;1;3;2;2;2;2;2;3;1;2;3;2;995;;999;999;999;2;21;6;5;997;2;997;1;54;1;3;997;997;997;997;54;3;1;4;2;4;;;;;;
676;1;2;3;2;3;1;1;1;2;3;995;995;995;995;995;995;995;995;2;2;2;5;1;2;3;3;3;4;3;3;3;1;2;3;2;2;2;2;2;1;2;0;0;0;0;1;0;5;995;995;995;995;995;995;995;995;995;995;995;995;995;995;2;995;995;995;995;995;995;995;995;999;2;0;0;0;0;1;0;2;2;995;4;2;2;2;2;2;3;2;2;2;2;2;3;1;2;2;4;995;;TROUVILLE LA HAULE;TROUVILLELAHAULE;3;2;18;6;5;997;2;997;2;54;1;3;997;997;997;997;54;3;1;4;2;4;;;;;;
677;1;1;3;1;1;1;1;1;1;1;0;0;1;0;0;0;0;0;1;5;3;3;5;3;5;4;3;1;4;3;4;3;2;1;3;2;3;3;3;5;3;0;0;1;0;0;0;5;995;995;995;995;995;995;995;995;995;995;995;995;995;995;2;995;995;995;995;995;995;995;995;3;2;0;0;0;0;0;1;3;2;995;4;2;2;2;2;2;3;2;2;2;2;2;3;1;2;3;4;995;;FLEURY SUR ANDELLE;FLEURYSURANDELLE;3;1;13;1;997;997;2;997;2;43;1;5;997;997;997;997;43;5;3;3;1;3;;;;;;
678;1;2;2;1;3;1;1;2;2;1;0;0;0;1;1;0;0;0;2;1;2;1;1;3;1;3;3;2;2;3;2;1;2;1;1;2;2;3;3;2;3;1;1;1;0;0;0;2;2;995;995;995;995;995;995;995;995;995;995;995;995;995;2;995;995;995;995;995;995;995;995;2;2;0;0;0;1;0;0;3;1;2;3;2;1;2;2;1;2;999;999;999;999;999;999;1;2;4;2;995;;BOURG BEAUDOIN;BOURGBEAUDOIN;3;2;24;6;5;997;2;997;2;49;1;5;997;997;997;997;49;5;3;3;2;4;;;;;;
679;1;2;1;1;3;3;1;1;2;3;995;995;995;995;995;995;995;995;1;5;2;2;5;2;5;4;1;3;4;3;4;3;1;1;3;1;3;4;4;4;3;1;1;1;0;0;0;5;995;995;995;995;995;995;995;995;995;995;995;995;995;995;2;995;995;995;995;995;995;995;995;3;2;0;1;0;0;0;0;3;2;995;4;2;1;2;2;1;3;2;2;2;2;3;3;1;2;4;4;995;;PONT AUDEMER;PONTAUDEMER;2;1;10;997;997;997;2;997;2;41;1;5;997;997;997;997;41;5;3;3;1;2;;;;;;
680;1;2;2;1;1;1;1;1;1;1;1;0;1;1;0;0;0;0;1;2;1;2;1;1;2;1;1;1;1;1;1;2;2;2;2;2;1;3;4;5;3;1;1;1;0;0;0;2;1;1;0;0;0;0;0;0;0;0;0;0;0;0;2;995;995;995;995;995;995;995;995;2;2;0;1;0;0;0;0;1;2;995;3;1;1;1;1;2;3;2;2;2;2;2;3;1;2;999;4;995;;EVREUX;EVREUX;2;1;17;5;997;997;2;997;2;38;1;6;997;997;997;997;38;6;3;2;1;3;;;;;;
681;1;1;2;2;1;1;1;1;1;1;1;0;0;1;0;0;1;0;2;3;2;2;5;2;2;3;1;3;4;1;1;2;2;2;3;2;2;4;3;5;3;1;1;0;1;0;0;2;1;0;0;1;0;0;0;0;0;0;0;0;0;0;2;995;995;995;995;995;995;995;995;2;2;0;0;0;1;0;0;2;999;999;2;1;1;1;1;2;3;2;2;2;2;3;3;1;2;3;1;6;;EVREUX;EVREUX;2;2;8;997;997;997;2;997;2;36;1;5;997;997;997;997;36;5;3;2;2;2;;;;;;
682;1;1;3;3;1;1;1;2;1;1;1;0;1;1;0;0;1;0;1;5;2;2;3;3;5;4;1;3;3;3;4;3;1;2;2;2;3;4;4;4;3;1;0;0;1;0;0;3;995;995;995;995;995;995;995;995;995;995;995;995;995;995;1;1;995;995;995;995;995;995;995;2;2;0;1;0;0;0;0;2;2;995;4;1;1;1;1;1;3;2;2;2;1;2;2;1;2;4;4;995;;QUILLEBEUF SUR SEINE;QUILLEBEUFSURSEINE;3;1;7;997;997;997;2;997;2;30;1;5;997;997;997;997;30;5;3;2;1;2;;;;;;
683;1;2;2;2;1;1;1;1;2;1;1;1;0;0;0;0;0;0;2;999;999;999;999;999;999;4;4;4;4;4;4;3;3;3;3;3;3;999;3;2;3;1;1;0;1;0;0;4;995;995;995;995;995;995;995;995;995;995;995;995;995;995;1;2;0;0;0;0;0;0;0;999;2;0;0;0;1;0;0;2;2;995;4;999;999;999;1;1;999;999;999;999;999;999;999;1;2;3;2;995;;DAMVILLE;DAMVILLE;3;3;18;6;6;6;2;997;2;56;1;6;997;997;997;997;56;6;3;4;3;4;;;;;;
684;1;2;3;3;1;1;2;2;2;1;1;1;1;1;0;0;0;0;2;3;2;3;5;3;3;1;1;1;4;1;3;1;2;1;3;1;1;3;4;3;1;1;1;1;0;0;0;4;995;995;995;995;995;995;995;995;995;995;995;995;995;995;2;995;995;995;995;995;995;995;995;3;2;0;0;1;0;0;0;2;2;995;4;1;1;1;1;1;3;1;1;2;1;3;3;2;995;4;1;4;;SAINT OUEN  DE THOUBERVILLE;SAINTOUENDETHOUBERVILLE;3;3;10;997;997;997;2;997;2;41;1;5;997;997;997;997;41;5;3;3;3;2;;;;;;
685;1;2;2;3;1;1;2;1;2;1;1;1;0;1;0;1;1;0;1;3;3;2;2;3;3;3;1;2;3;1;3;1;1;1;1;1;1;3;3;4;2;0;0;0;0;1;0;4;995;995;995;995;995;995;995;995;995;995;995;995;995;995;2;995;995;995;995;995;995;995;995;3;2;0;0;0;1;0;0;3;1;4;3;2;1;1;1;1;2;2;2;2;2;2;2;1;2;3;1;1;;LES VENTES;LESVENTES;3;2;23;6;5;997;2;997;2;49;1;5;997;997;997;997;49;5;3;3;2;4;;;;;;
686;1;1;2;2;1;1;1;1;1;1;1;0;0;1;0;0;0;0;2;1;2;2;1;1;1;2;2;1;1;1;1;2;2;2;2;2;2;3;3;4;1;0;0;0;1;0;0;5;995;995;995;995;995;995;995;995;995;995;995;995;995;995;2;995;995;995;995;995;995;995;995;2;2;0;0;0;1;0;0;3;1;4;3;1;1;1;1;1;3;1;1;1;1;3;3;2;995;4;4;995;;EVREUX;EVREUX;2;1;18;3;997;997;2;997;2;46;2;8;997;997;997;997;46;8;4;3;1;4;;;;;;
687;1;1;1;1;1;1;2;2;1;1;0;0;0;1;1;0;0;0;1;1;1;5;1;1;1;1;1;4;1;1;1;1;1;1;1;1;1;4;4;4;3;1;0;0;1;0;0;5;995;995;995;995;995;995;995;995;995;995;995;995;995;995;2;995;995;995;995;995;995;995;995;4;2;0;0;0;1;0;0;1;1;3;4;1;1;1;1;1;2;1;1;1;1;1;2;1;1;4;4;995;;SAINT PHILBERT SUR RISLE;SAINTPHILBERTSURRISLE;3;2;24;6;5;997;2;997;2;54;1;6;997;997;997;997;54;6;3;4;2;4;;;;;;
688;1;1;2;2;1;1;1;2;1;1;1;0;1;1;0;0;0;0;999;2;2;1;2;1;1;3;3;3;3;3;3;2;1;2;2;2;2;1;3;2;3;1;1;0;1;0;0;3;995;995;995;995;995;995;995;995;995;995;995;995;995;995;1;1;995;995;995;995;995;995;995;2;1;0;1;0;0;0;0;2;2;995;3;2;2;2;1;2;3;2;2;2;2;2;3;1;2;4;2;995;;999;999;999;2;11;997;997;997;2;997;2;31;1;6;997;997;997;997;31;6;3;2;2;2;;;;;;
689;1;2;1;2;1;1;2;2;2;1;1;0;1;1;0;0;1;0;999;3;2;2;4;4;2;3;1;3;3;1;1;2;1;2;2;1;1;4;4;3;2;1;0;0;1;1;0;5;995;995;995;995;995;995;995;995;995;995;995;995;995;995;2;995;995;995;995;995;995;995;995;3;2;0;1;0;0;0;0;2;2;995;4;1;1;1;1;1;1;2;1;2;2;2;2;1;2;4;1;1;;VERNON;VERNON;2;2;19;6;1;997;2;997;2;45;1;5;997;997;997;997;45;5;3;3;2;4;;;;;;
690;1;2;2;2;1;1;1;1;2;1;0;1;1;1;0;1;0;0;2;2;2;3;5;2;2;3;1;1;4;1;1;1;1;1;3;1;1;3;3;5;2;1;1;1;0;0;0;5;995;995;995;995;995;995;995;995;995;995;995;995;995;995;2;995;995;995;995;995;995;995;995;1;2;0;1;0;0;0;0;3;999;999;2;2;2;2;2;2;3;2;2;2;2;2;3;1;2;3;1;3;;EVREUX;EVREUX;2;3;16;2;997;997;2;997;2;43;1;3;997;997;997;997;43;3;1;3;3;3;;;;;;
691;1;999;4;2;1;1;2;2;2;1;0;0;1;1;0;0;0;0;2;999;2;2;5;5;2;4;1;1;4;4;2;3;2;1;3;3;2;4;4;5;3;0;0;1;0;1;0;2;1;0;1;0;0;0;0;0;0;0;0;0;0;0;2;995;995;995;995;995;995;995;995;4;2;0;0;1;0;0;0;1;2;995;3;2;2;2;1;2;1;999;999;999;999;999;999;1;2;2;1;4;;EVREUX;EVREUX;2;1;13;1;997;997;2;997;2;38;1;5;997;997;997;997;38;5;3;2;1;3;;;;;;
692;1;3;1;2;1;1;1;1;2;1;1;0;1;1;0;0;1;1;2;1;1;3;2;1;2;1;1;1;4;1;1;1;1;1;1;1;1;3;4;1;2;1;1;1;0;0;0;5;995;995;995;995;995;995;995;995;995;995;995;995;995;995;2;995;995;995;995;995;995;995;995;4;2;0;0;0;1;0;0;1;1;4;2;2;2;1;1;1;999;2;2;1;2;1;3;2;995;4;1;2;;EVREUX;EVREUX;2;3;19;2;1;997;2;997;2;37;2;8;997;997;997;997;37;8;4;2;3;4;;;;;;
693;1;2;3;2;1;1;2;2;2;1;1;0;0;1;0;0;0;0;1;5;3;2;5;3;3;4;3;3;4;3;1;3;1;2;3;2;1;4;1;3;3;1;0;1;1;0;0;3;995;995;995;995;995;995;995;995;995;995;995;995;995;995;2;995;995;995;995;995;995;995;995;4;2;0;1;0;0;0;0;3;2;995;3;1;1;2;2;3;3;2;1;2;2;3;3;1;2;3;4;995;;conches en ouche;CONCHESENOUCHE;3;1;7;997;997;997;2;997;2;27;1;6;997;997;997;997;27;6;3;1;1;2;;;;;;
694;1;2;2;1;1;2;1;1;2;2;0;0;0;0;0;0;0;0;1;5;2;2;2;1;3;4;2;2;2;1;1;3;1;2;2;1;1;3;3;5;3;1;1;0;1;0;0;2;995;995;995;995;995;995;995;995;995;995;995;995;995;995;2;995;995;995;995;995;995;995;995;3;2;0;1;0;0;0;0;2;1;4;4;2;1;2;2;2;3;2;2;2;2;2;3;1;1;3;1;3;;PUCHAY;PUCHAY;3;3;16;2;997;997;2;997;2;48;1;5;997;997;997;997;48;5;3;3;3;3;;;;;;
695;1;2;3;3;1;1;1;1;2;1;1;0;0;0;0;0;0;0;1;4;2;2;2;3;2;3;1;1;1;1;1;2;1;1;1;1;1;2;3;5;2;0;0;0;0;1;0;2;1;0;0;0;0;0;0;0;0;0;0;1;0;0;2;995;995;995;995;995;995;995;995;1;2;0;0;0;0;1;0;3;2;995;2;2;2;2;2;2;3;2;2;2;2;2;3;1;2;2;2;995;;PONT DE L ARCHE;PONTDELARCHE;2;2;18;5;1;997;2;997;2;46;1;5;997;997;997;997;46;5;3;3;2;4;;;;;;
696;1;1;1;1;999;1;999;1;1;1;0;0;0;1;0;0;0;0;2;5;1;1;5;1;5;4;2;2;4;2;2;3;1;1;3;1;1;4;4;4;2;0;0;1;1;1;0;5;995;995;995;995;995;995;995;995;995;995;995;995;995;995;2;995;995;995;995;995;995;995;995;3;2;0;0;0;0;1;0;1;2;995;2;2;2;2;2;2;2;2;2;2;2;2;2;1;2;3;4;995;;VAL DE REUIL;VALDEREUIL;2;1;10;997;997;997;2;997;2;33;1;5;997;997;997;997;33;5;3;2;1;2;;;;;;
697;1;2;3;1;1;3;1;1;2;1;1;0;1;1;0;0;1;0;1;2;1;2;5;2;2;3;1;3;4;3;3;1;1;1;1;1;1;3;3;5;3;1;1;1;0;0;0;4;995;995;995;995;995;995;995;995;995;995;995;995;995;995;2;995;995;995;995;995;995;995;995;3;2;0;0;1;0;0;0;2;2;995;2;2;2;2;3;2;3;2;2;2;3;2;3;1;2;3;4;995;;LE VAUDREUIL;LEVAUDREUIL;2;2;20;6;2;997;2;997;2;46;1;4;997;997;997;997;46;4;2;3;2;4;;;;;;
698;1;2;3;2;1;3;1;1;3;1;0;0;1;0;0;0;0;0;1;5;3;5;5;5;5;4;3;4;4;4;4;3;1;3;3;3;3;3;3;5;1;0;1;0;0;1;0;5;995;995;995;995;995;995;995;995;995;995;995;995;995;995;2;995;995;995;995;995;995;995;995;4;2;0;0;0;0;1;0;3;2;995;4;2;2;2;2;2;3;999;999;999;999;999;999;1;2;2;2;995;;MANNEVILLE SUR RISLE;MANNEVILLESURRISLE;3;1;1;997;997;997;2;997;2;31;1;5;997;997;997;997;31;5;3;2;1;1;;;;;;
699;1;2;2;2;1;1;1;1;2;1;1;0;0;1;0;0;1;0;1;2;2;2;999;2;2;2;3;3;999;3;3;2;2;2;999;2;2;3;3;2;3;0;0;0;0;1;0;5;995;995;995;995;995;995;995;995;995;995;995;995;995;995;2;995;995;995;995;995;995;995;995;999;2;1;0;0;0;0;0;1;1;4;3;2;999;1;1;1;3;2;2;1;1;1;3;1;2;4;1;999;;CAUMONT;CAUMONT;3;1;20;6;997;997;2;997;2;53;1;4;997;997;997;997;53;4;2;4;1;4;;;;;;
700;1;2;3;2;1;1;2;2;2;1;1;0;0;1;0;0;0;0;2;2;2;5;5;2;2;3;1;4;4;1;3;2;2;3;3;2;2;3;3;3;3;1;1;1;0;0;0;4;995;995;995;995;995;995;995;995;995;995;995;995;995;995;2;995;995;995;995;995;995;995;995;2;2;0;1;0;0;0;0;999;999;999;4;1;1;1;1;999;3;1;1;1;2;1;3;1;2;4;2;995;;SAINT GEORGES MOTEL;SAINTGEORGESMOTEL;3;1;18;6;997;997;2;997;2;38;1;5;997;997;997;997;38;5;3;2;1;4;;;;;;
701;1;2;2;2;3;3;2;2;2;1;1;0;1;0;0;1;0;0;2;4;3;5;5;5;5;3;3;4;4;4;4;2;2;3;3;3;3;2;2;2;2;0;0;0;0;0;1;3;995;995;995;995;995;995;995;995;995;995;995;995;995;995;2;995;995;995;995;995;995;995;995;4;2;0;0;0;1;0;0;2;2;995;2;2;2;2;2;2;3;2;2;2;2;2;3;1;2;2;1;1;;ROUTOT;ROUTOT;3;1;2;997;997;997;1;999;1;31;1;4;2;30;1;3;31;4;2;2;1;1;;;;;;
702;1;1;1;1;1;1;1;1;1;1;1;1;1;1;1;0;0;0;1;1;1;1;1;1;1;1;1;1;1;1;1;1;1;1;1;1;1;4;4;4;3;1;1;1;0;0;0;5;995;995;995;995;995;995;995;995;995;995;995;995;995;995;1;1;995;995;995;995;995;995;995;2;2;1;0;0;0;0;0;3;1;5;4;1;1;1;1;1;1;1;1;1;1;1;1;1;999;3;2;995;;TOSNY;TOSNY;3;2;22;6;1;997;2;997;2;51;2;7;997;997;997;997;51;7;4;4;2;4;;;;;;
703;1;2;2;2;1;1;2;1;2;1;1;0;1;1;1;0;0;0;2;2;2;2;5;2;3;3;1;3;4;3;3;2;1;1;3;1;1;3;4;3;3;1;1;0;1;0;0;4;995;995;995;995;995;995;995;995;995;995;995;995;995;995;2;995;995;995;995;995;995;995;995;3;2;1;0;0;0;0;0;3;2;995;4;2;1;2;2;1;3;2;2;2;2;3;3;1;2;3;1;4;;COURCELLES SUR SEINE;COURCELLESSURSEINE;2;2;20;6;2;997;2;997;2;45;2;8;997;997;997;997;45;8;4;3;2;4;;;;;;
704;1;999;3;2;3;1;1;1;1;1;1;0;0;0;1;0;0;0;1;5;5;5;5;5;5;4;4;4;4;4;4;3;3;3;3;3;3;4;3;2;3;0;0;0;1;0;0;5;995;995;995;995;995;995;995;995;995;995;995;995;995;995;2;995;995;995;995;995;995;995;995;3;2;0;0;0;0;0;0;999;999;999;999;999;999;999;999;999;999;999;999;999;999;999;999;999;999;999;4;995;;SAINT NICOLAS DU BOSC;SAINTNICOLASDUBOSC;3;2;21;6;6;997;2;997;1;46;2;8;997;997;997;997;46;8;4;3;2;4;;;;;;
705;1;2;3;2;3;1;2;2;2;1;1;0;1;1;0;0;0;0;1;5;2;2;5;2;5;4;1;3;4;2;4;3;2;2;3;2;3;3;3;3;3;0;1;0;0;1;0;3;995;995;995;995;995;995;995;995;995;995;995;995;995;995;2;995;995;995;995;995;995;995;995;3;2;0;0;1;0;0;0;3;2;995;2;2;2;2;2;2;3;2;2;2;2;2;3;1;2;3;4;995;;EVREUX;EVREUX;2;1;8;997;997;997;2;997;2;46;1;3;997;997;997;997;46;3;1;3;1;2;;;;;;
706;1;2;3;3;1;1;2;1;1;1;1;0;0;1;0;0;0;0;2;3;2;3;3;2;1;3;1;3;4;3;3;1;1;1;3;2;2;2;2;2;3;0;0;1;0;0;0;5;995;995;995;995;995;995;995;995;995;995;995;995;995;995;2;995;995;995;995;995;995;995;995;2;2;0;0;0;1;0;0;2;2;995;3;1;1;1;1;1;3;2;1;1;2;2;3;1;2;4;2;995;;EZY SUR EURE;EZYSUREURE;2;2;10;997;997;997;2;997;1;37;1;3;997;997;997;997;37;3;1;2;2;2;;;;;;
707;1;2;2;2;1;1;1;1;2;1;1;0;1;0;0;0;0;0;2;5;5;5;5;5;5;3;3;4;4;4;3;3;3;3;3;3;3;2;2;2;3;0;0;1;0;1;0;4;995;995;995;995;995;995;995;995;995;995;995;995;995;995;2;995;995;995;995;995;995;995;995;4;2;0;0;0;0;1;0;2;2;995;3;2;2;2;1;1;3;3;3;3;3;3;3;1;2;4;4;995;;LE BOSC ROGER EN ROUMOIS;LEBOSCROGERENROUMOIS;2;3;22;6;6;6;2;997;1;58;2;7;997;997;997;997;58;7;4;4;3;4;;;;;;
708;1;1;2;2;1;1;1;1;2;1;1;1;1;1;0;1;0;0;1;2;2;1;1;5;5;1;1;1;1;4;4;1;1;1;1;3;3;2;3;4;3;1;0;0;0;1;0;5;995;995;995;995;995;995;995;995;995;995;995;995;995;995;2;995;995;995;995;995;995;995;995;4;2;0;0;0;0;0;0;3;2;995;4;1;999;2;2;2;999;1;2;2;2;999;999;1;2;4;4;995;;ECARDENVILLE SUR EURE;ECARDENVILLESUREURE;3;1;17;997;997;997;2;997;2;52;1;5;997;997;997;997;52;5;3;4;1;3;;;;;;
709;1;2;999;1;1;1;1;1;2;1;0;0;1;1;0;0;0;1;2;5;2;1;5;3;2;4;3;2;4;3;2;3;2;999;3;2;2;3;4;3;3;1;0;0;1;1;0;4;995;995;995;995;995;995;995;995;995;995;995;995;995;995;2;995;995;995;995;995;995;995;995;3;2;0;0;0;1;0;0;3;999;999;2;2;2;2;1;1;3;2;2;2;2;2;3;1;2;3;1;4;;PERRUEL;PERRUEL;3;1;11;997;997;997;2;997;2;39;1;5;997;997;997;997;39;5;3;2;1;2;;;;;;
710;1;2;3;1;3;3;2;2;3;3;995;995;995;995;995;995;995;995;1;5;3;3;3;2;3;4;3;3;3;3;3;3;1;1;1;2;1;3;2;1;3;0;1;0;0;1;0;5;995;995;995;995;995;995;995;995;995;995;995;995;995;995;999;999;995;995;995;995;995;995;995;2;2;0;1;0;0;0;0;2;2;995;4;2;2;2;2;2;3;2;2;2;2;3;3;1;2;3;3;995;;SAINT MARCEL;SAINTMARCEL;2;3;24;6;5;997;2;997;2;49;1;4;997;997;997;997;49;4;2;3;3;4;;;;;;
711;1;2;2;1;1;1;1;1;2;1;1;1;1;1;1;0;0;0;2;2;2;5;5;2;1;1;1;4;4;4;4;1;1;3;3;1;1;2;4;4;2;1;1;1;0;0;0;2;1;0;1;0;0;0;0;0;0;0;0;0;0;0;2;995;995;995;995;995;995;995;995;1;2;0;0;0;0;0;1;2;2;995;4;1;1;1;2;1;2;2;1;2;2;2;2;1;999;3;4;995;;NORMANVILLE;NORMANVILLE;2;2;22;6;6;997;2;997;2;44;1;2;997;997;997;997;44;2;1;3;2;4;;;;;;
712;1;2;2;2;1;1;1;1;2;1;1;1;1;1;0;0;0;0;1;1;2;1;1;1;1;1;1;1;1;1;1;1;1;1;1;1;1;3;1;3;2;1;1;0;1;0;0;4;995;995;995;995;995;995;995;995;995;995;995;995;995;995;2;995;995;995;995;995;995;995;995;3;2;0;0;0;0;1;0;3;2;995;4;1;1;1;1;1;1;999;999;999;999;999;999;1;2;4;4;995;;DAMVILLE;DAMVILLE;3;1;16;6;997;997;2;997;2;42;1;6;997;997;997;997;42;6;3;3;1;3;;;;;;
713;1;1;3;2;1;1;2;1;1;1;0;0;0;1;0;0;0;0;1;3;3;2;5;5;1;3;3;3;4;4;2;1;1;1;3;3;1;4;4;5;3;1;1;1;0;0;0;5;995;995;995;995;995;995;995;995;995;995;995;995;995;995;999;2;0;1;0;1;0;0;0;4;2;0;0;0;1;0;0;1;2;995;4;1;1;1;1;1;3;1;1;1;1;1;3;1;2;4;1;6;;EVREUX;EVREUX;2;4;23;6;6;5;2;997;2;46;2;8;997;997;997;997;46;8;4;3;4;4;;;;;;
714;1;2;3;2;3;3;1;1;2;1;1;0;1;0;0;0;1;0;999;5;5;5;5;5;5;4;4;4;4;4;4;3;3;3;3;3;3;2;3;5;3;0;0;1;0;0;0;5;995;995;995;995;995;995;995;995;995;995;995;995;995;995;2;995;995;995;995;995;995;995;995;2;2;0;0;0;0;1;0;2;2;995;4;2;2;2;1;1;3;3;3;3;3;3;3;1;2;4;1;4;;PONT AUDEMER;PONTAUDEMER;2;3;22;5;5;5;2;997;1;47;1;4;997;997;997;997;47;4;2;3;3;4;;;;;;
715;2;2;3;3;1;1;1;1;2;999;1;1;1;1;0;0;0;0;1;2;4;4;1;5;5;1;1;1;3;1;1;1;1;1;2;1;1;4;3;3;2;0;1;1;1;0;0;4;995;995;995;995;995;995;995;995;995;995;995;995;995;995;1;2;1;0;0;0;0;1;0;3;1;1;0;0;0;0;0;3;999;1;2;2;1;1;1;1;999;999;999;999;999;999;3;999;999;4;999;999;;LE TILLEUL;LETILLEUL;3;3;19;6;5;5;2;997;2;55;2;7;997;997;997;997;55;7;4;4;3;4;;;;;;
716;2;2;3;1;1;1;2;1;2;1;0;0;1;1;0;0;0;1;999;5;3;2;5;2;3;3;1;2;4;2;2;2;2;2;3;2;1;3;3;5;3;1;0;1;1;0;0;4;995;995;995;995;995;995;995;995;995;995;995;995;995;995;2;995;995;995;995;995;995;995;995;3;1;0;0;0;1;0;0;2;2;995;3;2;2;1;2;1;3;2;2;1;2;2;3;1;2;3;1;3;;MATHONVILLE;MATHONVILLE;3;1;11;997;997;997;2;997;2;46;1;5;997;997;997;997;46;5;3;3;1;2;;;;;;
717;2;1;1;2;1;1;1;1;2;1;1;1;1;1;1;0;0;0;999;2;999;999;2;999;2;2;1;999;999;2;2;1;999;999;999;999;1;3;3;2;3;0;0;1;1;1;0;4;995;995;995;995;995;995;995;995;995;995;995;995;995;995;2;995;995;995;995;995;995;995;995;999;2;0;0;0;0;0;0;999;2;995;4;2;999;999;1;1;999;999;999;999;999;999;999;1;1;4;999;2;;LE HAVRE;LEHAVRE;1;1;15;4;997;997;2;997;2;65;2;7;997;997;997;997;65;7;4;5;1;3;;;;;;
718;2;2;2;2;1;1;1;1;2;1;1;1;1;1;0;0;1;0;1;4;1;1;2;2;3;1;1;1;1;1;1;1;1;1;1;1;1;4;4;3;3;1;1;1;0;0;0;1;999;995;995;995;995;995;995;995;995;995;995;995;995;995;2;995;995;995;995;995;995;995;995;3;2;0;1;0;0;0;0;2;1;2;2;2;1;2;1;999;3;2;2;2;2;2;3;1;2;4;1;2;;999;999;999;3;20;5;4;1;2;997;1;54;1;4;997;997;997;997;54;4;2;4;3;4;;;;;;
719;2;2;2;1;3;1;1;1;2;1;1;1;0;0;0;0;0;0;2;1;3;2;2;2;2;2;1;2;2;1;2;1;2;1;1;2;2;3;3;1;3;1;0;0;0;0;0;3;995;995;995;995;995;995;995;995;995;995;995;995;995;995;2;995;995;995;995;995;995;995;995;3;2;0;0;0;1;0;0;3;2;995;3;2;2;2;2;2;3;2;2;2;2;2;3;1;2;4;1;4;;MUTTEVILLE;MUTTEVILLE;3;1;15;2;997;997;2;997;1;42;1;3;997;997;997;997;42;3;1;3;1;3;;;;;;
720;2;2;2;3;3;3;2;2;1;3;995;995;995;995;995;995;995;995;2;2;2;1;5;5;3;999;999;999;999;999;999;999;999;999;999;999;999;999;999;999;999;0;0;0;0;0;0;999;995;995;995;995;995;995;995;995;995;995;995;995;995;995;999;2;0;0;0;0;0;0;0;999;1;0;1;0;0;0;0;3;2;995;3;2;2;2;1;1;3;2;2;2;2;2;3;1;2;3;2;995;;LE HAVRE;LEHAVRE;1;1;11;997;997;997;2;997;2;46;1;5;997;997;997;997;46;5;3;3;1;2;;;;;;
721;2;2;3;1;1;2;1;1;2;1;1;0;1;0;1;0;0;0;1;2;2;2;5;2;5;1;1;1;4;1;4;1;1;1;3;1;3;3;3;2;2;0;0;1;0;1;0;4;995;995;995;995;995;995;995;995;995;995;995;995;995;995;2;995;995;995;995;995;995;995;995;2;2;0;1;0;0;0;0;3;2;995;4;2;1;1;2;3;3;2;2;2;2;3;3;1;1;2;1;6;;MONTIVILLIERS;MONTIVILLIERS;2;1;8;997;997;997;2;997;2;36;1;5;997;997;997;997;36;5;3;2;1;2;;;;;;
722;2;2;3;2;2;2;1;2;1;1;0;0;0;0;0;0;0;0;1;3;3;1;5;1;1;3;1;2;4;2;2;1;1;1;1;3;2;3;3;3;3;0;1;0;1;0;0;3;995;995;995;995;995;995;995;995;995;995;995;995;995;995;2;995;995;995;995;995;995;995;995;4;1;0;0;0;1;0;0;2;2;995;4;999;999;999;1;1;999;2;1;2;2;999;999;1;2;3;1;4;;EPOUVILLE;EPOUVILLE;2;2;17;2;997;997;2;997;2;47;1;4;997;997;997;997;47;4;2;3;2;3;;;;;;
723;2;2;2;1;2;2;2;2;1;1;1;1;1;0;0;0;0;0;999;5;5;5;5;5;5;4;4;4;4;4;4;3;3;3;3;3;3;3;3;2;2;0;0;1;1;1;0;3;995;995;995;995;995;995;995;995;995;995;995;995;995;995;999;2;0;0;0;1;0;0;0;3;2;0;0;0;0;0;0;999;2;995;4;999;999;999;999;999;999;999;999;999;999;999;999;1;2;4;1;2;;999;999;999;4;24;6;6;6;2;997;2;58;2;7;997;997;997;997;58;7;4;4;4;4;;;;;;
724;2;1;2;1;1;1;1;1;1;1;1;1;1;1;0;0;0;0;2;2;2;3;3;3;2;3;3;1;3;3;1;2;1;1;1;1;2;3;3;999;3;1;1;1;0;0;0;5;995;995;995;995;995;995;995;995;995;995;995;995;995;995;2;995;995;995;995;995;995;995;995;4;2;0;0;0;1;0;0;3;1;4;3;2;1;2;1;1;999;2;2;2;2;2;999;1;2;4;999;999;;GRAINVILLE LA TEINTURIERE;GRAINVILLELATEINTURIERE;3;1;18;3;997;997;2;997;2;47;1;6;997;997;997;997;47;6;3;3;1;4;;;;;;
725;2;1;2;2;3;1;2;1;2;3;995;995;995;995;995;995;995;995;2;999;999;999;999;999;999;999;999;999;999;999;999;999;999;999;999;999;999;4;3;5;3;1;0;0;0;0;0;3;995;995;995;995;995;995;995;995;995;995;995;995;995;995;2;995;995;995;995;995;995;995;995;4;2;0;0;0;0;0;0;3;2;995;2;2;2;2;1;2;3;2;2;2;2;2;3;1;2;3;2;995;;CRIQUETOT L'ESNEVAL;CRIQUETOTLESNEVAL;3;1;24;6;997;997;2;997;2;56;2;7;997;997;997;997;56;7;4;4;1;4;;;;;;
726;2;1;2;2;1;1;1;1;2;3;995;995;995;995;995;995;995;995;2;5;5;5;5;5;5;4;4;4;4;4;4;3;3;3;3;3;3;1;3;1;3;0;0;0;0;1;0;4;995;995;995;995;995;995;995;995;995;995;995;995;995;995;2;995;995;995;995;995;995;995;995;2;2;0;0;0;0;0;1;2;1;4;4;2;2;2;2;2;2;2;2;2;2;2;2;1;2;2;999;999;;LE HAVRE;LEHAVRE;1;2;24;6;6;997;2;997;1;57;1;4;997;997;997;997;57;4;2;4;2;4;;;;;;
727;2;1;2;2;3;3;1;1;1;2;0;0;0;0;0;0;0;0;1;5;2;3;5;5;3;3;2;2;4;4;2;1;2;2;3;3;1;3;3;3;3;0;0;0;0;1;0;5;995;995;995;995;995;995;995;995;995;995;995;995;995;995;1;1;995;995;995;995;995;995;995;3;2;1;0;0;0;0;0;2;2;995;3;2;1;1;1;1;3;2;2;2;2;2;3;1;1;4;1;6;;LILLEBONNE;LILLEBONNE;2;3;13;997;997;997;2;997;2;30;2;8;997;997;997;997;30;8;4;2;3;3;;;;;;
728;2;2;3;2;3;1;1;1;1;1;1;0;1;1;0;0;0;0;999;4;3;1;2;1;3;1;1;1;2;1;1;1;2;1;1;1;1;4;3;5;3;0;1;1;1;0;0;1;1;0;1;0;0;0;0;0;0;0;0;0;0;0;2;995;995;995;995;995;995;995;995;2;2;0;1;0;0;0;0;3;2;995;4;2;1;2;1;1;3;2;1;2;1;1;3;2;995;4;4;995;;ELBEUF;ELBEUF;2;2;19;6;1;997;2;997;2;42;1;4;997;997;997;997;42;4;2;3;2;4;;;;;;
729;2;2;3;1;1;1;2;2;2;1;0;0;1;1;0;0;0;0;2;999;2;2;2;1;1;3;1;1;3;1;1;1;2;2;2;2;2;2;3;5;3;0;0;1;0;1;0;3;995;995;995;995;995;995;995;995;995;995;995;995;995;995;2;995;995;995;995;995;995;995;995;3;2;0;0;0;1;0;0;2;2;995;3;2;2;2;1;1;999;2;2;2;2;2;999;1;2;4;2;995;;DARNETAL;DARNETAL;1;1;20;4;997;997;2;997;2;47;1;5;997;997;997;997;47;5;3;3;1;4;;;;;;
730;2;1;2;2;1;1;1;1;1;1;1;1;1;1;0;1;0;0;1;2;2;5;2;2;2;2;2;4;2;2;2;2;1;999;2;1;2;4;3;5;3;1;0;1;0;1;0;2;1;0;0;0;0;0;0;0;0;0;0;1;0;0;2;995;995;995;995;995;995;995;995;999;2;0;0;0;1;0;0;1;1;4;4;2;999;999;999;999;999;2;999;999;999;999;999;1;2;3;2;995;;SAINT PIERRE EN VAL;SAINTPIERREENVAL;3;1;18;5;997;997;2;997;2;55;1;6;997;997;997;997;55;6;3;4;1;4;;;;;;
731;2;1;1;999;1;999;1;999;1;1;0;0;0;1;0;0;1;0;1;2;1;1;2;1;1;3;3;3;1;3;3;2;2;2;1;2;2;4;3;1;3;1;1;0;0;1;0;2;1;0;0;0;0;0;0;0;1;0;0;0;0;0;2;995;995;995;995;995;995;995;995;2;1;0;0;0;1;0;0;3;2;995;4;2;1;1;1;2;3;2;2;2;2;2;3;1;2;4;1;4;;LE HAVRE;LEHAVRE;1;3;24;6;6;5;2;997;2;50;1;4;997;997;997;997;50;4;2;4;3;4;;;;;;
732;2;1;2;2;1;1;2;2;1;3;995;995;995;995;995;995;995;995;2;999;2;2;2;2;2;999;999;999;999;999;999;2;1;1;1;2;1;3;4;5;1;1;1;1;0;0;0;2;1;0;1;0;0;0;0;0;0;0;0;0;0;0;2;995;995;995;995;995;995;995;995;3;2;1;0;0;0;0;0;2;2;995;4;2;1;1;1;999;3;2;2;2;2;2;3;999;1;3;2;995;;OFFRAINVILLE;OFFRAINVILLE;3;4;24;6;6;2;2;997;2;47;2;8;997;997;997;997;47;8;4;3;4;4;;;;;;
733;2;1;2;1;1;1;2;2;1;1;1;0;0;1;0;0;1;0;2;5;1;2;5;5;5;999;999;999;999;999;999;3;2;2;3;3;3;4;4;5;3;1;1;0;1;0;0;5;995;995;995;995;995;995;995;995;995;995;995;995;995;995;2;995;995;995;995;995;995;995;995;4;2;1;0;0;0;0;0;1;2;995;4;3;3;1;3;3;3;3;1;1;3;3;3;1;2;4;1;4;;DIEPPE;DIEPPE;2;2;8;997;997;997;1;999;2;33;1;5;1;33;999;5;33;5;3;2;2;2;;;;;;
734;2;2;1;1;3;3;1;1;2;999;1;0;0;0;0;0;0;0;1;3;2;2;5;3;5;4;999;2;4;3;4;3;2;2;3;2;3;3;3;3;2;0;0;1;0;1;0;5;995;995;995;995;995;995;995;995;995;995;995;995;995;995;2;995;995;995;995;995;995;995;995;1;2;0;0;0;1;0;0;2;2;995;4;1;1;1;1;1;3;2;2;2;2;2;3;1;2;2;1;3;;999;999;999;2;16;2;1;997;2;997;2;42;1;5;997;997;997;997;42;5;3;3;2;3;;;;;;
735;2;1;2;2;1;1;1;1;1;1;1;0;1;0;0;0;0;0;2;2;1;1;1;2;2;1;1;3;1;3;3;1;1;2;2;2;2;4;3;5;3;1;1;0;1;0;0;1;1;0;0;0;0;0;1;0;0;0;0;0;0;0;1;2;1;0;0;0;0;0;0;2;1;0;0;0;1;0;0;3;2;995;2;1;1;1;1;2;2;1;1;1;1;2;2;1;2;4;2;995;;SAINT AUBIN LES ELBEUF;SAINTAUBINLESELBEUF;2;1;23;5;997;997;2;997;2;46;1;5;997;997;997;997;46;5;3;3;1;4;;;;;;
736;2;1;1;1;1;1;2;1;1;1;1;0;0;1;0;0;0;0;1;1;2;5;5;5;5;1;4;4;4;4;4;3;3;3;3;3;3;4;4;5;3;1;0;0;1;1;0;4;995;995;995;995;995;995;995;995;995;995;995;995;995;995;2;995;995;995;995;995;995;995;995;999;2;0;0;0;0;0;0;2;2;995;4;999;1;1;2;2;3;999;999;999;999;999;999;1;2;4;2;995;;LE PETIT QUEVILLY;LEPETITQUEVILLY;1;2;22;6;6;997;2;997;2;52;1;4;997;997;997;997;52;4;2;4;2;4;;;;;;
737;2;3;3;2;3;3;2;2;3;3;995;995;995;995;995;995;995;995;1;4;3;3;2;3;2;1;2;1;2;1;2;1;2;1;1;1;2;3;2;1;2;0;0;0;0;1;0;2;1;0;0;0;0;0;0;0;0;1;0;0;0;0;2;995;995;995;995;995;995;995;995;2;2;0;0;0;1;0;0;2;2;995;4;2;2;1;1;2;3;2;2;2;2;2;3;1;2;2;1;1;;SAINT JACQUES SUR DARNETAL;SAINTJACQUESSURDARNETAL;3;2;18;5;997;997;2;997;2;43;1;3;997;997;997;997;43;3;1;3;2;4;;;;;;
738;2;2;2;2;2;2;1;1;2;1;0;0;1;0;0;0;0;0;1;4;2;3;2;1;2;1;1;2;2;4;2;1;1;1;1;3;1;3;3;1;2;0;1;0;0;0;0;5;995;995;995;995;995;995;995;995;995;995;995;995;995;995;2;995;995;995;995;995;995;995;995;2;2;0;0;0;1;0;0;3;2;995;4;999;2;2;1;2;3;2;2;2;2;2;3;1;2;3;4;995;;SAINT NICOLAS DALIERMONT;SAINTNICOLASDALIERMONT;3;1;7;997;997;997;2;997;2;37;1;5;997;997;997;997;37;5;3;2;1;2;;;;;;
739;2;1;3;2;1;1;2;1;2;1;1;1;0;1;0;0;0;0;1;5;5;5;5;5;5;4;4;4;4;4;4;3;3;3;3;3;3;3;3;1;3;1;0;0;0;1;0;4;995;995;995;995;995;995;995;995;995;995;995;995;995;995;2;995;995;995;995;995;995;995;995;999;2;0;0;0;0;0;0;999;2;995;4;2;2;2;2;2;2;2;2;2;2;3;3;1;2;3;4;995;;LE TREPORT;LETREPORT;2;1;22;6;997;997;2;997;1;49;1;4;997;997;997;997;49;4;2;3;1;4;;;;;;
740;2;2;3;2;1;2;1;1;2;1;1;0;1;1;1;0;0;0;2;2;2;2;2;3;2;3;1;2;2;2;2;1;1;1;1;1;1;3;3;5;2;0;1;0;0;1;0;5;995;995;995;995;995;995;995;995;995;995;995;995;995;995;2;995;995;995;995;995;995;995;995;4;2;0;0;0;1;0;0;2;2;995;4;1;1;1;1;1;3;2;2;2;2;2;3;1;2;3;4;995;;CALLENGEVILLE;CALLENGEVILLE;3;2;16;2;997;997;2;997;1;48;1;3;997;997;997;997;48;3;1;3;2;3;;;;;;
741;2;2;3;2;1;1;1;1;2;1;1;0;0;1;0;0;1;0;1;5;3;4;4;4;5;3;1;1;4;3;3;2;1;2;3;2;2;3;3;3;3;1;0;0;1;0;0;5;995;995;995;995;995;995;995;995;995;995;995;995;995;995;2;995;995;995;995;995;995;995;995;2;1;0;0;0;1;0;0;2;2;995;2;2;2;1;2;2;3;2;2;2;2;2;3;1;2;3;1;1;;SAINT ETIENNE DU ROUVRAY;SAINTETIENNEDUROUVRAY;1;1;9;997;997;997;2;997;2;43;1;5;997;997;997;997;43;5;3;3;1;2;;;;;;
742;2;1;3;1;1;1;2;1;1;1;0;0;1;0;0;0;1;0;2;4;2;3;5;2;1;3;2;3;3;3;2;1;2;1;1;1;2;3;3;5;2;0;0;0;0;1;0;3;995;995;995;995;995;995;995;995;995;995;995;995;995;995;2;995;995;995;995;995;995;995;995;3;2;0;0;0;1;0;0;1;2;995;4;2;999;1;2;2;3;2;999;2;2;3;3;1;2;3;1;6;;ROUEN;ROUEN;1;2;19;6;997;997;2;997;2;46;1;4;997;997;997;997;46;4;2;3;2;4;;;;;;
743;2;1;1;1;1;1;1;1;1;1;0;1;1;1;1;0;0;0;1;1;1;1;1;1;1;1;2;2;2;2;2;1;1;1;1;1;1;1;4;4;3;0;0;0;1;1;0;2;995;995;995;995;995;995;995;995;995;995;995;995;995;995;2;995;995;995;995;995;995;995;995;4;2;0;0;0;1;0;0;3;2;995;4;1;2;2;2;2;2;1;2;2;2;2;2;2;995;4;1;4;;FRESNOY-FOLNY;FRESNOYFOLNY;3;1;15;1;997;997;2;997;2;39;2;8;997;997;997;997;39;8;4;2;1;3;;;;;;
744;2;1;1;1;1;1;1;1;1;1;1;0;1;1;1;0;1;0;1;2;2;3;5;1;1;1;1;3;4;3;3;1;1;1;3;1;1;4;4;4;3;1;1;1;0;0;0;5;995;995;995;995;995;995;995;995;995;995;995;995;995;995;2;995;995;995;995;995;995;995;995;4;2;1;0;0;0;0;0;3;2;995;2;2;2;2;1;2;1;2;2;2;2;2;2;1;2;4;1;1;;BOLBEC;BOLBEC;2;1;8;997;997;997;2;997;1;54;2;8;997;997;997;997;54;8;4;4;1;2;;;;;;
745;2;999;999;2;1;1;2;2;3;1;0;0;0;0;1;0;1;0;1;5;5;5;5;5;5;4;4;4;4;4;4;3;3;3;3;3;3;999;3;999;3;0;0;1;0;0;0;4;995;995;995;995;995;995;995;995;995;995;995;995;995;995;999;999;995;995;995;995;995;995;995;2;1;0;0;0;0;0;1;3;2;995;4;2;2;2;2;2;3;2;2;2;2;2;3;1;2;3;999;7;Paiement de frais d'études des ados;LA REMUEE;LAREMUEE;3;2;23;6;6;997;2;997;2;52;1;4;997;997;997;997;52;4;2;4;2;4;;;;;;
746;2;1;3;1;1;1;1;1;1;1;1;0;0;1;0;0;0;1;1;5;2;3;3;2;5;4;1;3;4;1;4;3;1;2;3;1;3;2;4;4;3;1;1;1;0;0;0;5;995;995;995;995;995;995;995;995;995;995;995;995;995;995;2;995;995;995;995;995;995;995;995;3;2;1;0;0;0;0;0;2;2;995;4;1;3;1;1;3;3;1;1;1;3;3;3;1;1;4;1;1;;ELBEUF;ELBEUF;2;1;8;997;997;997;2;997;2;28;1;5;997;997;997;997;28;5;3;1;1;2;;;;;;
747;2;2;3;2;3;1;2;1;2;1;1;0;0;1;0;1;0;0;2;2;1;2;2;3;2;3;1;3;2;3;3;1;2;1;2;1;1;3;3;3;2;0;0;1;1;0;0;3;995;995;995;995;995;995;995;995;995;995;995;995;995;995;1;2;0;0;0;0;0;1;0;3;2;0;0;0;1;0;0;2;1;4;3;2;2;2;1;1;3;2;2;2;2;2;2;1;2;3;2;995;;LE HAVRE;LEHAVRE;1;1;22;5;997;997;2;997;2;51;1;5;997;997;997;997;51;5;3;4;1;4;;;;;;
748;2;2;2;1;1;1;1;1;1;999;1;0;0;0;1;0;0;0;999;2;2;3;3;3;2;3;1;3;3;4;2;3;1;1;1;1;1;4;4;999;3;0;0;0;0;1;0;5;995;995;995;995;995;995;995;995;995;995;995;995;995;995;2;995;995;995;995;995;995;995;995;2;2;1;0;0;0;0;0;2;1;4;3;999;999;999;1;999;999;999;999;999;999;999;999;1;2;999;1;1;;MASSY;MASSY;3;3;24;6;5;2;2;997;2;49;1;5;997;997;997;997;49;5;3;3;3;4;;;;;;
749;2;1;3;3;1;1;2;1;1;1;0;0;1;1;0;0;0;0;2;5;999;3;3;3;3;4;1;3;3;3;3;3;1;2;2;2;2;2;4;5;3;0;1;0;1;1;0;5;995;995;995;995;995;995;995;995;995;995;995;995;995;995;2;995;995;995;995;995;995;995;995;999;2;0;0;0;1;0;0;1;2;995;4;2;2;1;1;1;3;2;2;2;2;2;3;1;2;3;2;995;;CLEON;CLEON;2;2;12;997;997;997;2;997;2;41;1;5;997;997;997;997;41;5;3;3;2;3;;;;;;
750;2;1;2;2;1;1;2;2;2;1;1;0;0;1;0;0;0;0;999;2;1;2;1;1;2;999;999;999;999;1;1;999;999;999;999;1;1;3;4;5;3;0;1;0;1;1;0;5;995;995;995;995;995;995;995;995;995;995;995;995;995;995;2;995;995;995;995;995;995;995;995;1;2;0;0;0;1;0;0;1;2;995;4;999;999;999;1;1;999;999;999;999;999;999;999;1;2;4;999;999;;SAINT ETIENNE DU ROUVRAY;SAINTETIENNEDUROUVRAY;1;5;;6;6;6;2;997;2;59;2;7;997;997;997;997;59;7;4;4;4;1;;;;;;
751;2;3;3;2;3;1;1;1;2;1;0;0;0;1;0;1;1;0;999;999;999;999;999;999;999;999;999;999;999;999;999;999;999;999;999;999;999;3;3;2;2;1;0;1;1;0;0;5;995;995;995;995;995;995;995;995;995;995;995;995;995;995;2;995;995;995;995;995;995;995;995;999;999;0;0;0;0;0;0;999;999;999;999;999;999;999;999;999;999;999;999;999;999;999;999;1;2;3;999;999;;999;999;999;2;23;6;4;997;2;997;1;51;1;5;997;997;997;997;51;5;3;4;2;4;;;;;;
752;2;1;2;1;2;2;2;2;2;1;0;1;1;0;0;0;0;0;999;1;2;1;5;5;2;2;1;2;4;4;4;2;1;2;3;3;3;3;3;5;3;0;1;1;1;0;0;4;995;995;995;995;995;995;995;995;995;995;995;995;995;995;2;995;995;995;995;995;995;995;995;4;2;0;0;0;1;0;0;2;2;995;2;2;2;2;2;2;2;2;2;2;2;2;2;1;2;4;999;999;;PIERREVAL;PIERREVAL;3;3;19;3;997;997;2;997;2;48;1;5;997;997;997;997;48;5;3;3;3;4;;;;;;
753;2;2;2;1;3;3;2;1;2;1;0;0;0;1;0;0;0;0;1;3;2;1;5;2;3;999;1;1;999;999;999;999;1;1;3;2;999;1;1;1;2;0;1;0;1;1;0;5;995;995;995;995;995;995;995;995;995;995;995;995;995;995;2;995;995;995;995;995;995;995;995;999;2;0;1;0;0;0;0;999;2;995;1;1;1;1;1;1;3;1;1;1;1;1;3;1;2;999;1;999;;CANTELEU;CANTELEU;2;1;13;1;997;997;2;997;2;44;1;6;997;997;997;997;44;6;3;3;1;3;;;;;;
754;2;2;1;1;1;1;2;2;999;1;0;1;1;1;0;0;0;0;999;5;2;2;5;5;5;4;1;3;4;4;4;3;1;1;3;3;3;3;2;1;3;0;0;1;0;1;0;5;995;995;995;995;995;995;995;995;995;995;995;995;995;995;2;995;995;995;995;995;995;995;995;4;1;0;0;0;0;0;1;3;2;995;4;2;2;2;2;2;3;2;2;2;2;2;3;1;2;4;999;999;;LILLEBONNE;LILLEBONNE;2;1;16;2;997;997;2;997;2;49;1;4;997;997;997;997;49;4;2;3;1;3;;;;;;
755;2;2;2;2;1;1;1;1;1;1;0;1;0;1;0;0;0;0;1;2;2;2;2;2;2;1;1;1;1;1;1;1;1;1;1;1;1;4;4;4;3;1;1;1;0;0;0;5;995;995;995;995;995;995;995;995;995;995;995;995;995;995;2;995;995;995;995;995;995;995;995;3;2;0;0;0;0;0;1;1;1;4;4;1;1;999;1;1;999;1;999;1;999;999;999;1;1;4;999;999;;GRAIMBOUVILLE;GRAIMBOUVILLE;3;2;18;4;3;997;2;997;2;50;2;8;997;997;997;997;50;8;4;4;2;4;;;;;;
756;2;2;1;1;1;1;1;1;1;1;1;1;1;1;0;1;0;0;1;2;1;1;1;1;1;1;1;1;1;1;999;1;1;1;1;1;1;4;3;3;3;1;1;0;1;0;0;999;2;995;995;995;995;995;995;995;995;995;995;995;995;995;1;1;995;995;995;995;995;995;995;4;2;0;1;0;0;0;0;2;2;995;3;1;1;999;1;1;999;999;999;999;999;999;999;1;2;3;3;995;;DEVILLE LES ROUEN;DEVILLELESROUEN;1;3;20;997;3;2;2;997;2;52;1;4;997;997;997;997;52;4;2;4;3;4;;;;;;
757;2;2;3;3;1;3;1;1;3;1;0;1;1;0;0;1;0;0;2;4;3;4;5;5;1;3;3;3;4;4;2;2;2;1;3;3;2;1;1;2;2;0;0;0;0;1;0;5;995;995;995;995;995;995;995;995;995;995;995;995;995;995;1;2;1;0;0;0;0;1;0;999;2;0;0;1;0;0;0;3;1;2;3;2;2;2;1;1;2;2;2;2;2;3;3;1;2;2;1;7;Famille monoparentale avec 1 enfant;MONT SAINT AIGNAN;MONTSAINTAIGNAN;1;1;18;3;997;997;2;997;2;50;1;5;997;997;997;997;50;5;3;4;1;4;;;;;;
758;2;2;2;3;1;1;1;1;3;1;0;0;1;1;0;0;0;0;1;3;2;1;1;4;2;3;3;2;2;3;2;1;1;1;1;1;1;3;3;3;2;0;1;1;1;0;0;5;995;995;995;995;995;995;995;995;995;995;995;995;995;995;1;1;995;995;995;995;995;995;995;3;2;0;1;0;0;0;0;3;1;4;3;2;1;1;1;1;999;2;2;2;2;2;999;2;995;3;2;995;;999;999;999;4;;6;6;6;2;997;2;52;1;5;997;997;997;997;52;5;3;4;4;1;;;;;;
759;2;3;3;4;1;3;1;2;3;3;995;995;995;995;995;995;995;995;1;4;4;4;5;4;4;3;3;3;4;3;3;1;2;1;3;2;2;2;2;4;2;0;0;0;0;0;1;5;995;995;995;995;995;995;995;995;995;995;995;995;995;995;2;995;995;995;995;995;995;995;995;4;2;0;0;0;1;0;0;2;2;995;2;2;2;2;2;1;999;2;2;2;2;1;3;1;2;999;1;6;;ROUEN;ROUEN;1;2;23;5;997;997;2;997;2;52;1;5;997;997;997;997;52;5;3;4;2;4;;;;;;
760;2;1;999;999;1;1;2;2;1;1;1;0;1;1;0;0;0;0;2;999;2;999;999;999;3;999;999;999;999;999;999;999;999;999;999;999;999;3;3;3;3;1;1;0;1;0;0;3;995;995;995;995;995;995;995;995;995;995;995;995;995;995;2;995;995;995;995;995;995;995;995;999;999;0;0;0;0;0;0;999;999;999;999;999;999;999;999;999;999;999;999;999;999;999;999;999;999;999;2;995;;OISSEL SUR SEINE;OISSELSURSEINE;3;2;20;997;997;997;2;997;2;57;1;5;997;997;997;997;57;5;3;4;2;4;;;;;;
761;2;2;1;1;1;1;1;1;1;1;0;0;0;1;0;0;0;0;1;2;1;2;5;2;1;3;1;2;4;3;2;1;1;1;3;1;1;4;3;5;3;1;1;1;0;0;0;4;995;995;995;995;995;995;995;995;995;995;995;995;995;995;1;2;0;0;0;0;0;0;1;3;2;0;1;0;0;0;0;3;2;995;2;2;1;2;2;2;2;2;2;2;2;2;2;1;2;3;1;2;;999;999;999;2;12;997;997;997;2;997;2;37;1;5;997;997;997;997;37;5;3;2;2;3;;;;;;
762;2;2;2;2;1;1;1;1;2;3;995;995;995;995;995;995;995;995;2;2;2;2;2;2;2;1;3;3;3;3;3;2;2;2;2;2;2;3;3;2;2;1;0;1;0;0;0;3;995;995;995;995;995;995;995;995;995;995;995;995;995;995;2;995;995;995;995;995;995;995;995;3;2;0;0;0;1;0;0;2;2;995;4;2;2;1;1;1;999;999;999;999;999;999;999;1;2;999;2;995;;SAINT ETIENNE DU ROUVRAY;SAINTETIENNEDUROUVRAY;1;1;18;4;997;997;2;997;2;46;1;4;997;997;997;997;46;4;2;3;1;4;;;;;;
763;2;1;1;2;2;1;1;1;1;1;1;1;1;1;0;0;0;1;1;1;2;2;5;2;1;2;1;2;4;1;2;1;1;1;3;1;1;4;4;3;3;1;1;1;0;0;0;2;1;1;0;0;0;0;0;0;0;0;0;0;0;0;999;999;995;995;995;995;995;995;995;3;2;0;1;0;0;0;0;999;999;999;999;999;999;1;1;1;999;2;2;2;2;2;2;2;995;4;1;1;;999;999;999;2;10;997;997;997;2;997;2;36;1;5;997;997;997;997;36;5;3;2;2;2;;;;;;
764;2;999;3;1;3;2;1;2;2;3;995;995;995;995;995;995;995;995;2;1;2;1;2;1;1;2;3;2;2;3;2;1;2;2;2;3;1;3;4;5;3;1;1;0;0;1;0;5;995;995;995;995;995;995;995;995;995;995;995;995;995;995;2;995;995;995;995;995;995;995;995;3;1;0;0;1;0;0;0;3;2;995;2;2;2;2;1;2;3;2;2;2;2;2;3;1;2;4;1;4;;ELBEUF;ELBEUF;2;2;11;1;997;997;2;997;2;28;1;5;997;997;997;997;28;5;3;1;2;2;;;;;;
765;2;1;2;2;1;1;1;1;1;1;1;0;0;0;0;0;0;0;1;2;2;5;2;2;1;2;2;3;1;2;1;2;2;2;2;1;1;3;3;3;3;0;0;0;0;1;0;5;995;995;995;995;995;995;995;995;995;995;995;995;995;995;2;995;995;995;995;995;995;995;995;3;2;0;0;0;1;0;0;3;1;4;2;2;2;2;2;2;2;2;2;2;2;2;2;1;2;3;1;6;;LE HOULME;LEHOULME;2;3;19;5;1;997;2;997;2;45;1;6;997;997;997;997;45;6;3;3;3;4;;;;;;
766;2;2;2;2;1;1;1;1;1;1;1;0;1;1;0;0;1;0;1;3;3;2;2;2;2;3;1;3;4;4;4;2;2;2;2;3;2;4;1;1;3;1;1;1;0;0;0;1;1;0;0;0;0;0;0;0;1;0;0;0;0;0;2;995;995;995;995;995;995;995;995;1;2;0;0;0;1;0;0;2;2;995;4;2;2;2;2;2;3;2;2;2;2;2;3;1;2;4;2;995;;LE HAVRE;LEHAVRE;1;1;20;5;997;997;2;997;1;52;2;8;997;997;997;997;52;8;4;4;1;4;;;;;;
767;2;2;2;1;1;1;2;2;1;1;1;0;0;0;0;0;1;0;999;1;2;3;1;3;2;2;3;3;2;3;3;2;1;2;2;2;1;3;3;5;2;0;0;0;0;1;0;4;995;995;995;995;995;995;995;995;995;995;995;995;995;995;2;995;995;995;995;995;995;995;995;2;2;0;0;0;1;0;0;3;2;995;2;2;2;2;2;2;3;2;2;2;2;2;3;1;2;2;2;995;;PETIT COURONNE;PETITCOURONNE;2;2;19;5;2;997;2;997;2;41;1;5;997;997;997;997;41;5;3;3;2;4;;;;;;
768;2;1;2;1;1;2;2;2;2;1;0;1;0;1;1;0;0;0;999;1;2;2;2;2;2;2;2;2;2;2;3;2;2;1;1;2;1;3;3;2;3;1;0;0;0;1;0;3;995;995;995;995;995;995;995;995;995;995;995;995;995;995;1;1;995;995;995;995;995;995;995;3;1;0;1;0;0;0;0;2;1;1;4;1;999;999;2;999;999;999;999;999;2;3;3;1;2;4;2;995;;TOURVILLE LA RIVIERE;TOURVILLELARIVIERE;2;1;22;5;997;997;2;997;1;53;1;4;997;997;997;997;53;4;2;4;1;4;;;;;;
769;2;2;2;2;1;3;1;2;2;1;1;0;0;1;0;0;1;0;999;5;2;3;5;3;5;4;3;3;4;2;4;3;2;2;3;3;3;3;3;5;3;0;0;1;1;1;0;5;995;995;995;995;995;995;995;995;995;995;995;995;995;995;2;995;995;995;995;995;995;995;995;3;2;0;0;0;1;0;0;2;2;995;2;2;2;2;2;2;3;2;2;2;2;2;3;1;2;3;4;995;;CAUDEBEC LES ELBEUF;CAUDEBECLESELBEUF;2;1;9;997;997;997;2;997;2;39;1;5;997;997;997;997;39;5;3;2;1;2;;;;;;
770;2;1;2;2;1;1;1;1;2;1;1;0;0;0;0;0;0;1;1;3;2;999;2;5;3;3;3;1;4;4;999;1;1;1;3;3;1;3;1;5;3;0;0;0;0;1;0;5;995;995;995;995;995;995;995;995;995;995;995;995;995;995;1;2;0;0;1;0;0;0;0;2;2;0;1;0;0;0;0;2;2;995;4;2;2;2;2;2;3;999;999;999;999;999;999;1;2;3;1;6;;SAINT ETIENNE DU ROUVRAY;SAINTETIENNEDUROUVRAY;1;3;22;6;6;3;2;997;2;43;1;6;997;997;997;997;43;6;3;3;3;4;;;;;;
771;2;1;3;1;1;1;1;1;2;1;1;1;1;1;0;1;0;0;1;1;2;2;1;1;2;1;1;1;2;2;2;1;2;1;1;1;1;4;4;3;3;1;0;1;1;0;0;1;1;0;1;0;0;0;0;0;0;0;0;0;0;0;2;995;995;995;995;995;995;995;995;3;2;0;1;0;0;0;0;2;2;995;4;2;2;2;1;1;2;2;2;2;2;2;3;1;2;4;1;4;;FONTAINE LE BOURG;FONTAINELEBOURG;3;2;16;2;1;997;2;997;2;41;1;4;997;997;997;997;41;4;2;3;2;3;;;;;;
772;2;2;2;4;1;1;1;1;2;999;1;0;1;1;0;0;0;0;1;3;2;2;3;5;3;4;1;1;1;4;1;1;1;1;1;1;1;4;4;5;999;1;0;1;1;0;0;2;1;1;0;0;0;0;0;0;0;0;0;0;0;0;1;2;0;0;0;0;0;0;0;4;2;0;0;0;0;0;0;2;1;4;4;1;1;1;2;1;3;2;1;1;2;1;3;1;2;4;1;2;;GRAND QUEVILLY;GRANDQUEVILLY;1;2;24;6;2;997;2;997;2;48;1;5;997;997;997;997;48;5;3;3;2;4;;;;;;
773;2;2;2;2;3;3;2;2;2;3;995;995;995;995;995;995;995;995;2;5;3;3;3;5;2;4;3;4;3;3;3;3;2;3;2;2;2;3;3;2;3;0;0;0;1;0;0;5;995;995;995;995;995;995;995;995;995;995;995;995;995;995;2;995;995;995;995;995;995;995;995;3;2;0;0;0;0;1;0;2;2;995;2;2;2;2;2;3;3;2;2;2;2;3;3;1;2;4;2;995;;999;999;999;1;18;3;997;997;2;997;1;42;1;5;997;997;997;997;42;5;3;3;1;4;;;;;;
774;2;3;3;3;3;3;2;2;3;3;995;995;995;995;995;995;995;995;2;4;3;3;3;3;3;3;3;3;3;3;3;1;2;1;1;2;2;3;2;2;2;0;0;1;0;0;0;3;995;995;995;995;995;995;995;995;995;995;995;995;995;995;2;995;995;995;995;995;995;995;995;4;2;0;0;0;0;1;0;3;1;4;2;2;2;2;2;2;3;2;2;2;2;2;3;1;2;3;1;4;;LA CHAUSSEE;LACHAUSSEE;3;3;18;6;6;5;2;997;1;54;1;3;997;997;997;997;54;3;1;4;3;4;;;;;;
775;2;999;1;1;1;1;2;2;1;1;1;1;1;1;0;0;0;0;2;3;2;1;1;2;1;1;1;2;2;2;2;2;2;1;1;2;2;4;4;5;3;1;1;1;0;0;0;4;995;995;995;995;995;995;995;995;995;995;995;995;995;995;2;995;995;995;995;995;995;995;995;1;2;0;0;0;0;0;1;2;1;4;4;1;1;1;1;1;2;2;2;2;2;3;3;1;2;4;1;6;;ETRETAT;ETRETAT;3;3;23;6;6;2;2;997;2;47;2;8;997;997;997;997;47;8;4;3;3;4;;;;;;
776;2;2;3;3;1;3;1;2;2;1;1;1;1;1;0;0;0;0;1;1;1;5;5;4;3;1;1;4;4;1;3;1;1;3;3;1;2;3;3;5;3;1;0;0;0;0;0;3;995;995;995;995;995;995;995;995;995;995;995;995;995;995;2;995;995;995;995;995;995;995;995;4;2;1;0;0;0;0;0;2;2;995;4;2;2;2;1;1;3;2;2;2;2;2;3;1;2;4;1;4;;SAINT PIERRE DE VARENGEVILLE;SAINTPIERREDEVARENGEVILLE;3;1;20;6;997;997;2;997;2;55;2;7;997;997;997;997;55;7;4;4;1;4;;;;;;
777;2;2;2;2;1;1;1;1;2;1;1;0;1;1;0;0;0;0;1;3;2;2;2;2;2;4;1;1;1;4;1;1;1;1;1;1;1;3;3;5;3;1;1;0;0;1;0;5;995;995;995;995;995;995;995;995;995;995;995;995;995;995;2;995;995;995;995;995;995;995;995;4;2;0;0;0;1;0;0;3;2;995;4;2;1;2;1;1;999;2;2;2;2;2;999;1;2;3;2;995;;GERVILLE;GERVILLE;3;3;20;6;6;5;2;997;2;51;1;5;997;997;997;997;51;5;3;4;3;4;;;;;;
778;2;2;2;2;1;1;2;2;2;1;0;1;1;1;0;0;0;0;2;3;2;2;3;3;2;1;1;1;1;1;4;3;1;1;3;3;3;3;3;2;2;0;0;1;0;1;0;5;995;995;995;995;995;995;995;995;995;995;995;995;995;995;2;995;995;995;995;995;995;995;995;2;2;0;0;0;1;0;0;2;1;4;2;2;2;2;2;2;3;2;2;2;2;2;3;1;2;3;1;1;;OFFRANVILLE;OFFRANVILLE;3;2;19;6;1;997;2;997;2;52;2;8;997;997;997;997;52;8;4;4;2;4;;;;;;
779;2;2;4;2;1;1;1;1;3;1;0;1;0;1;0;0;0;1;1;3;3;2;5;1;3;2;3;1;1;999;1;1;1;1;3;3;1;3;4;5;3;1;1;1;0;0;0;5;995;995;995;995;995;995;995;995;995;995;995;995;995;995;2;995;995;995;995;995;995;995;995;999;2;1;0;0;0;0;0;3;1;4;4;1;1;1;1;1;3;2;2;2;2;2;3;1;2;3;1;6;;FECAMP;FECAMP;2;1;16;2;997;997;2;997;2;47;1;5;997;997;997;997;47;5;3;3;1;3;;;;;;
780;2;2;999;999;999;999;999;999;1;3;995;995;995;995;995;995;995;995;1;5;2;5;5;5;5;4;3;4;4;4;4;3;2;3;3;3;3;4;4;5;2;1;0;0;0;0;0;5;995;995;995;995;995;995;995;995;995;995;995;995;995;995;2;995;995;995;995;995;995;995;995;2;1;1;0;0;0;0;0;3;2;995;1;2;2;2;2;3;3;2;2;2;2;3;3;2;995;2;1;4;;TORCY LE PETIT;TORCYLEPETIT;3;1;1;997;997;997;2;997;2;26;2;8;997;997;997;997;26;8;4;1;1;1;;;;;;
781;2;1;1;1;3;3;2;2;1;2;0;0;0;0;0;0;0;0;2;1;1;1;1;1;1;2;2;2;2;2;2;2;2;2;2;2;2;3;3;5;3;1;1;1;0;0;0;2;1;0;0;1;0;0;0;0;0;0;0;0;0;0;2;995;995;995;995;995;995;995;995;2;2;1;0;0;0;0;0;3;2;995;3;2;2;2;2;2;2;2;2;2;2;2;2;1;2;4;1;1;;MONTIVILLIERS;MONTIVILLIERS;2;3;18;3;1;1;2;997;2;40;1;5;997;997;997;997;40;5;3;3;3;4;;;;;;
782;2;2;2;3;1;1;2;1;2;1;1;0;1;0;0;0;1;0;1;5;3;2;2;5;3;3;1;1;1;3;2;2;1;2;2;1;2;3;3;5;3;1;0;1;0;0;0;4;995;995;995;995;995;995;995;995;995;995;995;995;995;995;999;2;0;1;0;0;0;0;0;2;2;0;1;0;0;0;0;2;1;4;999;2;1;1;2;1;3;2;1;1;2;3;3;1;1;999;1;4;;GRAVILLE;GRAVILLE;3;1;18;2;997;997;2;997;2;44;1;6;997;997;997;997;44;6;3;3;1;4;;;;;;
783;2;1;2;2;1;1;1;1;1;1;1;1;1;1;0;0;0;0;1;5;2;1;1;1;1;1;1;1;1;1;1;1;2;1;1;1;1;4;3;3;3;0;1;1;0;1;0;3;995;995;995;995;995;995;995;995;995;995;995;995;995;995;1;2;1;0;0;0;0;1;0;3;1;0;1;0;0;0;0;1;2;995;4;1;1;1;1;2;3;1;1;1;1;2;3;1;2;4;2;995;;LUNERAY;LUNERAY;3;3;16;2;997;997;2;997;2;41;1;5;997;997;997;997;41;5;3;3;3;3;;;;;;
784;2;2;1;1;1;1;2;2;3;1;1;0;0;1;0;0;0;0;2;2;2;1;1;2;2;1;1;3;3;3;1;1;1;2;1;2;1;3;4;4;3;0;1;0;1;1;0;3;995;995;995;995;995;995;995;995;995;995;995;995;995;995;2;995;995;995;995;995;995;995;995;3;2;0;0;0;1;0;0;2;2;995;4;1;1;1;1;3;3;2;2;2;2;2;3;1;2;4;1;1;;CRESSY;CRESSY;3;3;14;1;1;997;2;997;1;40;1;5;997;997;997;997;40;5;3;3;3;3;;;;;;
785;2;1;1;2;1;1;1;1;1;3;995;995;995;995;995;995;995;995;2;2;2;1;5;5;1;2;2;2;4;4;2;1;1;1;3;3;1;3;4;5;3;1;1;1;0;0;0;2;1;0;0;1;0;0;0;0;0;0;0;0;0;0;1;2;1;0;0;0;0;0;0;3;2;0;0;0;0;1;0;3;1;4;2;2;2;2;2;2;2;2;2;2;2;2;2;2;995;4;1;2;;LE HAVRE;LEHAVRE;1;4;21;6;3;997;2;997;2;40;1;5;997;997;997;997;40;5;3;3;4;4;;;;;;
786;2;1;2;1;1;1;1;1;2;1;1;1;0;1;0;0;0;0;1;2;2;2;2;1;5;2;2;2;2;1;4;1;1;1;1;1;3;4;4;3;3;1;1;0;1;0;0;1;1;0;1;0;0;0;0;0;0;0;0;0;0;0;2;995;995;995;995;995;995;995;995;3;2;0;0;0;1;0;0;3;1;4;3;2;1;2;1;1;3;2;2;2;2;2;3;1;1;4;1;4;;GRUMESNIL;GRUMESNIL;3;2;18;5;997;997;2;997;2;42;1;5;997;997;997;997;42;5;3;3;2;4;;;;;;
787;2;1;2;1;3;3;2;2;1;1;1;0;1;1;0;0;1;0;2;2;2;2;1;3;2;2;2;2;2;1;2;2;2;2;2;1;2;3;4;4;3;1;1;1;0;0;0;5;995;995;995;995;995;995;995;995;995;995;995;995;995;995;2;995;995;995;995;995;995;995;995;2;2;0;1;0;0;0;0;2;2;995;3;1;1;1;1;3;3;1;1;1;1;1;3;1;2;4;1;2;;ROCHEVILLE;ROCHEVILLE;3;2;22;6;997;997;2;997;2;41;1;5;997;997;997;997;41;5;3;3;2;4;;;;;;
788;2;1;4;1;3;3;2;2;1;3;995;995;995;995;995;995;995;995;2;5;3;3;3;3;5;3;1;3;3;3;3;3;3;3;3;3;3;4;3;2;3;1;0;0;0;0;1;5;995;995;995;995;995;995;995;995;995;995;995;995;995;995;2;995;995;995;995;995;995;995;995;1;2;0;0;0;0;1;0;3;1;4;2;1;2;2;2;1;2;1;2;2;2;2;2;999;1;3;4;995;;ELBEUF;ELBEUF;2;1;14;997;997;997;2;997;2;45;2;8;997;997;997;997;45;8;4;3;1;3;;;;;;
789;2;1;3;3;3;3;2;2;1;2;0;0;0;0;0;0;0;0;1;5;2;2;5;1;5;4;1;2;4;2;4;3;1;2;3;999;3;999;4;5;3;0;0;0;0;1;0;5;995;995;995;995;995;995;995;995;995;995;995;995;995;995;2;995;995;995;995;995;995;995;995;4;2;1;0;0;0;0;0;2;2;995;4;2;2;2;2;2;2;3;3;3;3;3;3;2;995;3;4;995;;ELBEUF;ELBEUF;2;1;7;997;997;997;2;997;2;27;2;8;997;997;997;997;27;8;4;1;1;2;;;;;;
790;2;3;3;3;3;3;1;1;3;3;995;995;995;995;995;995;995;995;1;5;5;5;5;5;5;4;4;4;4;4;4;3;3;3;3;3;3;3;2;1;2;0;0;0;0;0;1;4;995;995;995;995;995;995;995;995;995;995;995;995;995;995;2;995;995;995;995;995;995;995;995;3;1;0;0;0;0;1;0;3;1;4;2;2;2;2;2;2;3;2;2;2;2;2;3;1;2;2;2;995;;LE MESNIL ESNARD;LEMESNILESNARD;1;2;21;6;5;997;2;997;1;54;1;3;997;997;997;997;54;3;1;4;2;4;;;;;;
791;2;1;2;1;1;1;1;1;1;1;0;1;1;1;0;0;1;1;999;2;1;3;1;5;2;1;1;1;1;4;1;1;1;1;1;3;1;2;4;1;1;1;1;1;0;0;0;5;995;995;995;995;995;995;995;995;995;995;995;995;995;995;2;995;995;995;995;995;995;995;995;4;2;1;0;0;0;0;0;3;2;995;4;1;1;2;2;2;3;1;1;1;1;2;2;1;1;4;4;995;;MONT SAINT AIGNAN;MONTSAINTAIGNAN;1;2;20;3;3;997;2;997;2;44;1;5;997;997;997;997;44;5;3;3;2;4;;;;;;
792;2;1;2;1;1;1;1;1;1;1;1;0;1;1;0;0;0;0;1;999;999;999;999;999;999;999;999;999;999;999;999;999;999;999;999;999;999;3;3;3;3;1;0;1;1;0;0;5;995;995;995;995;995;995;995;995;995;995;995;995;995;995;1;2;1;0;0;0;0;0;0;4;2;0;0;0;0;0;0;999;999;999;4;2;2;999;1;1;1;999;999;999;999;999;999;1;2;4;999;999;;MONT SAINT AIGNAN;MONTSAINTAIGNAN;1;1;22;6;997;997;2;997;2;54;2;8;997;997;997;997;54;8;4;4;1;4;;;;;;
793;2;1;2;2;2;2;1;1;1;1;1;0;0;1;0;0;0;0;1;2;2;2;2;2;2;4;3;3;3;1;1;3;2;2;2;2;2;4;3;5;2;0;0;1;0;1;0;5;995;995;995;995;995;995;995;995;995;995;995;995;995;995;1;2;1;0;0;0;0;0;0;4;2;0;0;0;1;0;0;3;999;999;4;2;2;2;1;2;3;2;2;2;2;2;3;1;2;4;2;995;;ROUEN;ROUEN;1;1;10;997;997;997;2;997;1;41;1;4;997;997;997;997;41;4;2;3;1;2;;;;;;
794;2;2;2;1;1;3;1;2;1;999;1;1;0;1;0;0;0;1;2;2;2;2;1;2;2;3;3;3;3;3;3;2;2;2;2;2;2;3;4;1;3;0;0;0;1;0;0;3;995;995;995;995;995;995;995;995;995;995;995;995;995;995;2;995;995;995;995;995;995;995;995;3;2;0;1;0;0;0;0;2;1;2;2;1;1;1;1;1;2;2;2;2;2;3;3;1;2;3;2;995;;MONTIVILLIERS;MONTIVILLIERS;2;1;25;6;997;997;2;997;2;60;2;7;997;997;997;997;60;7;4;4;1;4;;;;;;
795;2;2;1;1;1;1;1;1;2;1;1;0;0;1;0;0;0;0;1;1;2;1;4;999;1;1;1;999;999;1;1;999;1;999;999;1;1;4;4;4;3;1;0;0;1;1;0;2;1;0;0;0;0;0;0;0;1;0;0;0;0;0;2;995;995;995;995;995;995;995;995;4;2;0;1;0;0;0;0;1;2;995;4;1;999;999;999;1;999;999;999;999;999;999;999;1;2;4;1;6;;ROUEN;ROUEN;1;2;15;2;997;997;2;997;1;31;1;5;997;997;997;997;31;5;3;2;2;3;;;;;;
796;2;2;3;1;3;1;1;2;2;3;995;995;995;995;995;995;995;995;1;3;2;1;5;4;2;1;2;2;4;3;2;1;2;2;3;2;1;2;3;2;2;0;0;0;0;1;0;5;995;995;995;995;995;995;995;995;995;995;995;995;995;995;1;2;1;0;0;0;0;1;0;2;1;0;0;0;0;0;1;2;2;995;3;2;2;1;1;1;3;2;2;2;2;2;3;1;2;3;1;6;;ELBEUF;ELBEUF;2;1;14;997;997;997;2;997;2;35;1;5;997;997;997;997;35;5;3;2;1;3;;;;;;
797;2;1;3;1;1;1;1;1;1;2;0;0;0;0;0;0;0;0;1;3;1;2;5;1;1;1;1;1;4;2;1;1;1;1;3;1;1;3;3;5;3;0;0;0;1;1;0;4;995;995;995;995;995;995;995;995;995;995;995;995;995;995;2;995;995;995;995;995;995;995;995;2;2;0;1;0;0;0;0;3;2;995;3;2;2;2;2;2;1;2;2;2;2;2;3;1;2;4;1;4;;ROUEN;ROUEN;1;2;14;1;997;997;2;997;2;38;1;5;997;997;997;997;38;5;3;2;2;3;;;;;;
798;2;1;3;2;1;1;2;2;1;1;1;0;0;1;0;0;0;0;2;3;2;3;3;2;2;3;1;3;3;3;3;2;1;2;2;2;2;3;3;2;3;1;1;0;0;1;0;2;1;0;0;0;0;1;0;0;0;0;0;0;0;0;2;995;995;995;995;995;995;995;995;999;1;0;0;0;1;0;0;1;999;999;3;2;2;2;2;2;3;2;2;2;2;3;3;1;2;3;2;995;;LE HAVRE;LEHAVRE;1;2;20;5;3;997;2;997;2;47;1;4;997;997;997;997;47;4;2;3;2;4;;;;;;
799;2;2;3;2;3;3;2;2;2;2;0;0;0;0;0;0;0;0;2;5;3;5;5;5;4;4;4;4;4;4;4;3;3;3;3;3;3;2;2;5;3;0;0;0;0;1;0;5;995;995;995;995;995;995;995;995;995;995;995;995;995;995;2;995;995;995;995;995;995;995;995;3;2;0;0;0;1;0;0;2;2;995;3;2;2;2;2;1;3;2;2;2;2;1;3;1;2;3;1;4;;ROUEN;ROUEN;1;2;19;5;2;997;2;997;2;56;1;4;997;997;997;997;56;4;2;4;2;4;;;;;;
800;2;1;3;2;1;1;1;1;2;1;0;0;0;1;0;0;0;0;2;3;2;3;5;4;2;3;1;3;3;3;1;3;2;3;3;3;2;3;3;2;3;1;0;0;0;0;0;2;1;0;0;0;0;0;0;0;0;0;0;0;0;1;1;2;0;0;0;0;0;1;0;4;2;0;0;0;1;0;0;2;2;995;3;2;2;2;1;1;3;2;2;2;2;2;3;1;2;2;2;995;;PETIT COURONNE;PETITCOURONNE;2;2;20;5;2;997;2;997;2;46;1;5;997;997;997;997;46;5;3;3;2;4;;;;;;
801;2;2;3;2;3;3;2;2;2;2;0;0;0;0;0;0;0;0;2;3;3;5;5;3;5;4;3;4;4;4;3;2;2;2;2;2;2;3;2;5;2;0;0;1;0;0;0;2;1;0;0;0;1;0;0;0;0;0;0;0;0;0;2;995;995;995;995;995;995;995;995;999;2;0;0;0;0;1;0;3;2;995;3;2;1;2;2;2;2;999;999;999;999;999;999;1;2;4;4;995;;CLEON;CLEON;2;2;11;997;997;997;2;997;1;34;1;6;997;997;997;997;34;6;3;2;2;2;;;;;;
802;2;1;2;1;3;3;2;2;1;1;1;1;0;1;0;0;0;0;2;5;5;5;5;5;5;3;3;3;3;3;3;2;2;2;2;2;2;3;3;3;2;0;1;1;0;1;0;5;995;995;995;995;995;995;995;995;995;995;995;995;995;995;2;995;995;995;995;995;995;995;995;999;2;0;0;0;0;1;0;3;2;995;2;2;3;3;2;3;3;999;999;999;999;999;999;1;2;999;4;995;;VEAUVILLE LES BAONS;VEAUVILLELESBAONS;3;1;15;2;997;997;2;997;1;42;1;6;997;997;997;997;42;6;3;3;1;3;;;;;;
803;2;1;2;2;1;3;1;1;1;1;1;0;1;1;0;0;1;0;1;3;2;2;2;2;2;3;1;3;3;3;1;1;1;1;1;1;1;3;3;5;3;0;0;1;0;1;0;5;995;995;995;995;995;995;995;995;995;995;995;995;995;995;2;995;995;995;995;995;995;995;995;2;2;0;0;0;1;0;0;3;2;995;4;2;2;2;2;2;3;2;2;2;2;2;3;1;2;4;2;995;;GRAND COURONNE;GRANDCOURONNE;2;2;17;2;1;997;2;997;2;44;1;5;997;997;997;997;44;5;3;3;2;3;;;;;;
804;2;3;1;1;1;1;2;2;1;1;0;1;0;1;1;0;0;0;2;5;2;1;5;3;1;3;3;1;4;1;2;2;1;1;3;2;2;3;3;5;3;0;1;0;0;1;0;5;995;995;995;995;995;995;995;995;995;995;995;995;995;995;2;995;995;995;995;995;995;995;995;4;1;0;1;0;0;0;0;3;2;995;3;2;2;2;2;2;2;2;2;2;2;2;2;1;2;3;1;3;;LIMPIVILLE;LIMPIVILLE;3;2;7;997;997;997;2;997;2;34;1;5;997;997;997;997;34;5;3;2;2;2;;;;;;
805;2;2;3;2;1;1;2;2;2;1;1;0;0;0;0;0;0;0;1;5;4;4;5;5;5;4;3;3;4;4;4;1;1;1;3;3;3;2;4;5;2;1;0;1;1;0;0;3;995;995;995;995;995;995;995;995;995;995;995;995;995;995;2;995;995;995;995;995;995;995;995;4;2;0;1;0;0;0;0;3;2;995;3;1;1;1;1;3;3;1;1;1;2;2;2;1;2;4;2;995;;ROUEN;ROUEN;1;2;3;997;997;997;2;997;2;26;1;5;997;997;997;997;26;5;3;1;2;1;;;;;;
806;2;2;2;2;1;3;2;2;1;3;995;995;995;995;995;995;995;995;2;5;2;2;3;3;3;4;1;3;3;3;3;3;1;2;2;2;2;3;3;5;1;1;0;0;0;0;0;2;2;995;995;995;995;995;995;995;995;995;995;995;995;995;2;995;995;995;995;995;995;995;995;3;1;0;0;0;0;0;1;2;1;4;4;2;2;2;2;1;2;2;1;2;2;2;2;2;995;3;2;995;;ELBEUF;ELBEUF;2;2;11;6;1;997;2;997;2;52;1;5;997;997;997;997;52;5;3;4;2;2;;;;;;
807;2;2;2;1;3;3;1;1;1;3;995;995;995;995;995;995;995;995;2;5;3;4;5;3;2;4;3;3;4;3;3;3;1;1;3;1;1;3;3;5;3;0;0;1;0;1;0;5;995;995;995;995;995;995;995;995;995;995;995;995;995;995;1;2;1;0;0;0;0;0;0;1;1;0;0;0;1;0;0;2;2;995;3;2;2;2;2;1;3;2;2;2;2;1;3;1;2;3;2;995;;LE HAVRE;LEHAVRE;1;1;18;5;997;997;2;997;2;47;1;4;997;997;997;997;47;4;2;3;1;4;;;;;;
808;2;2;3;2;1;1;2;2;2;1;0;0;1;0;0;0;0;0;2;2;3;3;2;3;3;3;3;3;3;3;1;1;2;2;2;1;1;3;3;1;3;0;0;0;0;1;0;5;995;995;995;995;995;995;995;995;995;995;995;995;995;995;1;2;1;0;0;0;0;0;0;3;1;0;0;0;1;0;0;2;2;995;2;2;2;2;2;2;3;2;2;2;2;2;3;1;2;3;2;995;;BOLBEC;BOLBEC;2;1;18;3;997;997;2;997;2;57;1;3;997;997;997;997;57;3;1;4;1;4;;;;;;
809;2;2;3;2;3;2;2;2;1;1;1;0;1;1;0;0;0;0;2;4;1;5;5;5;5;3;2;4;4;4;4;2;2;3;3;3;3;4;4;4;3;1;1;0;0;1;0;5;995;995;995;995;995;995;995;995;995;995;995;995;995;995;2;995;995;995;995;995;995;995;995;3;2;1;0;0;0;0;0;3;2;995;2;2;1;1;2;3;999;2;3;1;3;3;3;1;2;4;1;4;;SAINT VALERY EN CAUX;SAINTVALERYENCAUX;3;1;1;997;997;997;2;997;2;26;2;8;997;997;997;997;26;8;4;1;1;1;;;;;;
810;2;1;1;1;1;1;2;2;1;3;995;995;995;995;995;995;995;995;2;2;1;1;1;2;1;2;1;3;2;4;4;2;2;2;2;2;2;4;4;3;3;1;1;0;0;1;0;2;1;1;0;0;0;0;0;0;0;0;0;0;0;0;2;995;995;995;995;995;995;995;995;3;2;0;0;0;0;1;0;3;1;4;4;2;2;2;2;2;3;2;2;2;2;2;3;1;2;4;1;2;;LONGUEVILLE SUR SCIE;LONGUEVILLESURSCIE;3;3;20;6;3;997;2;997;2;40;2;8;997;997;997;997;40;8;4;3;3;4;;;;;;
811;2;1;3;2;3;3;2;2;1;1;1;0;1;1;0;0;1;0;1;5;5;5;5;5;5;4;4;4;4;4;4;3;3;3;3;3;3;3;4;5;3;1;0;1;0;0;0;5;995;995;995;995;995;995;995;995;995;995;995;995;995;995;2;995;995;995;995;995;995;995;995;1;2;0;0;0;0;0;0;999;2;995;3;2;2;1;1;2;1;999;999;999;999;999;999;1;2;3;999;999;;LE HAVRE;LEHAVRE;1;2;22;6;6;997;2;997;2;50;1;5;997;997;997;997;50;5;3;4;2;4;;;;;;
812;2;2;3;2;1;1;2;1;2;1;1;1;1;1;0;0;0;0;1;5;2;2;5;3;2;3;1;2;4;1;2;1;1;2;3;2;2;3;3;5;3;1;1;1;0;0;0;5;995;995;995;995;995;995;995;995;995;995;995;995;995;995;999;2;0;0;1;0;0;1;0;3;2;0;1;0;0;0;0;2;2;995;2;2;2;2;2;999;3;2;2;2;2;999;3;1;2;3;1;4;;AVESNES EN VAL;AVESNESENVAL;3;2;10;997;997;997;2;997;2;29;1;5;997;997;997;997;29;5;3;1;2;2;;;;;;
813;2;1;2;1;1;1;2;2;2;1;1;0;1;1;0;0;0;0;2;3;1;1;1;2;2;1;3;3;3;1;1;2;1;2;1;1;2;4;4;5;3;1;1;1;0;0;0;5;995;995;995;995;995;995;995;995;995;995;995;995;995;995;1;1;995;995;995;995;995;995;995;999;2;0;0;0;1;0;0;2;1;4;2;2;2;1;2;2;2;2;2;1;1;2;2;2;995;4;1;2;;LE HAVRE CAUCRIAUVILLE;LEHAVRECAUCRIAUVILLE;3;3;22;6;5;997;2;997;2;39;2;8;997;997;997;997;39;8;4;2;3;4;;;;;;
814;2;1;2;1;1;1;1;1;1;1;1;0;1;1;0;0;0;0;2;5;2;3;3;1;5;3;1;1;1;4;4;3;1;2;3;1;3;4;4;4;2;1;1;0;1;0;0;5;995;995;995;995;995;995;995;995;995;995;995;995;995;995;2;995;995;995;995;995;995;995;995;3;1;1;0;0;0;0;0;2;2;995;3;999;999;999;999;999;999;999;999;999;999;999;999;2;995;4;1;4;;PETIT COURONNE;PETITCOURONNE;2;1;7;997;997;997;2;997;2;24;2;8;997;997;997;997;24;8;4;1;1;2;;;;;;
815;2;2;2;1;1;1;2;1;2;1;1;0;1;1;0;0;0;0;1;3;2;2;1;5;3;3;1;2;2;4;3;2;1;2;2;1;1;3;3;2;2;0;0;1;0;1;0;5;995;995;995;995;995;995;995;995;995;995;995;995;995;995;2;995;995;995;995;995;995;995;995;999;1;0;0;0;0;0;1;2;2;995;4;2;2;2;2;3;3;2;2;2;3;3;3;1;2;2;4;995;;PAVILLY;PAVILLY;2;2;15;3;997;997;2;997;2;38;1;5;997;997;997;997;38;5;3;2;2;3;;;;;;
816;2;1;1;1;1;1;1;1;1;1;1;0;0;1;0;0;0;0;1;1;1;1;1;1;1;1;1;1;1;1;1;1;1;1;1;1;1;4;4;5;3;1;1;0;1;0;0;5;995;995;995;995;995;995;995;995;995;995;995;995;995;995;2;995;995;995;995;995;995;995;995;999;2;0;0;0;1;0;0;2;2;995;2;2;2;2;2;2;2;2;2;2;2;2;2;1;2;4;4;995;;LE HAVRE;LEHAVRE;1;2;11;1;1;997;2;997;2;35;1;5;997;997;997;997;35;5;3;2;2;2;;;;;;
817;2;2;2;1;1;2;1;2;1;2;0;0;0;0;0;0;0;0;1;5;2;2;5;2;2;4;2;3;4;2;2;3;2;2;3;2;2;3;3;5;2;1;1;1;0;0;0;1;1;0;1;0;0;0;0;0;0;0;0;0;0;0;2;995;995;995;995;995;995;995;995;4;2;0;0;1;0;0;0;2;2;995;3;2;2;2;1;1;3;2;2;2;2;2;3;1;2;3;2;995;;YVETOT;YVETOT;2;2;13;997;997;997;2;997;2;38;1;2;997;997;997;997;38;2;1;2;2;3;;;;;;
818;2;1;3;2;1;1;1;1;3;1;1;0;0;1;0;0;0;0;2;2;2;1;3;1;2;1;1;2;2;3;1;1;1;1;1;3;1;3;1;4;2;1;1;0;0;0;0;5;995;995;995;995;995;995;995;995;995;995;995;995;995;995;2;995;995;995;995;995;995;995;995;3;2;0;0;0;0;1;0;1;2;995;2;2;2;2;2;1;1;2;2;2;2;1;1;2;995;4;4;995;;999;999;999;2;20;3;3;997;2;997;1;54;2;8;997;997;997;997;54;8;4;4;2;4;;;;;;
819;2;1;1;1;1;1;1;1;999;1;1;0;0;1;0;0;0;1;1;2;2;2;2;2;1;1;1;1;1;1;1;1;1;1;1;1;1;4;4;4;3;1;1;1;0;0;0;5;995;995;995;995;995;995;995;995;995;995;995;995;995;995;2;995;995;995;995;995;995;995;995;3;2;0;0;0;1;0;0;1;2;995;3;1;1;1;1;2;2;1;1;1;1;2;2;1;2;4;1;1;;PETIT COURONNE;PETITCOURONNE;2;1;12;1;997;997;2;997;1;43;1;6;997;997;997;997;43;6;3;3;1;3;;;;;;
820;2;3;3;3;3;3;1;1;3;3;995;995;995;995;995;995;995;995;1;4;3;3;5;3;3;3;3;3;3;3;2;1;2;2;3;2;2;3;3;3;3;0;0;1;0;1;0;5;995;995;995;995;995;995;995;995;995;995;995;995;995;995;1;2;1;0;0;0;0;0;0;999;2;0;0;0;0;0;1;3;2;995;2;2;2;2;2;2;2;2;2;2;2;2;2;1;2;3;999;999;;999;999;999;1;10;997;997;997;2;997;1;40;1;5;997;997;997;997;40;5;3;3;1;2;;;;;;
821;2;2;3;2;1;1;2;2;2;1;1;1;1;1;0;0;0;0;2;3;3;2;2;3;1;1;1;1;999;999;1;2;2;2;3;3;2;3;3;5;3;1;1;1;0;0;0;3;995;995;995;995;995;995;995;995;995;995;995;995;995;995;2;995;995;995;995;995;995;995;995;2;2;0;0;0;1;0;0;1;1;4;3;1;999;2;2;2;1;1;1;1;1;1;3;1;2;4;1;6;;CANTELEU;CANTELEU;2;2;19;3;1;997;2;997;2;47;1;5;997;997;997;997;47;5;3;3;2;4;;;;;;
822;2;1;3;3;3;3;2;2;1;1;1;0;1;1;0;0;0;0;1;5;5;5;5;5;5;4;4;4;4;4;4;3;3;3;3;3;3;4;4;3;3;1;1;1;0;0;0;3;995;995;995;995;995;995;995;995;995;995;995;995;995;995;2;995;995;995;995;995;995;995;995;4;2;0;0;0;0;0;0;999;999;999;2;2;2;2;2;2;1;999;999;999;999;999;999;1;2;4;3;995;;HARFLEUR;HARFLEUR;1;3;21;6;6;6;2;997;2;56;1;5;997;997;997;997;56;5;3;4;3;4;;;;;;
823;2;2;2;2;1;1;2;2;2;1;1;0;1;1;0;0;1;0;2;5;2;2;1;2;2;4;1;1;3;3;3;3;2;2;2;2;2;4;4;5;3;1;0;0;0;1;0;3;995;995;995;995;995;995;995;995;995;995;995;995;995;995;2;995;995;995;995;995;995;995;995;4;1;0;0;0;1;0;0;3;2;995;4;2;2;2;2;2;3;2;2;2;2;2;3;1;2;4;1;4;;SAINTE ADRESSE;SAINTEADRESSE;1;2;11;997;997;997;2;997;2;40;1;5;997;997;997;997;40;5;3;3;2;2;;;;;;
824;2;1;2;2;2;2;1;1;1;2;0;0;0;0;0;0;0;0;1;1;2;3;4;1;1;3;3;3;3;3;2;2;2;2;3;1;2;3;1;5;3;1;1;0;1;0;0;3;995;995;995;995;995;995;995;995;995;995;995;995;995;995;2;995;995;995;995;995;995;995;995;1;2;0;1;0;0;0;0;2;1;4;2;2;2;2;1;1;3;2;2;2;2;1;3;1;2;4;1;4;;999;999;999;3;20;6;2;3;2;997;2;47;1;2;997;997;997;997;47;2;1;3;3;4;;;;;;
825;2;1;2;2;1;1;1;1;1;1;0;0;1;1;0;0;0;1;1;5;2;2;5;1;5;1;1;1;4;2;4;2;1;1;3;2;3;2;1;5;3;1;1;1;0;0;0;999;1;0;0;0;0;1;0;0;0;0;0;0;0;0;2;995;995;995;995;995;995;995;995;999;2;0;0;0;1;0;0;2;2;995;4;2;2;1;2;1;3;2;2;1;2;3;3;1;2;3;1;2;;LE HAVRE;LEHAVRE;1;2;8;997;997;997;2;997;2;40;2;8;997;997;997;997;40;8;4;3;2;2;;;;;;
826;2;2;3;1;3;1;2;2;2;1;1;0;0;1;0;0;0;0;1;2;5;5;5;3;1;3;1;4;4;1;2;2;1;3;3;1;2;4;4;5;3;1;0;1;0;1;0;5;995;995;995;995;995;995;995;995;995;995;995;995;995;995;2;995;995;995;995;995;995;995;995;3;2;0;0;0;0;1;0;3;1;3;2;2;2;2;2;1;3;2;2;2;2;2;3;1;2;4;2;995;;PAVILLY;PAVILLY;2;1;19;5;997;997;2;997;2;46;1;5;997;997;997;997;46;5;3;3;1;4;;;;;;
827;2;2;2;2;1;1;999;999;3;1;1;0;1;0;0;1;0;1;999;2;2;2;2;4;2;2;3;3;1;1;3;1;1;1;1;1;1;3;3;5;3;0;0;1;0;0;0;3;995;995;995;995;995;995;995;995;995;995;995;995;995;995;2;995;995;995;995;995;995;995;995;2;2;0;1;0;0;0;0;2;2;995;3;2;1;1;1;2;3;2;2;2;2;2;3;1;2;3;1;4;; VEAUVILLE LES QUELLES;VEAUVILLELESQUELLES;3;4;24;6;6;3;2;997;2;43;1;5;997;997;997;997;43;5;3;3;4;4;;;;;;
828;2;1;1;1;1;1;1;1;1;1;1;0;0;1;0;0;0;0;2;1;2;2;5;2;2;3;1;3;4;2;2;1;2;1;3;1;1;3;3;1;3;0;0;0;0;1;0;3;995;995;995;995;995;995;995;995;995;995;995;995;995;995;1;2;1;0;0;0;0;1;0;2;2;0;0;0;0;1;0;3;999;4;4;2;2;2;2;2;999;999;999;999;999;999;3;1;2;3;1;999;;999;999;999;3;23;6;3;5;2;997;2;60;2;7;997;997;997;997;60;7;4;4;3;4;;;;;;
829;2;2;2;1;1;2;1;1;2;1;1;0;1;1;1;0;1;0;1;2;2;2;2;2;2;1;2;1;2;1;2;1;1;1;2;1;2;3;3;3;2;1;1;1;0;0;0;2;1;0;0;0;0;0;0;0;0;0;1;0;0;0;1;1;995;995;995;995;995;995;995;3;2;0;0;0;0;1;0;2;2;995;3;2;1;1;1;1;3;2;2;2;1;1;3;1;2;3;1;1;;FRANQUEVILLE SAINT PIERRE;FRANQUEVILLESAINTPIERRE;2;1;16;2;997;997;2;997;1;48;1;4;997;997;997;997;48;4;2;3;1;3;;;;;;
830;2;2;2;1;3;1;2;2;2;3;995;995;995;995;995;995;995;995;2;5;5;5;5;5;5;4;4;4;4;4;4;3;3;3;3;3;3;4;4;2;3;1;0;1;1;0;0;5;995;995;995;995;995;995;995;995;995;995;995;995;995;995;2;995;995;995;995;995;995;995;995;3;2;0;0;0;0;0;0;2;1;4;3;1;1;1;1;1;3;999;999;999;999;999;999;1;1;4;2;995;;LE HAVRE;LEHAVRE;1;1;24;6;997;997;2;997;2;51;1;5;997;997;997;997;51;5;3;4;1;4;;;;;;
831;2;1;3;2;1;1;2;2;1;1;0;0;1;1;0;0;1;0;2;2;2;2;1;5;2;2;1;3;2;4;2;2;1;2;2;3;2;3;4;4;3;1;1;0;1;0;0;5;995;995;995;995;995;995;995;995;995;995;995;995;995;995;2;995;995;995;995;995;995;995;995;4;2;0;0;0;1;0;0;2;1;4;3;1;1;2;2;1;3;2;2;2;2;2;3;1;2;3;2;995;;ELBEUF SUR SEINE;ELBEUFSURSEINE;3;2;19;4;2;997;2;997;2;42;1;5;997;997;997;997;42;5;3;3;2;4;;;;;;
832;2;2;3;1;1;1;1;1;2;1;0;0;0;1;0;0;0;0;1;3;3;2;3;3;4;3;1;2;2;3;3;1;1;1;1;1;2;3;3;5;3;1;1;0;0;0;0;4;995;995;995;995;995;995;995;995;995;995;995;995;995;995;2;995;995;995;995;995;995;995;995;3;2;0;1;0;0;0;0;2;2;995;4;2;2;1;2;2;3;2;2;2;2;2;3;1;2;4;1;4;;PAVILLY;PAVILLY;2;3;20;4;3;997;2;997;2;40;1;5;997;997;997;997;40;5;3;3;3;4;;;;;;
833;2;2;2;2;1;1;1;1;1;2;0;0;0;0;0;0;0;0;1;1;2;2;2;3;3;1;3;4;2;3;3;2;2;3;2;2;2;3;3;5;2;0;0;0;0;1;0;4;995;995;995;995;995;995;995;995;995;995;995;995;995;995;2;995;995;995;995;995;995;995;995;3;2;0;0;0;1;0;0;3;1;4;3;2;1;1;2;1;3;999;999;999;999;999;999;1;2;3;2;995;;NEUFCHATEL EN BRAY;NEUFCHATELENBRAY;3;1;21;5;997;997;2;997;2;46;1;4;997;997;997;997;46;4;2;3;1;4;;;;;;
834;2;1;2;2;1;1;2;2;1;2;0;0;0;0;0;0;0;0;1;3;2;2;2;5;2;3;2;2;4;4;1;1;2;2;2;2;2;2;4;3;3;1;1;0;0;1;0;5;995;995;995;995;995;995;995;995;995;995;995;995;995;995;2;995;995;995;995;995;995;995;995;3;2;0;0;0;1;0;0;1;2;995;2;2;2;1;1;1;1;2;2;2;2;2;2;1;2;3;1;6;;CANTELEU;CANTELEU;2;3;19;2;1;997;2;997;2;39;2;8;997;997;997;997;39;8;4;2;3;4;;;;;;
835;2;1;2;2;2;2;2;2;2;2;0;0;0;0;0;0;0;0;1;1;2;2;2;2;2;2;2;2;2;2;2;1;1;1;1;1;1;3;1;4;3;1;1;1;0;0;0;5;995;995;995;995;995;995;995;995;995;995;995;995;995;995;2;995;995;995;995;995;995;995;995;3;2;0;0;0;1;0;0;1;1;4;3;1;2;1;1;2;3;2;2;2;2;1;3;2;995;3;1;1;;NOTRE DAME DE BONDEVILLE;NOTREDAMEDEBONDEVILLE;1;1;17;3;997;997;2;997;2;36;2;8;997;997;997;997;36;8;4;2;1;3;;;;;;
836;2;1;2;1;1;1;1;1;2;2;0;0;0;0;0;0;0;0;1;2;1;2;1;2;2;3;3;3;3;3;3;2;2;2;2;2;2;2;3;3;1;1;1;0;0;0;0;5;995;995;995;995;995;995;995;995;995;995;995;995;995;995;2;995;995;995;995;995;995;995;995;3;1;0;0;1;0;0;0;3;2;995;3;2;2;2;2;2;3;2;2;2;2;2;3;1;1;3;4;995;;ELBEUF;ELBEUF;2;1;8;997;997;997;2;997;2;33;1;5;997;997;997;997;33;5;3;2;1;2;;;;;;
837;2;2;3;2;3;2;1;1;2;1;1;0;0;1;0;0;0;0;1;3;3;3;3;2;3;2;3;2;2;3;2;1;1;1;1;1;1;3;3;5;3;0;0;0;1;1;0;5;995;995;995;995;995;995;995;995;995;995;995;995;995;995;2;995;995;995;995;995;995;995;995;999;999;0;0;0;0;0;0;999;999;999;999;999;999;999;999;999;999;999;999;999;999;999;999;999;999;999;4;995;;OISSEL SUR SEINE;OISSELSURSEINE;3;2;15;2;1;997;2;997;2;41;1;4;997;997;997;997;41;4;2;3;2;3;;;;;;
838;2;2;3;3;1;1;1;2;2;1;1;0;0;0;0;0;0;0;2;5;3;5;2;5;2;4;1;4;3;4;3;3;1;3;2;3;2;3;3;5;2;0;1;0;0;1;0;4;995;995;995;995;995;995;995;995;995;995;995;995;995;995;2;995;995;995;995;995;995;995;995;999;999;0;1;0;0;0;0;3;1;4;3;3;2;3;2;3;3;3;2;2;2;2;3;2;995;3;2;995;;999;999;999;4;22;997;997;997;2;997;2;54;1;5;997;997;997;997;54;5;3;4;4;4;;;;;;
839;2;1;2;2;1;1;1;1;2;3;995;995;995;995;995;995;995;995;2;2;2;2;2;2;2;3;3;3;3;3;3;2;2;2;2;2;2;1;4;2;3;0;0;0;0;1;0;5;995;995;995;995;995;995;995;995;995;995;995;995;995;995;2;995;995;995;995;995;995;995;995;3;1;0;0;0;0;1;0;1;1;2;2;2;2;2;2;2;2;2;2;2;2;2;2;1;2;4;2;995;;LE HAVRE;LEHAVRE;1;1;19;5;997;997;2;997;2;44;1;5;997;997;997;997;44;5;3;3;1;4;;;;;;
840;2;1;1;1;2;2;1;1;1;2;0;0;0;0;0;0;0;0;1;1;1;1;1;1;1;2;2;2;2;2;2;1;1;1;1;1;1;1;1;999;3;1;1;1;0;0;0;1;1;1;0;0;0;0;0;0;0;0;0;0;0;0;2;995;995;995;995;995;995;995;995;3;1;0;0;0;0;1;0;3;2;995;2;1;1;1;1;1;999;999;999;999;999;999;999;1;1;1;4;995;;999;999;999;1;14;1;997;997;2;997;2;39;2;8;997;997;997;997;39;8;4;2;1;3;;;;;;
841;2;1;2;2;1;1;2;2;2;1;1;1;0;1;0;0;0;0;1;5;5;5;2;5;3;4;4;3;3;4;1;3;3;1;1;3;1;3;3;3;3;1;1;0;1;0;0;3;995;995;995;995;995;995;995;995;995;995;995;995;995;995;1;995;995;995;995;995;995;995;995;4;2;0;0;0;1;0;0;1;1;4;4;2;2;2;2;1;3;2;2;2;2;3;3;1;2;3;1;4;;LE GRAND QUEVILLY;LEGRANDQUEVILLY;1;2;24;6;4;997;2;997;2;47;1;5;997;997;997;997;47;5;3;3;2;4;;;;;;
842;2;2;2;1;1;1;2;2;2;3;995;995;995;995;995;995;995;995;2;3;1;2;5;3;2;3;2;2;4;1;2;2;2;1;3;1;2;3;3;5;2;0;0;1;0;1;0;4;995;995;995;995;995;995;995;995;995;995;995;995;995;995;2;995;995;995;995;995;995;995;995;3;1;0;1;0;0;0;0;2;2;995;3;1;1;1;2;999;999;2;2;2;2;3;3;2;995;3;2;995;;PETIT COURONNE;PETITCOURONNE;2;2;15;3;997;997;2;997;2;36;1;2;997;997;997;997;36;2;1;2;2;3;;;;;;
843;2;1;1;1;1;1;1;1;1;1;1;0;0;1;0;0;0;1;999;2;2;5;5;5;3;1;1;4;4;4;1;1;1;3;3;3;1;4;4;3;3;1;0;0;0;0;0;5;995;995;995;995;995;995;995;995;995;995;995;995;995;995;2;995;995;995;995;995;995;995;995;4;2;0;0;0;0;0;1;1;2;995;4;1;1;1;1;3;3;999;999;999;999;999;999;1;1;4;3;995;;LE HAVRE;LEHAVRE;1;2;24;6;6;997;2;997;2;46;1;5;997;997;997;997;46;5;3;3;2;4;;;;;;
844;2;1;2;2;3;3;2;2;1;2;0;0;0;0;0;0;0;0;2;3;1;1;5;1;1;2;2;2;4;2;2;2;2;2;3;2;2;3;3;4;3;1;0;1;1;0;0;1;999;995;995;995;995;995;995;995;995;995;995;995;995;995;2;995;995;995;995;995;995;995;995;2;2;0;0;1;0;0;0;2;2;995;1;2;2;2;2;2;3;2;2;2;2;3;3;1;2;4;1;2;;CANTELEU;CANTELEU;2;1;5;997;997;997;2;997;2;28;1;5;997;997;997;997;28;5;3;1;1;1;;;;;;
845;2;1;1;1;1;1;2;2;1;1;1;0;1;1;0;0;1;0;2;1;2;1;1;2;1;3;1;3;3;1;3;2;2;2;2;2;2;4;4;5;3;1;1;1;0;0;0;3;995;995;995;995;995;995;995;995;995;995;995;995;995;995;2;995;995;995;995;995;995;995;995;4;2;0;0;0;1;0;0;1;1;4;1;1;1;1;1;1;1;1;1;1;1;1;1;1;1;4;2;995;;LE HAVRE;LEHAVRE;1;2;23;6;3;997;2;997;2;49;1;5;997;997;997;997;49;5;3;3;2;4;;;;;;
846;2;2;2;2;1;1;999;999;2;1;0;0;1;1;0;1;0;0;1;2;2;2;2;2;5;2;1;2;2;1;4;2;1;2;2;2;3;3;3;5;3;1;0;0;1;1;0;5;995;995;995;995;995;995;995;995;995;995;995;995;995;995;2;995;995;995;995;995;995;995;995;4;2;0;0;0;1;0;0;3;1;4;1;1;1;1;1;1;3;999;999;999;999;999;999;1;1;4;999;999;;LE TREPORT;LETREPORT;2;1;23;5;997;997;2;997;2;47;1;5;997;997;997;997;47;5;3;3;1;4;;;;;;
847;2;2;3;2;1;1;1;2;2;2;0;0;0;0;0;0;0;0;1;2;1;2;2;2;2;2;1;2;2;2;2;1;1;1;1;1;1;4;3;5;3;1;0;0;0;0;0;2;1;0;0;0;0;0;0;1;0;0;0;0;0;0;2;995;995;995;995;995;995;995;995;2;2;0;0;0;1;0;0;1;2;995;4;2;1;2;2;1;2;2;2;2;3;3;3;1;2;4;1;4;;CANTELEU;CANTELEU;2;1;5;997;997;997;2;997;2;32;1;5;997;997;997;997;32;5;3;2;1;1;;;;;;
848;2;1;2;2;1;1;1;1;2;1;1;0;0;1;1;0;0;0;1;2;2;2;2;2;1;1;1;1;1;3;3;1;1;1;1;1;2;4;3;1;2;0;0;0;1;1;0;5;995;995;995;995;995;995;995;995;995;995;995;995;995;995;2;995;995;995;995;995;995;995;995;2;2;0;0;0;1;0;0;1;2;995;3;2;2;1;2;2;999;2;2;2;2;999;999;2;995;3;2;995;;PAVILLY;PAVILLY;2;2;24;6;3;997;2;997;2;52;1;5;997;997;997;997;52;5;3;4;2;4;;;;;;
849;2;2;1;1;1;2;1;2;2;1;1;0;1;0;0;0;1;0;2;2;3;1;5;5;3;3;1;1;4;3;3;2;2;2;3;2;2;2;2;1;3;0;1;1;0;1;0;5;995;995;995;995;995;995;995;995;995;995;995;995;995;995;2;995;995;995;995;995;995;995;995;1;999;0;0;0;0;1;0;2;2;995;2;2;2;2;2;2;999;2;999;999;2;999;3;1;2;3;999;999;;LE HAVRE;LEHAVRE;1;2;19;6;5;997;2;997;2;50;1;4;997;997;997;997;50;4;2;4;2;4;;;;;;
850;2;2;3;2;1;1;2;2;2;1;1;1;0;0;0;0;0;0;2;3;3;5;5;5;3;1;1;4;4;4;1;2;2;3;3;3;2;2;2;5;2;0;1;0;0;1;0;4;995;995;995;995;995;995;995;995;995;995;995;995;995;995;2;995;995;995;995;995;995;995;995;2;2;0;0;0;0;1;0;2;1;4;4;2;2;2;2;2;3;2;2;2;2;2;3;1;2;3;2;995;;NEUVILLE LES DIEPPE;NEUVILLELESDIEPPE;3;2;19;6;6;997;2;997;2;42;1;5;997;997;997;997;42;5;3;3;2;4;;;;;;
851;2;1;999;1;1;1;2;1;2;2;1;0;1;1;0;0;0;0;1;3;2;2;5;2;2;1;1;3;4;2;2;1;1;2;3;2;2;4;4;5;3;1;1;0;1;0;0;5;995;995;995;995;995;995;995;995;995;995;995;995;995;995;2;995;995;995;995;995;995;995;995;2;2;0;0;0;0;1;0;3;999;999;2;2;1;1;1;3;3;2;2;2;3;3;3;1;2;4;4;995;;DARNETAL;DARNETAL;1;1;5;997;997;997;2;997;2;31;1;5;997;997;997;997;31;5;3;2;1;1;;;;;;
852;2;2;2;1;1;1;1;1;1;1;1;1;0;1;1;1;0;0;1;2;3;2;1;3;1;999;1;2;2;1;999;1;1;2;2;1;2;2;3;1;1;0;0;1;0;1;0;4;995;995;995;995;995;995;995;995;995;995;995;995;995;995;2;995;995;995;995;995;995;995;995;999;2;0;1;0;0;0;0;2;1;4;3;2;2;2;1;1;1;2;2;2;2;1;2;1;2;3;2;995;;VARENGEVILLE SUR MER;VARENGEVILLESURMER;3;3;22;5;5;2;2;997;2;48;1;5;997;997;997;997;48;5;3;3;3;4;;;;;;
853;2;2;3;2;3;3;1;1;2;3;995;995;995;995;995;995;995;995;1;5;3;3;5;2;3;4;2;2;4;2;3;3;1;1;3;1;1;3;2;5;2;1;0;0;1;0;0;4;995;995;995;995;995;995;995;995;995;995;995;995;995;995;2;995;995;995;995;995;995;995;995;3;1;0;0;0;1;0;0;2;2;995;3;2;2;2;2;2;3;2;2;2;2;3;3;1;2;3;2;995;;SAINT ARNOULT;SAINTARNOULT;3;1;6;997;997;997;2;997;2;34;1;4;997;997;997;997;34;4;2;2;1;2;;;;;;
854;2;2;3;3;3;3;1;1;2;1;0;0;0;1;0;0;0;1;2;4;1;2;2;2;2;3;3;3;3;3;2;1;2;2;2;2;2;4;3;5;3;0;0;0;0;1;0;4;995;995;995;995;995;995;995;995;995;995;995;995;995;995;2;995;995;995;995;995;995;995;995;3;2;0;1;0;0;0;0;1;2;995;4;2;2;2;1;1;3;2;2;2;2;2;3;1;2;2;1;4;;NOTRE DAME DE BONDEVILLE;NOTREDAMEDEBONDEVILLE;1;3;16;2;997;997;2;997;2;42;1;3;997;997;997;997;42;3;1;3;3;3;;;;;;
855;2;2;999;2;1;1;1;1;3;1;0;0;1;0;0;0;0;0;1;999;4;2;2;3;4;3;3;3;1;3;3;2;1;2;1;1;1;4;4;1;3;0;0;0;0;1;0;5;995;995;995;995;995;995;995;995;995;995;995;995;995;995;2;995;995;995;995;995;995;995;995;2;1;0;1;0;0;0;0;3;2;995;2;2;2;2;1;1;3;2;2;999;2;1;3;1;2;2;2;995;;BIHOREL;BIHOREL;1;2;23;6;5;997;2;997;2;48;1;4;997;997;997;997;48;4;2;3;2;4;;;;;;
856;2;1;2;1;3;1;2;2;2;1;1;0;1;1;0;0;0;0;1;5;5;5;5;5;5;4;4;4;4;4;4;3;3;3;3;3;3;3;3;5;3;1;0;0;0;1;0;3;995;995;995;995;995;995;995;995;995;995;995;995;995;995;2;995;995;995;995;995;995;995;995;3;2;0;0;0;0;1;0;999;999;999;4;2;2;1;2;2;3;3;3;3;3;3;3;1;2;4;2;995;;MONCHAUX SORENG;MONCHAUXSORENG;3;2;22;6;6;997;2;997;2;42;1;6;997;997;997;997;42;6;3;3;2;4;;;;;;
857;2;2;3;3;1;1;1;2;2;1;1;1;0;0;0;0;1;0;1;3;2;1;2;3;2;3;3;2;2;3;3;2;2;2;2;2;2;3;3;5;3;1;0;0;0;1;0;4;995;995;995;995;995;995;995;995;995;995;995;995;995;995;2;995;995;995;995;995;995;995;995;3;2;0;0;0;1;0;0;2;2;995;3;2;1;2;1;1;3;2;2;2;2;2;3;1;2;4;1;4;;GODERVILLE;GODERVILLE;3;2;23;6;3;997;2;997;2;48;1;5;997;997;997;997;48;5;3;3;2;4;;;;;;
858;2;2;2;2;1;1;2;1;1;1;0;0;0;1;0;0;1;0;999;1;2;4;1;4;1;2;2;3;2;3;2;1;2;1;2;1;2;3;3;4;3;0;1;0;0;0;0;4;995;995;995;995;995;995;995;995;995;995;995;995;995;995;2;995;995;995;995;995;995;995;995;999;999;0;0;0;0;0;0;999;999;999;999;999;999;999;999;999;999;999;999;999;999;999;999;999;999;999;4;995;;GRAIMBOUVILLE;GRAIMBOUVILLE;3;2;23;6;5;997;2;997;2;52;1;4;997;997;997;997;52;4;2;4;2;4;;;;;;
859;2;1;1;1;1;1;1;1;1;1;1;0;0;1;0;0;0;1;1;1;1;1;1;1;1;3;3;3;3;3;3;1;1;1;1;1;1;4;4;1;2;1;1;0;1;0;0;3;995;995;995;995;995;995;995;995;995;995;995;995;995;995;2;995;995;995;995;995;995;995;995;1;2;0;0;0;0;1;0;3;2;995;3;999;999;999;999;999;999;999;999;999;999;999;999;1;999;3;1;1;;NEUVILLE LES DIEPPE;NEUVILLELESDIEPPE;3;3;19;5;2;997;2;997;2;47;2;8;997;997;997;997;47;8;4;3;3;4;;;;;;
860;2;1;1;1;1;1;2;2;1;1;1;0;1;0;0;0;0;0;1;3;2;5;5;5;3;3;1;4;4;4;3;2;1;3;3;3;2;3;4;3;2;1;1;1;0;0;0;5;995;995;995;995;995;995;995;995;995;995;995;995;995;995;2;995;995;995;995;995;995;995;995;4;2;0;0;0;0;1;0;2;2;995;2;2;2;2;1;3;3;2;3;2;3;3;3;2;995;3;1;6;;LE HAVRE;LEHAVRE;1;1;16;6;997;997;2;997;2;42;2;8;997;997;997;997;42;8;4;3;1;3;;;;;;
861;2;1;1;2;2;1;2;1;1;1;1;1;1;1;0;0;0;0;1;2;3;5;5;5;2;1;3;4;4;4;2;1;1;1;1;1;1;4;4;4;1;1;0;1;1;0;0;5;995;995;995;995;995;995;995;995;995;995;995;995;995;995;2;995;995;995;995;995;995;995;995;1;2;0;0;0;1;0;0;1;2;995;4;2;1;1;1;3;3;2;3;1;1;3;3;1;2;4;2;995;;LE HAVRE;LEHAVRE;1;4;;6;6;6;2;997;2;55;2;8;997;997;997;997;55;8;4;4;4;1;;;;;;
862;2;3;1;1;1;1;1;1;2;1;1;0;1;1;0;0;0;0;1;1;1;1;1;1;1;1;2;2;3;3;2;1;1;1;1;1;1;1;4;1;2;1;1;0;0;0;0;5;995;995;995;995;995;995;995;995;995;995;995;995;995;995;2;995;995;995;995;995;995;995;995;3;2;0;0;0;1;0;0;1;1;4;4;2;1;1;1;1;2;2;1;1;1;1;2;2;995;4;2;995;;999;999;999;5;;6;6;6;2;997;2;54;2;8;997;997;997;997;54;8;4;4;4;1;;;;;;
863;2;2;3;1;1;1;1;1;1;1;0;0;1;1;0;1;0;0;1;2;3;5;5;3;2;1;1;4;4;2;1;1;1;3;3;2;1;3;2;2;3;0;0;1;0;1;0;5;995;995;995;995;995;995;995;995;995;995;995;995;995;995;2;995;995;995;995;995;995;995;995;4;999;0;0;0;0;0;0;999;999;999;999;2;2;2;2;1;3;2;2;2;2;3;3;1;2;4;999;999;;999;999;999;1;20;6;997;997;2;997;2;56;1;5;997;997;997;997;56;5;3;4;1;4;;;;;;
864;2;2;3;2;3;3;2;2;2;3;995;995;995;995;995;995;995;995;1;2;3;2;5;3;3;2;3;1;4;3;3;1;1;1;3;2;2;3;3;3;2;0;0;1;1;1;0;4;995;995;995;995;995;995;995;995;995;995;995;995;995;995;2;995;995;995;995;995;995;995;995;3;2;0;0;0;0;0;1;3;2;995;2;2;2;2;2;2;3;2;2;2;2;2;3;1;2;3;2;995;;LE HAVRE;LEHAVRE;1;1;12;997;997;997;2;997;2;44;1;5;997;997;997;997;44;5;3;3;1;3;;;;;;
865;2;2;2;2;3;3;2;2;2;1;0;0;1;1;0;0;0;0;1;5;1;1;5;2;5;4;1;3;4;3;4;3;1;2;3;2;3;4;4;4;2;1;1;0;1;0;0;5;995;995;995;995;995;995;995;995;995;995;995;995;995;995;2;995;995;995;995;995;995;995;995;3;1;0;1;0;0;0;0;2;2;995;3;1;1;1;999;3;3;2;1;2;999;3;3;1;2;3;4;995;;AMFREVILLE LA MIVOIE;AMFREVILLELAMIVOIE;1;1;7;997;997;997;2;997;2;27;2;8;997;997;997;997;27;8;4;1;1;2;;;;;;
866;2;1;1;3;1;1;2;1;1;1;1;0;1;1;0;0;1;0;1;5;4;2;5;1;3;4;3;2;3;2;3;3;1;1;2;2;3;3;1;4;1;1;1;1;0;0;0;5;995;995;995;995;995;995;995;995;995;995;995;995;995;995;2;995;995;995;995;995;995;995;995;1;2;1;0;0;0;0;0;3;2;995;4;1;1;1;1;3;3;2;2;2;3;3;3;2;995;3;1;5;;LE HAVRE;LEHAVRE;1;2;11;997;997;997;2;997;2;32;2;8;997;997;997;997;32;8;4;2;2;2;;;;;;
867;2;1;3;2;3;3;2;2;2;1;0;1;1;1;0;0;0;0;2;2;2;2;2;2;1;2;2;2;2;1;2;2;2;2;2;2;2;2;2;5;3;1;0;1;0;0;0;2;1;0;0;0;0;0;0;0;1;0;0;0;0;0;1;2;0;0;0;0;1;0;0;3;1;0;0;0;0;0;1;2;1;3;3;2;2;2;2;2;2;2;2;2;2;2;2;1;2;3;2;995;;SOTTEVILLE LES ROUEN;SOTTEVILLELESROUEN;1;2;21;5;1;997;2;997;2;54;1;5;997;997;997;997;54;5;3;4;2;4;;;;;;
868;2;1;1;1;2;2;2;2;1;1;1;0;1;1;1;0;0;1;1;999;999;999;999;999;999;999;999;999;999;999;999;999;999;999;999;999;999;4;4;5;3;1;1;1;0;0;0;1;1;1;0;0;0;0;0;0;0;0;0;0;0;0;2;995;995;995;995;995;995;995;995;4;2;0;0;0;0;1;0;999;2;999;4;1;1;1;1;1;999;999;999;999;999;999;999;1;1;4;1;999;;CLASVILLE;CLASVILLE;3;3;24;6;6;6;2;997;2;55;1;5;997;997;997;997;55;5;3;4;3;4;;;;;;
869;2;2;3;2;1;1;2;2;2;1;1;0;1;1;0;0;0;0;999;5;3;2;5;3;2;4;1;3;4;3;3;3;1;2;3;2;2;3;3;2;3;1;1;0;0;1;0;4;995;995;995;995;995;995;995;995;995;995;995;995;995;995;2;995;995;995;995;995;995;995;995;999;2;0;0;0;1;0;0;2;1;4;3;2;2;2;2;2;3;2;2;2;2;2;3;1;2;2;2;995;;YVETOT;YVETOT;2;2;19;6;2;997;2;997;2;47;1;5;997;997;997;997;47;5;3;3;2;4;;;;;;
870;2;2;2;2;2;1;1;2;2;1;1;0;1;1;0;0;0;0;1;5;3;3;5;2;5;3;3;3;999;3;999;3;2;999;999;2;2;3;2;2;3;0;0;1;1;1;0;2;1;0;0;0;0;0;0;0;0;0;1;0;0;0;999;2;0;0;0;0;0;0;0;999;2;0;0;1;0;0;0;1;2;995;2;2;2;2;2;2;2;2;2;2;2;2;2;1;2;3;2;995;;SAINT JEAN DU CARDONNAY;SAINTJEANDUCARDONNAY;3;1;11;1;997;997;2;997;2;50;1;3;997;997;997;997;50;3;1;4;1;2;;;;;;
871;2;999;3;1;1;1;1;2;2;2;0;0;0;0;0;0;0;0;2;3;1;2;5;2;2;3;1;3;4;1;1;1;1;1;2;1;1;2;3;2;3;0;0;1;1;1;0;3;995;995;995;995;995;995;995;995;995;995;995;995;995;995;2;995;995;995;995;995;995;995;995;3;2;0;0;0;0;1;0;2;2;995;4;2;2;2;1;1;999;999;999;999;999;999;3;1;2;3;1;1;;PETIT QUEVILLY;PETITQUEVILLY;1;4;24;6;6;2;1;1;1;55;1;5;2;55;1;5;55;5;3;4;4;4;;;;;;
872;2;2;2;2;1;1;2;2;2;1;1;0;0;1;0;0;1;0;1;5;3;4;5;3;3;1;1;3;1;3;1;3;2;1;3;2;1;4;3;1;3;1;0;1;1;0;0;2;1;0;1;0;0;0;0;0;0;0;0;0;0;0;2;995;995;995;995;995;995;995;995;3;1;0;0;0;0;1;0;999;999;999;2;2;1;2;1;1;999;2;2;2;2;2;999;1;2;4;1;6;;SAINT LEGER DU BOURG LEGER;SAINTLEGERDUBOURGLEGER;2;1;10;997;997;997;2;997;2;43;1;4;997;997;997;997;43;4;2;3;1;2;;;;;;
873;2;2;2;3;1;3;2;1;2;1;1;1;0;0;0;0;0;0;2;5;3;2;2;5;2;4;3;3;3;4;2;3;2;2;2;2;2;3;3;5;3;1;0;0;1;0;0;3;995;995;995;995;995;995;995;995;995;995;995;995;995;995;2;995;995;995;995;995;995;995;995;3;2;0;0;0;0;1;0;2;2;995;4;2;2;2;1;1;3;2;2;2;2;2;2;1;1;3;2;995;;LE GRAND QUEVILLY;LEGRANDQUEVILLY;1;1;19;5;997;997;2;997;2;44;1;5;997;997;997;997;44;5;3;3;1;4;;;;;;
874;2;2;3;2;2;2;1;1;2;1;0;0;1;1;0;0;0;0;999;3;2;1;1;2;2;1;1;1;1;2;2;1;2;2;2;2;2;3;3;4;3;1;0;1;0;1;0;3;995;995;995;995;995;995;995;995;995;995;995;995;995;995;2;995;995;995;995;995;995;995;995;4;2;0;0;0;1;0;0;2;2;995;2;2;2;1;2;1;2;2;2;2;2;2;2;1;2;4;1;3;;LE GRAND QUEVILLY;LEGRANDQUEVILLY;1;1;5;997;997;997;2;997;2;36;1;5;997;997;997;997;36;5;3;2;1;1;;;;;;
875;2;2;1;2;3;1;2;2;2;1;1;0;1;1;0;0;1;0;1;2;3;3;2;2;3;3;1;1;1;1;3;1;1;1;1;1;1;3;3;3;3;1;1;0;1;0;0;1;2;995;995;995;995;995;995;995;995;995;995;995;995;995;2;995;995;995;995;995;995;995;995;3;2;0;0;0;1;0;0;1;2;995;2;2;2;2;1;1;3;2;2;2;2;2;3;1;2;3;2;995;;SOTTEVILLE LES ROUEN;SOTTEVILLELESROUEN;1;1;20;5;997;997;2;997;2;46;1;5;997;997;997;997;46;5;3;3;1;4;;;;;;
876;2;1;3;1;1;1;1;1;2;1;1;0;1;1;0;1;0;0;999;1;2;1;1;2;1;3;1;3;3;3;3;1;1;1;1;1;1;4;4;4;3;1;1;1;0;0;0;5;995;995;995;995;995;995;995;995;995;995;995;995;995;995;2;995;995;995;995;995;995;995;995;999;2;0;0;0;0;0;0;2;2;995;4;999;999;999;1;1;3;2;2;2;2;2;3;2;995;4;1;6;;YVETOT;YVETOT;2;4;23;6;5;2;2;997;2;47;2;8;997;997;997;997;47;8;4;3;4;4;;;;;;
877;2;1;2;1;1;1;1;1;2;1;0;0;1;0;0;0;0;0;1;3;4;3;3;3;3;3;3;3;3;3;3;2;2;2;2;2;2;3;3;5;3;0;0;1;0;0;0;3;995;995;995;995;995;995;995;995;995;995;995;995;995;995;2;995;995;995;995;995;995;995;995;1;2;0;0;0;1;0;0;3;2;995;2;2;2;2;2;2;3;2;2;2;2;2;3;1;2;4;1;4;;LE HAVRE;LEHAVRE;1;4;19;6;6;5;2;997;2;55;1;4;997;997;997;997;55;4;2;4;4;4;;;;;;
878;2;2;3;2;3;3;2;1;2;1;1;1;0;1;0;0;0;0;999;3;2;2;5;3;2;3;1;3;4;3;3;2;1;2;3;1;2;4;4;3;3;1;0;1;1;0;0;5;995;995;995;995;995;995;995;995;995;995;995;995;995;995;2;995;995;995;995;995;995;995;995;3;2;1;0;0;0;0;0;3;2;995;2;2;2;2;2;1;3;2;2;2;2;3;3;1;1;3;4;995;;LE HAVRE;LEHAVRE;1;3;21;6;3;997;2;997;2;46;2;7;997;997;997;997;46;7;4;3;3;4;;;;;;
879;2;2;1;2;2;2;1;2;2;2;0;0;0;0;0;0;0;0;1;3;2;2;2;2;1;3;2;2;2;2;1;1;1;1;1;1;2;3;3;2;3;1;1;0;0;1;0;4;995;995;995;995;995;995;995;995;995;995;995;995;995;995;2;995;995;995;995;995;995;995;995;3;2;0;0;0;1;0;0;2;1;4;4;1;1;1;1;1;999;999;999;999;999;999;3;1;2;3;2;995;;OURVILLE EN CAUX;OURVILLEENCAUX;3;2;19;5;2;997;2;997;1;45;1;5;997;997;997;997;45;5;3;3;2;4;;;;;;
880;2;1;3;1;1;2;1;2;2;1;1;0;0;0;0;0;0;0;1;4;3;2;1;2;1;2;1;2;2;1;2;1;1;2;2;1;2;4;4;5;3;1;0;0;0;0;0;2;1;0;0;0;0;0;0;0;0;0;1;0;0;0;2;995;995;995;995;995;995;995;995;3;2;0;0;1;0;0;0;2;2;995;4;2;1;1;1;2;2;2;1;1;1;2;2;1;2;4;1;3;;NULLEMONT;NULLEMONT;3;4;23;6;6;1;2;997;2;49;1;5;997;997;997;997;49;5;3;3;4;4;;;;;;
881;2;1;2;3;2;2;2;2;1;2;0;0;0;0;0;0;0;0;2;2;1;1;1;2;2;4;2;4;2;1;2;2;1;1;1;1;1;1;4;1;1;0;1;0;1;0;0;3;995;995;995;995;995;995;995;995;995;995;995;995;995;995;1;1;995;995;995;995;995;995;995;999;1;0;0;0;0;1;0;2;1;4;3;2;2;2;2;2;2;2;2;2;2;2;2;2;995;1;1;1;;FECAMP;FECAMP;2;1;18;6;997;997;2;997;2;43;2;8;997;997;997;997;43;8;4;3;1;4;;;;;;
882;2;2;2;2;1;1;2;2;2;1;1;0;0;1;0;0;0;0;2;2;999;3;5;2;2;1;1;1;1;1;1;1;1;1;1;1;1;3;3;4;2;1;0;0;0;0;0;2;1;1;0;0;0;0;0;0;0;0;0;0;0;0;2;995;995;995;995;995;995;995;995;3;2;0;0;0;1;0;0;2;1;4;3;1;1;1;1;1;1;999;999;999;999;999;999;1;2;3;2;995;;999;999;999;1;16;3;997;997;2;997;2;56;2;8;997;997;997;997;56;8;4;4;1;3;;;;;;
883;2;1;1;1;1;1;1;1;1;1;0;0;1;1;0;0;0;0;1;2;1;1;1;999;999;1;1;1;1;1;1;1;1;999;999;999;999;999;4;3;3;1;1;0;0;0;0;1;2;995;995;995;995;995;995;995;995;995;995;995;995;995;1;1;995;995;995;995;995;995;995;999;2;0;0;0;1;0;0;2;2;995;2;1;1;999;1;999;999;2;2;2;2;2;2;1;999;2;1;6;;GRAND COURONNE;GRANDCOURONNE;2;2;16;4;997;997;2;997;2;40;1;5;997;997;997;997;40;5;3;3;2;3;;;;;;
884;2;1;2;1;1;1;1;1;2;1;1;0;0;1;0;0;0;0;2;5;2;2;5;2;2;4;1;1;4;1;1;3;2;2;3;2;2;3;1;2;3;1;1;1;0;0;0;999;1;1;0;0;0;0;0;0;0;0;0;0;0;0;2;995;995;995;995;995;995;995;995;999;999;1;0;0;0;0;0;3;2;995;4;2;2;2;2;1;3;2;2;2;2;1;3;999;999;4;1;1;;SOTTEVILLE LES ROUEN;SOTTEVILLELESROUEN;1;1;10;997;997;997;2;997;2;40;2;8;997;997;997;997;40;8;4;3;1;2;;;;;;
885;2;1;1;1;1;3;1;2;1;1;1;0;1;0;0;0;0;0;999;2;2;1;1;2;2;3;3;3;3;3;3;2;2;2;2;2;2;3;3;5;3;0;0;0;0;1;0;3;995;995;995;995;995;995;995;995;995;995;995;995;995;995;2;995;995;995;995;995;995;995;995;2;2;0;0;0;1;0;0;3;2;995;4;2;1;2;2;1;3;2;2;2;2;3;3;1;2;4;2;995;;SAINT NICOLAS D'ALIERMONT;SAINTNICOLASDALIERMONT;3;2;24;6;5;997;2;997;1;52;1;5;997;997;997;997;52;5;3;4;2;4;;;;;;
886;2;2;3;4;1;1;1;1;1;1;1;1;0;1;0;0;0;1;1;3;2;2;2;3;2;3;2;2;999;3;2;1;2;1;1;1;1;4;4;3;3;1;1;1;0;0;0;5;995;995;995;995;995;995;995;995;995;995;995;995;995;995;1;1;995;995;995;995;995;995;995;2;2;0;0;0;1;0;0;2;1;4;4;2;1;1;1;1;3;2;2;1;1;2;3;1;2;4;2;995;;ROUEN;ROUEN;1;3;23;6;6;5;2;997;2;51;1;5;997;997;997;997;51;5;3;4;3;4;;;;;;
887;2;2;3;2;1;1;1;1;2;1;1;0;0;1;0;0;0;0;999;3;3;2;2;2;2;2;2;2;2;3;2;1;1;1;1;1;1;3;3;1;3;0;1;0;0;1;0;3;995;995;995;995;995;995;995;995;995;995;995;995;995;995;2;995;995;995;995;995;995;995;995;2;1;0;1;0;0;0;0;1;2;995;4;2;2;2;2;2;3;999;999;999;999;999;999;1;2;4;1;5;;LE GRAND QUEVILLY;LEGRANDQUEVILLY;1;2;24;5;5;997;2;997;1;55;1;3;997;997;997;997;55;3;1;4;2;4;;;;;;
888;2;2;3;2;1;2;2;2;2;1;1;0;1;0;0;0;0;0;2;3;2;3;3;3;2;3;1;3;3;3;2;1;1;1;1;1;2;3;3;2;3;1;1;1;0;0;0;4;995;995;995;995;995;995;995;995;995;995;995;995;995;995;2;995;995;995;995;995;995;995;995;999;2;0;1;0;0;0;0;2;2;995;2;2;2;2;1;3;3;2;2;2;2;3;3;1;2;3;1;1;;SOTTEVILLE LES ROUEN;SOTTEVILLELESROUEN;1;2;16;2;1;997;2;997;2;40;1;4;997;997;997;997;40;4;2;3;2;3;;;;;;
889;2;3;3;2;3;1;1;1;2;3;995;995;995;995;995;995;995;995;1;5;3;3;5;5;5;4;3;3;4;4;4;3;1;1;3;3;3;3;3;2;2;1;0;0;1;0;0;5;995;995;995;995;995;995;995;995;995;995;995;995;995;995;2;995;995;995;995;995;995;995;995;3;1;0;0;0;0;1;0;3;2;995;4;1;2;1;2;2;3;2;2;2;2;2;3;1;2;4;4;995;;BOLBEC;BOLBEC;2;2;5;997;997;997;1;999;2;29;1;2;1;29;1;2;29;2;1;1;2;1;;;;;;
890;2;1;3;3;1;1;2;2;2;1;0;0;1;1;0;0;0;0;2;5;2;5;5;5;5;4;3;4;4;4;4;3;2;3;3;3;3;2;3;999;1;0;0;0;0;0;1;5;995;995;995;995;995;995;995;995;995;995;995;995;995;995;2;995;995;995;995;995;995;995;995;2;2;0;0;0;1;0;0;2;2;995;2;2;2;2;2;2;2;2;2;2;2;2;2;1;2;3;2;995;;BOLBEC;BOLBEC;2;1;3;997;997;997;1;999;2;31;1;4;1;31;1;3;31;3;1;2;1;1;;;;;;
891;2;1;1;3;3;3;1;1;1;1;0;1;0;1;1;0;0;0;2;999;999;999;999;999;999;999;999;999;999;999;999;999;999;999;999;999;999;4;3;5;2;0;0;0;1;1;0;3;995;995;995;995;995;995;995;995;995;995;995;995;995;995;2;995;995;995;995;995;995;995;995;1;999;0;0;0;0;0;0;999;999;999;999;2;2;1;1;1;1;999;999;999;999;999;999;1;2;4;1;7;Aux familles vraiment dans le besoin;ANNOUVILLE LE VILMESNIL;ANNOUVILLELEVILMESNIL;3;2;23;6;6;997;1;999;1;51;1;5;2;51;1;5;51;5;3;4;2;4;;;;;;
892;2;2;2;2;1;1;1;1;2;1;1;1;0;1;0;1;0;0;1;2;2;2;999;2;2;3;3;3;3;3;3;1;1;1;1;1;1;3;3;2;3;0;0;0;0;1;0;4;995;995;995;995;995;995;995;995;995;995;995;995;995;995;2;995;995;995;995;995;995;995;995;999;2;0;0;0;1;0;0;2;2;995;4;2;2;2;1;2;999;2;2;2;2;2;999;1;2;3;1;4;;MONTVILLE;MONTVILLE;2;2;15;2;997;997;1;999;2;42;1;6;1;42;1;6;42;6;3;3;2;3;;;;;;
893;2;2;2;1;1;1;1;1;2;1;1;1;1;0;0;0;0;0;1;5;3;2;5;999;2;4;3;1;4;999;1;1;1;1;1;1;1;3;3;3;3;0;0;0;0;1;0;5;995;995;995;995;995;995;995;995;995;995;995;995;995;995;2;995;995;995;995;995;995;995;995;999;2;1;0;0;0;0;0;2;2;995;4;2;2;2;1;2;3;2;2;2;2;3;3;1;2;4;2;995;;BARENTIN;BARENTIN;2;4;;6;6;6;1;999;2;50;1;6;1;50;1;6;50;6;3;4;4;1;;;;;;
894;2;2;3;2;1;1;1;2;2;1;0;0;1;1;0;0;0;0;2;2;3;3;5;3;3;3;3;3;4;3;3;1;1;1;3;1;1;3;3;5;3;0;0;1;1;0;0;5;995;995;995;995;995;995;995;995;995;995;995;995;995;995;2;995;995;995;995;995;995;995;995;4;2;0;0;0;0;1;0;2;2;995;3;2;2;2;2;1;3;2;2;2;2;2;3;1;2;3;4;995;;LE HAVRE;LEHAVRE;1;2;8;997;997;997;1;999;2;35;1;5;1;35;1;5;35;5;3;2;2;2;;;;;;
895;2;2;3;2;1;1;1;2;2;1;1;0;1;0;0;0;0;0;1;2;3;3;3;2;2;1;3;3;3;3;3;1;2;1;1;1;1;2;3;5;2;0;0;1;0;1;0;5;995;995;995;995;995;995;995;995;995;995;995;995;995;995;2;995;995;995;995;995;995;995;995;999;2;0;0;0;1;0;0;3;2;995;2;2;2;2;2;2;3;2;2;2;2;2;3;1;2;4;2;995;;GRAND COURONNE;GRANDCOURONNE;2;2;16;2;1;997;1;999;2;41;1;3;1;41;1;3;41;3;1;3;2;3;;;;;;
896;2;2;3;3;1;1;2;2;1;1;1;0;0;1;0;0;1;0;1;3;2;3;1;2;1;1;1;3;1;1;1;1;1;1;1;1;1;4;4;4;3;1;0;0;0;0;0;3;995;995;995;995;995;995;995;995;995;995;995;995;995;995;2;995;995;995;995;995;995;995;995;4;2;0;0;0;0;1;0;3;2;995;4;1;2;1;1;2;3;2;2;2;2;3;3;1;2;3;2;995;;SAINT LEONARD;SAINTLEONARD;2;1;13;1;997;997;1;2;2;37;1;5;1;37;1;5;37;5;3;2;1;3;;;;;;
897;2;1;2;1;1;1;1;1;1;1;0;1;1;1;0;0;0;0;1;3;1;3;5;2;2;1;2;4;4;2;3;1;1;1;3;1;1;4;4;2;3;0;0;0;0;1;0;5;995;995;995;995;995;995;995;995;995;995;995;995;995;995;1;2;0;0;0;0;0;1;0;2;2;0;0;0;0;1;0;2;2;995;4;2;2;2;1;1;3;2;2;2;2;2;3;1;1;4;4;995;;LILLEBONNE;LILLEBONNE;2;1;6;997;997;997;2;997;2;36;1;5;997;997;997;997;36;5;3;2;1;2;;;;;;
898;2;1;2;2;1;1;1;1;1;1;1;0;1;1;0;0;0;0;1;3;2;2;2;1;1;3;3;3;3;1;1;1;2;2;2;1;1;3;3;5;2;1;1;1;0;0;0;1;2;995;995;995;995;995;995;995;995;995;995;995;995;995;2;995;995;995;995;995;995;995;995;4;2;1;0;0;0;0;0;2;2;995;4;2;2;2;2;2;2;999;999;999;999;999;999;1;999;3;1;7;Un mélange selon les besoins de chacun;LE PETIT QUEVILLY;LEPETITQUEVILLY;1;3;14;997;997;997;2;997;2;40;1;6;997;997;997;997;40;6;3;3;3;3;;;;;;
899;2;2;1;1;1;1;2;2;1;1;1;1;0;1;0;0;0;0;1;1;2;2;5;4;4;3;3;999;1;1;3;1;1;1;3;2;2;2;2;1;3;0;0;0;0;1;0;5;995;995;995;995;995;995;995;995;995;995;995;995;995;995;999;2;0;0;0;0;0;0;0;999;1;0;0;0;0;0;0;2;2;995;4;2;2;2;2;2;2;2;2;2;2;2;2;1;2;3;999;999;;LE MESNIL ESNARD;LEMESNILESNARD;1;3;17;2;2;2;1;999;2;49;1;3;1;49;1;3;49;3;1;3;3;3;;;;;;
900;2;1;4;2;1;3;2;2;1;1;1;1;1;1;0;0;0;0;2;2;3;3;1;2;2;2;2;2;2;2;2;1;1;1;1;1;1;3;3;2;3;0;0;1;1;1;0;2;2;995;995;995;995;995;995;995;995;995;995;995;995;995;2;995;995;995;995;995;995;995;995;4;2;0;0;0;1;0;0;2;2;995;2;2;2;2;1;2;3;2;2;2;2;2;999;1;2;2;1;1;;MELAMARE;MELAMARE;3;2;3;997;997;997;1;999;2;31;1;3;1;31;1;3;31;3;1;2;2;1;;;;;;
901;2;1;2;2;1;1;1;1;2;1;1;1;1;1;0;0;0;0;1;3;2;3;5;3;2;1;1;1;1;3;1;1;1;1;1;1;1;3;3;5;3;1;0;0;1;0;0;2;2;995;995;995;995;995;995;995;995;995;995;995;995;995;2;995;995;995;995;995;995;995;995;4;2;0;0;0;0;1;0;2;2;995;4;2;2;2;2;2;3;2;2;2;2;2;2;1;2;4;2;995;;FREVILLE;FREVILLE;3;1;19;6;997;997;1;999;2;47;1;5;1;47;2;5;47;5;3;3;1;4;;;;;;
902;2;999;2;1;1;1;1;1;1;1;1;0;0;1;1;0;1;0;999;1;2;2;1;1;5;2;1;1;2;1;4;1;1;2;1;1;3;4;4;1;3;0;1;0;0;1;0;5;995;995;995;995;995;995;995;995;995;995;995;995;995;995;2;995;995;995;995;995;995;995;995;2;2;0;1;0;0;0;0;2;1;3;4;2;1;2;1;1;999;999;999;999;999;999;3;2;995;3;4;995;;SAINT ETIENNE DU ROUVRAY;SAINTETIENNEDUROUVRAY;1;4;11;997;997;997;1;999;2;30;1;5;1;30;2;5;30;5;3;2;4;2;;;;;;
903;2;1;1;1;1;1;1;1;1;1;1;0;1;1;0;0;0;0;1;2;2;1;999;1;1;1;1;2;2;2;2;1;1;2;999;1;1;3;3;5;3;1;1;1;0;0;0;3;995;995;995;995;995;995;995;995;995;995;995;995;995;995;2;995;995;995;995;995;995;995;995;3;1;0;0;0;1;0;0;1;2;995;4;2;2;1;2;2;999;2;2;2;2;2;999;1;2;4;1;6;;SAINT EUSTACHE LA FORET;SAINTEUSTACHELAFORET;2;3;24;6;6;6;1;999;1;52;1;6;2;52;1;6;52;6;3;4;3;4;;;;;;
904;2;1;2;2;1;1;1;1;1;1;1;0;0;1;0;0;0;0;1;3;2;1;3;2;2;999;999;999;999;999;999;2;2;1;2;2;2;3;3;1;2;0;0;0;0;1;0;2;995;995;995;995;995;995;995;995;995;995;995;995;995;995;2;995;995;995;995;995;995;995;995;999;999;0;0;0;0;0;0;999;999;999;999;999;999;999;999;999;999;999;999;999;999;999;2;1;2;3;1;4;;BOLBEC;BOLBEC;2;2;15;3;997;997;1;999;1;38;1;5;2;38;1;5;38;5;3;2;2;3;;;;;;
905;2;2;2;1;3;3;1;1;2;3;995;995;995;995;995;995;995;995;2;5;3;2;2;3;1;4;3;2;2;2;2;3;1;1;1;1;2;3;3;5;3;0;0;0;0;1;0;5;995;995;995;995;995;995;995;995;995;995;995;995;995;995;2;995;995;995;995;995;995;995;995;3;1;0;0;0;1;0;0;2;2;995;4;2;1;2;1;3;3;2;2;2;2;2;2;1;2;4;4;995;;TROUVILLE ALLIQUERVILLE;TROUVILLEALLIQUERVILLE;3;2;22;5;5;997;1;999;2;48;1;5;1;48;1;5;48;5;3;3;2;4;;;;;;
906;2;2;1;1;1;1;1;1;2;1;1;0;0;1;0;0;0;0;1;5;3;3;5;5;5;4;1;999;4;4;4;3;1;999;3;3;3;3;3;3;3;0;0;0;1;1;0;3;995;995;995;995;995;995;995;995;995;995;995;995;995;995;2;995;995;995;995;995;995;995;995;4;2;0;0;0;1;0;0;1;2;995;999;2;1;1;1;1;3;2;2;2;3;2;3;1;2;4;999;4;;MELAMARE;MELAMARE;3;3;13;1;997;997;1;999;2;38;1;5;1;38;1;5;38;5;3;2;3;3;;;;;;
907;2;2;2;2;1;1;2;1;2;3;995;995;995;995;995;995;995;995;999;2;2;2;2;2;2;3;3;3;3;3;3;1;1;1;1;1;1;3;3;5;3;0;0;1;1;1;0;4;995;995;995;995;995;995;995;995;995;995;995;995;995;995;2;995;995;995;995;995;995;995;995;999;2;0;0;0;1;0;0;3;2;995;3;2;2;1;1;2;3;2;2;2;2;2;3;1;2;4;1;1;;BARENTIN;BARENTIN;2;3;23;6;5;997;1;999;2;45;1;5;1;45;1;5;45;5;3;3;3;4;;;;;;
908;2;2;3;1;1;1;1;2;2;1;1;0;1;1;0;0;1;0;999;1;3;3;5;4;2;3;3;3;4;3;1;2;1;1;3;1;1;4;4;5;3;1;0;1;1;0;0;5;995;995;995;995;995;995;995;995;995;995;995;995;995;995;2;995;995;995;995;995;995;995;995;4;2;0;0;0;0;1;0;3;1;4;4;1;1;1;1;2;3;1;2;2;1;3;3;1;2;2;4;995;;FECAMP;FECAMP;2;1;8;997;997;997;1;1;2;41;1;5;1;41;2;5;41;5;3;3;1;2;;;;;;
909;2;1;2;1;2;2;1;1;1;1;0;0;0;1;0;1;0;0;2;2;2;2;1;2;2;2;3;2;2;999;2;1;2;1;1;1;1;3;4;1;2;1;0;0;1;0;0;1;1;0;0;1;0;0;0;0;0;0;0;0;0;0;2;995;995;995;995;995;995;995;995;3;2;1;0;0;0;0;0;3;1;4;3;2;2;2;2;2;2;999;999;999;999;999;2;1;2;3;2;995;;FRANQUEVILLE SAINT PIERRE;FRANQUEVILLESAINTPIERRE;2;4;23;6;6;5;1;999;2;56;2;7;1;56;2;7;56;7;4;4;4;4;;;;;;
910;2;1;2;1;3;3;1;1;1;1;1;0;0;1;0;0;0;1;1;5;5;5;1;5;5;4;1;4;1;4;4;3;1;3;1;3;3;4;4;4;3;1;1;1;0;0;0;5;995;995;995;995;995;995;995;995;995;995;995;995;995;995;1;2;0;0;0;0;0;1;0;4;2;1;0;0;0;0;0;2;2;995;3;2;1;1;1;1;3;1;1;1;3;1;3;1;2;4;2;995;;YVETOT;YVETOT;2;2;7;997;997;997;1;2;2;31;1;5;1;31;1;5;31;5;3;2;2;2;;;;;;
911;2;2;2;1;1;1;1;1;2;1;1;0;0;1;0;0;0;0;1;1;2;1;3;1;5;1;1;2;1;2;4;2;1;2;1;2;3;3;3;3;3;0;1;0;1;0;0;3;995;995;995;995;995;995;995;995;995;995;995;995;995;995;2;995;995;995;995;995;995;995;995;3;2;0;0;1;0;0;0;1;2;995;4;2;1;2;1;1;2;999;999;999;999;999;2;1;2;3;2;995;;ROUEN;ROUEN;1;2;20;5;2;997;1;999;2;45;2;8;1;45;1;8;45;8;4;3;2;4;;;;;;
912;2;1;2;1;1;1;1;2;1;1;1;0;1;1;0;0;0;0;1;3;2;1;999;3;1;3;2;2;999;3;1;2;2;2;999;3;2;3;3;1;3;1;0;0;0;0;0;4;995;995;995;995;995;995;995;995;995;995;995;995;995;995;1;2;1;0;0;0;0;0;0;1;1;0;0;0;1;0;0;3;2;995;1;1;1;1;1;1;1;2;2;2;1;1;3;1;2;3;1;4;;BOOS;BOOS;3;2;4;997;997;997;1;999;2;36;1;5;1;36;1;5;36;5;3;2;2;1;;;;;;
913;2;1;2;1;1;1;1;1;1;1;1;0;1;1;0;0;0;0;1;5;2;2;2;1;1;4;3;3;1;1;3;3;1;1;1;1;1;4;3;5;3;1;1;0;0;1;0;3;995;995;995;995;995;995;995;995;995;995;995;995;995;995;2;995;995;995;995;995;995;995;995;999;2;0;0;0;0;1;0;1;2;995;4;2;2;2;1;1;1;2;2;2;2;2;3;1;2;4;2;995;;DARNETAL;DARNETAL;1;3;13;997;997;997;1;2;2;41;1;4;1;41;1;4;41;4;2;3;3;3;;;;;;
914;2;999;2;2;1;3;1;2;1;2;0;0;0;0;0;0;0;0;2;2;2;1;1;5;2;3;3;3;999;4;3;1;1;1;1;3;1;4;3;5;3;1;0;1;0;0;0;4;995;995;995;995;995;995;995;995;995;995;995;995;995;995;2;995;995;995;995;995;995;995;995;999;999;0;0;0;0;0;0;999;999;999;999;999;999;999;999;999;999;999;999;999;999;999;3;1;2;3;4;995;;GRAND QUEVILLY;GRANDQUEVILLY;1;3;11;1;997;997;1;999;2;37;1;4;1;37;1;4;37;4;2;2;3;2;;;;;;
915;2;1;2;1;3;3;2;2;2;3;995;995;995;995;995;995;995;995;2;2;3;2;5;3;4;3;3;3;4;3;3;2;2;2;3;2;2;3;3;5;3;1;0;1;0;0;0;4;995;995;995;995;995;995;995;995;995;995;995;995;995;995;2;995;995;995;995;995;995;995;995;3;2;0;0;0;1;0;0;2;2;995;4;2;2;2;2;2;3;2;2;2;2;2;3;1;2;3;1;4;;YMARE;YMARE;3;3;16;3;997;997;1;1;2;41;1;5;1;41;1;5;41;5;3;3;3;3;;;;;;
916;2;2;3;2;2;2;1;1;2;1;0;0;0;1;0;0;0;0;1;5;3;5;5;5;1;4;4;4;4;4;2;3;3;3;3;3;2;3;4;3;1;0;0;0;0;1;0;4;995;995;995;995;995;995;995;995;995;995;995;995;995;995;2;995;995;995;995;995;995;995;995;4;2;0;0;0;0;1;0;3;2;995;4;2;1;1;1;1;2;2;2;2;2;2;3;1;2;3;2;995;;PAVILLY;PAVILLY;2;2;9;997;997;997;1;999;2;37;1;5;1;37;1;5;37;5;3;2;2;2;;;;;;
917;2;2;1;1;1;1;1;1;2;1;1;1;1;1;0;0;0;0;2;4;2;3;5;999;3;3;1;4;999;1;1;1;1;1;3;1;1;3;3;5;3;1;0;1;1;0;0;3;995;995;995;995;995;995;995;995;995;995;995;995;995;995;1;2;1;0;0;0;0;0;0;2;2;0;0;0;0;0;1;3;2;995;4;2;1;2;1;2;3;2;2;2;2;3;3;1;2;4;1;1;;999;999;999;2;8;997;997;997;1;2;1;34;2;8;2;34;1;8;34;8;4;2;2;2;;;;;;
918;2;1;1;2;1;1;1;1;1;1;1;0;0;1;0;0;0;0;2;5;1;2;5;2;1;4;1;1;4;1;1;3;1;1;3;1;1;4;4;5;3;1;1;1;0;0;0;5;995;995;995;995;995;995;995;995;995;995;995;995;995;995;2;995;995;995;995;995;995;995;995;4;2;0;0;0;1;0;0;2;2;995;4;2;1;2;1;1;3;2;2;2;2;3;3;1;2;3;4;995;;ALLOUVILLE BELLEFOSSE;ALLOUVILLEBELLEFOSSE;3;2;14;997;997;997;1;999;2;40;1;2;1;40;1;2;40;2;1;3;2;3;;;;;;
919;2;2;2;1;1;1;1;1;1;1;1;0;1;1;1;0;1;0;1;5;2;2;5;3;5;4;1;3;4;3;4;3;2;2;3;2;3;3;2;2;3;1;0;0;0;1;0;3;995;995;995;995;995;995;995;995;995;995;995;995;995;995;2;995;995;995;995;995;995;995;995;3;2;0;1;0;0;0;0;2;2;995;4;2;2;2;2;2;3;999;999;999;999;999;3;1;2;3;999;999;;GRAIMBOUVILLE;GRAIMBOUVILLE;3;3;11;997;997;997;1;2;1;39;1;4;2;39;1;4;39;4;2;2;3;2;;;;;;
920;2;2;2;1;3;3;2;2;3;3;995;995;995;995;995;995;995;995;2;3;3;4;4;4;3;3;3;3;3;3;3;2;2;2;2;2;2;2;2;2;3;0;0;0;0;1;0;4;995;995;995;995;995;995;995;995;995;995;995;995;995;995;1;2;0;0;0;0;0;0;0;2;2;0;0;0;1;0;0;2;2;995;4;2;2;2;2;2;2;2;2;2;2;2;3;1;2;3;3;995;;MONTIVILLIERS;MONTIVILLIERS;2;3;23;5;4;1;1;999;1;51;1;3;2;51;2;3;51;3;1;4;3;4;;;;;;
921;2;2;2;2;2;2;2;2;3;2;0;0;0;0;0;0;0;0;2;4;4;4;4;4;3;3;3;3;3;3;2;2;2;2;2;2;2;3;2;2;1;0;0;0;0;0;1;4;995;995;995;995;995;995;995;995;995;995;995;995;995;995;1;2;1;0;0;0;0;0;0;3;2;0;1;0;0;0;0;2;2;995;2;2;2;2;2;2;3;999;999;999;999;999;2;1;2;2;1;1;;SAINTE ADRESSE;SAINTEADRESSE;1;2;12;1;997;997;1;999;2;37;1;5;1;37;1;5;37;5;3;2;2;3;;;;;;
922;2;2;1;1;3;3;2;1;3;3;995;995;995;995;995;995;995;995;1;3;3;2;2;5;2;3;3;3;2;4;2;1;1;2;2;1;2;2;3;2;2;0;0;0;0;1;0;5;995;995;995;995;995;995;995;995;995;995;995;995;995;995;2;995;995;995;995;995;995;995;995;3;2;0;0;0;1;0;0;1;2;995;3;3;2;2;1;2;2;2;2;2;2;2;3;1;2;4;1;1;;BARENTIN;BARENTIN;2;1;17;2;997;997;1;999;2;44;1;3;1;44;1;3;44;3;1;3;1;3;;;;;;
923;2;2;3;2;3;3;1;2;2;3;995;995;995;995;995;995;995;995;1;4;3;2;5;3;3;1;2;2;4;3;3;2;2;2;3;2;2;2;2;5;3;0;0;0;0;1;0;3;995;995;995;995;995;995;995;995;995;995;995;995;995;995;2;995;995;995;995;995;995;995;995;999;2;0;0;0;0;1;0;3;2;995;3;2;2;2;2;2;3;2;2;2;2;2;3;1;2;4;2;995;;ETAINHUS;ETAINHUS;3;1;12;997;997;997;1;999;2;44;1;5;1;44;1;5;44;5;3;3;1;3;;;;;;
924;2;3;3;2;3;3;2;2;3;3;995;995;995;995;995;995;995;995;2;3;3;3;3;3;3;3;3;3;3;3;3;2;2;2;2;2;2;1;2;1;1;0;0;0;0;0;1;5;995;995;995;995;995;995;995;995;995;995;995;995;995;995;2;995;995;995;995;995;995;995;995;1;2;0;0;0;0;0;1;3;2;995;2;2;2;2;2;2;3;2;2;2;2;2;3;1;2;4;1;1;;ROUEN;ROUEN;1;1;8;997;997;997;1;999;1;55;1;5;2;55;1;5;55;5;3;4;1;2;;;;;;
925;2;2;1;3;3;3;1;2;2;3;995;995;995;995;995;995;995;995;2;3;2;4;5;4;4;4;3;3;4;3;4;3;2;1;3;2;3;1;2;1;1;0;0;0;0;0;1;5;995;995;995;995;995;995;995;995;995;995;995;995;995;995;2;995;995;995;995;995;995;995;995;2;1;0;0;0;0;1;0;2;2;995;4;2;2;2;2;2;3;2;2;2;2;3;3;1;2;4;2;995;;LE HAVRE;LEHAVRE;1;3;24;997;3;4;1;999;1;54;1;5;999;54;2;5;54;5;3;4;3;4;;;;;;
926;2;1;2;2;3;3;2;2;1;3;995;995;995;995;995;995;995;995;2;5;4;4;4;4;4;3;3;3;3;3;3;2;2;2;2;2;2;4;4;5;3;1;0;0;0;1;0;5;995;995;995;995;995;995;995;995;995;995;995;995;995;995;2;995;995;995;995;995;995;995;995;4;2;1;0;0;0;0;0;3;2;995;4;2;2;2;2;2;2;2;2;2;2;2;999;1;2;4;1;1;;PETIT COURONNE;PETITCOURONNE;2;2;12;997;997;997;1;999;2;46;1;5;1;46;1;5;46;5;3;3;2;3;;;;;;
927;2;2;2;2;1;3;1;1;1;1;1;0;0;1;0;0;0;0;1;2;1;3;5;2;3;2;2;2;4;2;3;1;1;1;3;1;1;4;4;5;3;1;1;0;0;1;0;5;995;995;995;995;995;995;995;995;995;995;995;995;995;995;2;995;995;995;995;995;995;995;995;3;2;0;1;0;0;0;0;2;1;4;4;2;1;1;1;3;3;2;2;2;2;2;999;999;999;999;2;995;;NOTRE DAME DE BONDEVILLE;NOTREDAMEDEBONDEVILLE;1;3;22;6;6;1;1;999;2;53;1;6;1;53;1;6;53;6;3;4;3;4;;;;;;
928;2;2;2;2;1;1;1;1;2;3;995;995;995;995;995;995;995;995;2;5;2;2;3;3;5;4;1;3;3;3;4;3;1;2;2;2;3;3;3;2;3;0;0;1;0;1;0;3;995;995;995;995;995;995;995;995;995;995;995;995;995;995;2;995;995;995;995;995;995;995;995;999;1;0;1;0;0;0;0;3;2;995;4;2;2;2;2;2;3;2;2;2;2;2;3;1;2;3;999;999;;999;999;999;3;17;2;2;1;1;999;1;42;1;4;2;42;1;4;42;4;2;3;3;3;;;;;;
929;2;1;2;2;1;1;2;2;1;2;0;0;0;0;0;0;0;0;2;5;1;1;5;2;1;4;2;2;4;2;2;3;1;1;3;1;1;3;3;5;3;1;0;0;0;1;0;2;1;0;0;0;1;0;0;0;0;0;0;0;0;0;2;995;995;995;995;995;995;995;995;4;2;0;0;0;0;1;0;2;2;995;4;2;2;2;2;1;2;2;2;2;2;2;3;1;2;4;2;995;;ETAINHUS;ETAINHUS;3;1;6;997;997;997;1;2;2;31;1;5;1;31;1;5;31;5;3;2;1;2;;;;;;
930;2;2;2;2;1;1;1;1;2;1;1;0;0;1;1;0;0;0;1;2;2;2;999;2;2;1;1;3;4;1;1;1;1;1;3;1;1;3;4;4;1;1;1;1;0;0;0;2;2;995;995;995;995;995;995;995;995;995;995;995;995;995;2;995;995;995;995;995;995;995;995;3;2;1;0;0;0;0;0;3;2;995;3;1;1;1;1;2;3;1;1;2;1;2;3;1;2;3;2;995;;999;999;999;1;21;4;997;997;1;999;2;50;1;6;1;50;2;6;50;6;3;4;1;4;;;;;;
931;2;2;1;3;1;3;1;2;2;1;0;0;0;1;0;0;0;0;2;5;3;3;5;4;5;4;3;3;4;3;4;3;2;2;3;2;3;3;3;2;3;0;0;0;0;1;0;5;995;995;995;995;995;995;995;995;995;995;995;995;995;995;2;995;995;995;995;995;995;995;995;3;2;0;0;0;0;1;0;3;2;995;4;3;1;1;999;3;3;2;2;2;2;2;3;1;1;4;4;995;;ROUEN;ROUEN;1;1;21;6;997;997;2;997;2;48;2;8;997;997;997;997;48;8;4;3;1;4;;;;;;
932;2;2;3;3;999;999;999;999;3;1;0;0;0;0;0;0;0;0;2;5;3;999;999;999;999;4;1;1;1;1;1;3;1;1;1;1;1;2;3;5;1;0;0;0;0;1;0;3;995;995;995;995;995;995;995;995;995;995;995;995;995;995;2;995;995;995;995;995;995;995;995;999;999;0;0;0;0;0;0;999;999;999;4;3;3;3;3;3;3;3;3;3;3;3;999;1;2;4;999;999;;SANDOUVILLE;SANDOUVILLE;3;2;23;5;5;997;2;997;2;58;1;6;997;997;997;997;58;6;3;4;2;4;;;;;;
933;2;2;2;3;1;1;1;1;2;3;995;995;995;995;995;995;995;995;2;3;2;3;5;3;1;3;1;3;4;3;1;1;1;2;3;2;2;3;3;2;3;0;0;0;0;1;0;5;995;995;995;995;995;995;995;995;995;995;995;995;995;995;2;995;995;995;995;995;995;995;995;2;1;0;0;0;0;1;0;3;1;5;2;2;2;2;2;2;3;2;2;2;2;2;3;2;995;4;1;6;;ROUEN;ROUEN;1;1;24;5;997;997;2;997;2;53;2;8;997;997;997;997;53;8;4;4;1;4;;;;;;
934;2;1;1;1;1;1;2;1;1;2;0;0;0;0;0;0;0;0;1;5;1;3;5;2;2;3;1;1;1;2;1;1;1;2;2;2;2;4;3;2;3;1;0;1;1;0;0;3;995;995;995;995;995;995;995;995;995;995;995;995;995;995;2;995;995;995;995;995;995;995;995;3;2;0;1;0;0;0;0;2;2;995;2;2;2;2;2;2;2;2;2;2;2;2;999;1;2;3;4;995;;PISSY POUILLE;PISSYPOUILLE;3;1;7;997;997;997;2;997;1;39;1;5;997;997;997;997;39;5;3;2;1;2;;;;;;
935;2;2;1;1;1;1;1;1;2;1;1;0;0;0;1;0;0;1;2;5;2;1;5;2;1;4;2;3;4;3;3;3;2;2;3;2;2;3;3;4;3;0;0;1;0;1;0;5;995;995;995;995;995;995;995;995;995;995;995;995;995;995;2;995;995;995;995;995;995;995;995;2;2;0;0;0;0;1;0;3;2;995;4;2;2;2;2;2;3;2;2;2;2;3;999;1;2;4;2;995;;ELBEUF;ELBEUF;2;2;22;6;2;997;2;997;2;48;1;4;997;997;997;997;48;4;2;3;2;4;;;;;;
936;2;1;3;3;3;3;1;1;1;3;995;995;995;995;995;995;995;995;2;3;2;2;2;5;3;3;3;3;3;4;3;2;2;2;2;3;2;3;3;2;2;1;0;0;0;0;0;5;995;995;995;995;995;995;995;995;995;995;995;995;995;995;2;995;995;995;995;995;995;995;995;4;2;0;0;0;0;1;0;3;2;995;4;1;3;2;1;1;3;2;3;2;2;2;2;1;2;4;1;2;;SOTTEVILLE LES ROUEN;SOTTEVILLELESROUEN;1;2;12;997;997;997;2;997;2;47;1;3;997;997;997;997;47;3;1;3;2;3;;;;;;
937;2;2;2;2;1;1;1;2;2;1;1;1;0;1;0;0;0;0;2;1;3;2;2;3;1;3;1;2;3;3;1;2;1;1;1;1;2;2;2;2;2;0;0;0;0;1;0;5;995;995;995;995;995;995;995;995;995;995;995;995;995;995;2;995;995;995;995;995;995;995;995;3;2;1;0;0;0;0;0;2;2;995;4;2;2;2;2;2;999;999;999;999;999;999;999;999;999;999;1;1;;AMFREVILLE LA MIVOIE;AMFREVILLELAMIVOIE;1;2;20;5;4;997;1;999;2;43;1;6;1;43;999;6;43;6;3;3;2;4;;;;;;
938;2;2;3;2;1;1;2;2;2;1;0;0;1;1;0;0;0;0;2;3;3;3;3;3;3;3;3;3;3;3;3;1;1;1;1;1;1;3;4;5;3;1;0;0;1;1;0;5;995;995;995;995;995;995;995;995;995;995;995;995;995;995;2;995;995;995;995;995;995;995;995;2;2;1;0;0;0;0;0;2;1;4;2;2;2;2;2;3;2;2;2;2;2;3;3;1;2;3;1;4;;LE HAVRE;LEHAVRE;1;2;16;2;997;997;2;997;1;48;1;5;997;997;997;997;48;5;3;3;2;3;;;;;;
939;2;2;4;2;3;1;2;1;1;1;0;0;0;1;0;0;0;0;1;3;2;3;3;3;3;3;3;3;3;3;3;2;2;2;2;2;2;3;2;5;3;0;0;0;0;1;0;5;995;995;995;995;995;995;995;995;995;995;995;995;995;995;2;995;995;995;995;995;995;995;995;999;2;0;0;0;1;0;0;3;2;999;2;2;2;2;2;2;3;2;2;2;2;2;2;2;995;4;1;6;;ROUEN;ROUEN;1;5;24;6;6;6;2;997;2;52;2;8;997;997;997;997;52;8;4;4;4;4;;;;;;
940;2;3;1;1;1;3;1;999;3;1;1;0;1;0;1;0;0;0;1;2;2;1;2;2;3;3;3;2;2;2;3;2;2;1;1;1;2;1;3;2;3;0;0;0;0;1;0;5;995;995;995;995;995;995;995;995;995;995;995;995;995;995;2;995;995;995;995;995;995;995;995;999;2;0;0;0;0;1;0;3;2;995;2;2;2;2;2;2;2;3;3;3;3;3;3;1;2;4;4;995;;CANTELEU;CANTELEU;2;2;14;6;997;997;2;997;2;48;1;4;997;997;997;997;48;4;2;3;2;3;;;;;;
941;2;2;2;1;1;1;2;2;1;3;995;995;995;995;995;995;995;995;2;1;2;1;999;2;2;2;1;2;4;2;2;3;2;2;3;2;2;3;3;2;3;0;0;1;0;0;0;5;995;995;995;995;995;995;995;995;995;995;995;995;995;995;2;995;995;995;995;995;995;995;995;999;1;0;0;0;0;1;0;1;2;995;4;2;2;1;2;2;3;2;2;2;2;2;3;2;995;4;4;995;;HERONCHELLES;HERONCHELLES;3;1;5;997;997;997;1;999;2;36;1;5;1;36;1;4;36;4;2;2;1;1;;;;;;
942;2;2;2;2;1;1;1;1;2;1;0;1;1;0;1;0;1;0;2;2;2;1;2;2;3;1;1;1;1;1;999;1;2;2;2;1;1;3;3;3;3;1;1;0;0;1;0;4;995;995;995;995;995;995;995;995;995;995;995;995;995;995;2;995;995;995;995;995;995;995;995;3;2;0;0;0;1;0;0;2;2;995;3;2;1;2;1;2;999;2;2;2;2;2;3;1;1;4;4;995;;SAUCHAY;SAUCHAY;3;1;14;1;997;997;1;999;2;40;1;5;1;40;1;5;40;5;3;3;1;3;;;;;;
943;2;2;3;2;1;1;1;1;2;1;1;1;1;0;0;0;1;0;1;2;1;5;5;5;2;1;1;4;4;4;1;1;1;3;3;3;1;3;3;5;2;1;0;1;0;0;0;3;995;995;995;995;995;995;995;995;995;995;995;995;995;995;2;995;995;995;995;995;995;995;995;4;2;0;0;0;0;0;0;999;999;999;3;3;3;3;1;3;3;3;3;3;1;3;999;1;2;3;1;4;;MARTRAINVILLE-EPREVILLE;MARTRAINVILLEEPREVILLE;3;2;9;997;997;997;1;999;2;37;1;4;1;37;1;4;37;4;2;2;2;2;;;;;;
944;2;2;2;1;1;1;1;1;2;1;0;0;1;0;0;0;0;0;1;5;2;3;5;3;3;4;1;3;4;3;3;3;1;2;3;2;2;4;3;5;3;1;0;0;1;0;0;2;1;0;0;1;0;0;0;0;0;0;0;0;0;0;2;995;995;995;995;995;995;995;995;4;2;0;0;0;1;0;0;3;2;995;3;2;3;2;1;1;3;2;3;2;1;3;2;1;2;3;2;995;;FECAMP;FECAMP;2;2;19;997;5;997;1;1;1;43;1;3;2;43;1;3;43;3;1;3;2;4;;;;;;
945;2;2;3;1;1;1;2;2;2;1;1;1;1;0;0;1;0;0;2;5;3;5;5;3;5;4;3;4;4;3;4;3;2;3;3;2;3;1;1;1;3;0;0;0;0;0;1;5;995;995;995;995;995;995;995;995;995;995;995;995;995;995;2;995;995;995;995;995;995;995;995;2;1;0;0;0;0;1;0;3;2;995;4;2;2;2;2;2;3;2;2;2;2;2;999;1;2;3;1;2;;PISSY-POUILLE;PISSYPOUILLE;3;2;14;997;997;997;1;999;2;39;1;5;1;39;1;5;39;5;3;2;2;3;;;;;;
946;2;2;3;2;3;1;2;1;1;3;995;995;995;995;995;995;995;995;2;5;3;5;5;5;5;3;3;3;3;3;3;2;2;2;2;2;2;2;2;1;2;0;0;0;0;0;1;5;995;995;995;995;995;995;995;995;995;995;995;995;995;995;2;995;995;995;995;995;995;995;995;3;2;0;0;0;0;1;0;3;2;995;2;2;2;2;2;2;2;2;2;2;2;2;2;1;2;4;3;995;;AISSY-POVILLE;AISSYPOVILLE;3;4;19;5;2;2;1;2;2;48;1;2;1;48;1;2;48;2;1;3;4;4;;;;;;
947;2;2;3;2;1;1;2;1;1;1;1;0;1;1;0;1;0;0;2;2;1;1;1;2;3;3;1;1;1;1;3;2;1;1;2;1;2;3;3;1;3;1;0;1;0;1;0;5;995;995;995;995;995;995;995;995;995;995;995;995;995;995;1;1;995;995;995;995;995;995;995;999;2;0;0;0;1;0;0;2;1;4;4;2;2;2;1;1;3;2;2;2;2;1;3;1;2;3;3;995;;GRAND COURONNE LES ESSARTS;GRANDCOURONNELESESSARTS;2;2;18;4;2;997;1;999;2;43;1;4;1;43;1;4;43;4;2;3;2;4;;;;;;
948;2;2;2;1;1;1;1;1;2;1;0;0;1;0;0;1;0;0;1;5;5;5;5;5;5;4;4;4;4;4;4;3;3;3;3;3;3;3;3;1;2;0;0;0;0;1;0;5;995;995;995;995;995;995;995;995;995;995;995;995;995;995;2;995;995;995;995;995;995;995;995;3;2;0;0;0;0;1;0;2;2;995;3;2;1;2;1;1;3;1;1;1;1;1;3;1;2;4;2;995;;LES ESSARTS;LESESSARTS;3;1;13;997;997;997;1;999;2;39;1;4;1;39;1;4;39;4;2;2;1;3;;;;;;
949;2;1;2;2;2;2;1;1;1;1;1;0;0;1;0;0;0;0;1;5;2;2;2;1;1;999;1;1;2;2;2;1;1;1;1;2;2;3;3;5;3;0;0;1;0;1;0;5;995;995;995;995;995;995;995;995;995;995;995;995;995;995;2;995;995;995;995;995;995;995;995;4;1;0;0;1;0;0;0;2;999;999;4;2;1;2;1;1;3;2;2;2;999;2;3;1;2;2;3;995;;SAINT ROMAIN DE COLBOSC;SAINTROMAINDECOLBOSC;3;2;8;997;997;997;1;2;2;37;1;4;1;37;1;4;37;4;2;2;2;2;;;;;;
950;2;2;3;1;3;3;1;1;2;3;995;995;995;995;995;995;995;995;1;5;2;2;5;2;1;4;1;2;4;1;1;3;1;2;3;1;1;3;3;5;2;0;0;0;0;1;0;4;995;995;995;995;995;995;995;995;995;995;995;995;995;995;2;995;995;995;995;995;995;995;995;2;1;0;1;0;0;0;0;3;2;995;3;2;2;2;2;1;3;2;2;2;2;2;2;1;2;4;4;995;;LA FRESNAYE;LAFRESNAYE;2;2;15;2;997;997;1;2;2;44;2;8;1;44;1;8;44;8;4;3;2;3;;;;;;
951;2;3;2;2;2;2;2;2;2;1;0;0;0;0;0;1;1;0;2;3;2;3;3;3;2;3;3;3;3;3;2;2;2;2;2;2;2;2;2;2;2;0;0;0;0;1;0;3;995;995;995;995;995;995;995;995;995;995;995;995;995;995;2;995;995;995;995;995;995;995;995;3;2;0;0;0;1;0;0;2;2;995;2;2;2;2;2;2;3;2;2;2;2;2;3;1;2;4;1;6;;RY;RY;3;4;11;997;997;997;2;997;2;35;2;8;997;997;997;997;35;8;4;2;4;2;;;;;;
952;2;1;1;2;1;1;1;1;1;3;995;995;995;995;995;995;995;995;1;5;2;5;3;2;5;4;2;4;2;2;4;3;1;3;1;1;3;3;3;5;1;0;0;1;0;0;0;3;995;995;995;995;995;995;995;995;995;995;995;995;995;995;1;2;1;0;0;0;0;1;0;4;2;0;0;0;0;1;0;3;2;995;3;2;1;1;2;2;3;2;2;2;2;2;999;1;2;3;2;995;;CRIEL SUR MER;CRIELSURMER;3;2;3;997;997;997;1;2;2;30;1;5;1;30;1;5;30;5;3;2;2;1;;;;;;
953;2;2;3;2;1;1;1;1;2;1;0;0;1;1;0;0;1;0;1;4;3;3;5;2;3;3;3;3;4;3;3;2;2;2;2;2;3;2;2;5;2;0;0;0;0;1;0;4;995;995;995;995;995;995;995;995;995;995;995;995;995;995;2;995;995;995;995;995;995;995;995;4;2;0;1;0;0;0;0;3;2;995;4;2;2;2;2;2;3;2;2;2;2;2;2;1;2;4;4;995;;NOINTOT;NOINTOT;3;2;9;997;997;997;1;999;2;33;1;5;1;33;1;5;33;5;3;2;2;2;;;;;;
954;2;1;1;1;1;3;1;1;1;1;0;0;1;1;0;0;0;1;2;5;1;5;5;1;1;4;2;4;4;2;2;3;1;3;3;1;1;4;4;3;3;1;1;1;0;0;0;4;995;995;995;995;995;995;995;995;995;995;995;995;995;995;2;995;995;995;995;995;995;995;995;3;1;0;0;1;0;0;0;2;2;995;4;2;2;2;1;1;3;2;2;2;2;2;3;1;2;4;4;995;;DAUBEUF SERVILLE;DAUBEUFSERVILLE;3;2;4;6;6;997;1;999;2;25;2;8;1;25;1;8;25;8;4;1;2;1;;;;;;
955;2;1;3;2;1;1;1;1;1;1;0;0;1;1;0;0;0;0;1;3;1;1;3;1;1;3;1;1;1;3;1;2;1;1;2;2;1;3;3;2;1;0;1;1;0;1;0;4;995;995;995;995;995;995;995;995;995;995;995;995;995;995;2;995;995;995;995;995;995;995;995;4;1;0;0;0;1;0;0;2;2;995;1;2;2;1;2;2;999;2;2;1;2;2;3;1;2;3;2;995;;SAINT VIGOR D'YMONVILLE;SAINTVIGORDYMONVILLE;3;3;10;997;997;997;1;999;2;33;2;8;1;33;1;8;33;8;4;2;3;2;;;;;;
956;2;2;3;3;3;3;2;2;2;3;995;995;995;995;995;995;995;995;1;2;3;3;3;3;3;3;1;1;3;1;1;2;1;2;2;1;1;2;3;5;2;0;0;1;0;0;0;5;995;995;995;995;995;995;995;995;995;995;995;995;995;995;2;995;995;995;995;995;995;995;995;999;1;0;0;1;0;0;0;3;1;4;2;2;2;2;2;2;2;999;999;999;999;999;3;1;2;3;999;1;;SAINT VALERY EN CAUX;SAINTVALERYENCAUX;3;3;11;997;997;997;1;999;2;34;1;5;1;34;1;5;34;5;3;2;3;2;;;;;;
957;2;2;3;2;1;1;1;1;2;2;0;0;0;0;0;0;0;0;1;5;5;5;5;5;5;4;4;4;4;4;4;999;999;999;999;999;999;2;3;2;3;0;1;0;1;0;0;5;995;995;995;995;995;995;995;995;995;995;995;995;995;995;2;995;995;995;995;995;995;995;995;3;2;0;0;0;0;0;1;999;1;4;4;2;2;2;2;2;2;999;999;999;999;999;3;1;2;3;1;6;;GAINNEVILLE;GAINNEVILLE;2;3;14;997;997;997;1;999;2;39;1;4;1;39;1;4;39;4;2;2;3;3;;;;;;
958;2;3;3;3;3;3;1;1;3;999;1;1;1;0;0;1;0;0;1;4;4;4;4;4;4;3;3;3;3;3;3;2;2;2;2;2;2;3;2;2;3;1;0;0;0;0;0;5;995;995;995;995;995;995;995;995;995;995;995;995;995;995;999;2;1;0;0;0;0;0;0;999;1;0;0;0;0;0;1;1;2;995;2;2;2;2;2;2;2;999;999;999;999;999;2;1;2;4;1;2;;SAINT AUBIN ROUTOT;SAINTAUBINROUTOT;3;4;16;2;997;997;1;2;2;38;1;5;1;38;1;5;38;5;3;2;4;3;;;;;;
959;2;2;3;3;3;3;2;2;3;3;995;995;995;995;995;995;995;995;2;3;3;2;2;4;2;3;3;3;3;3;3;2;2;2;2;2;2;3;2;2;2;0;0;0;0;0;1;5;995;995;995;995;995;995;995;995;995;995;995;995;995;995;2;995;995;995;995;995;995;995;995;4;2;0;0;0;0;1;0;3;2;995;2;2;2;2;2;2;3;2;2;2;2;3;3;1;2;4;1;4;;VIBEUF;VIBEUF;3;2;10;997;997;997;1;999;1;42;1;6;2;42;1;6;42;6;3;3;2;2;;;;;;
960;2;2;1;1;1;1;1;1;2;1;1;1;1;1;0;0;0;0;1;1;2;999;2;999;2;1;1;1;3;999;1;1;1;2;2;2;1;3;2;1;2;1;0;0;0;1;0;1;999;995;995;995;995;995;995;995;995;995;995;995;995;995;2;995;995;995;995;995;995;995;995;1;2;1;0;0;0;0;0;2;2;995;1;1;1;1;1;1;1;2;2;2;2;2;3;1;2;4;2;995;;MESNIL VAL;MESNILVAL;3;2;23;6;4;997;1;2;2;42;1;2;1;42;1;2;42;2;1;3;2;4;;;;;;
961;2;2;4;2;1;1;2;2;2;3;995;995;995;995;995;995;995;995;2;5;3;4;5;3;5;4;3;3;4;3;4;3;2;2;3;2;3;2;2;5;3;0;0;0;0;1;0;4;995;995;995;995;995;995;995;995;995;995;995;995;995;995;2;995;995;995;995;995;995;995;995;3;2;0;1;0;0;0;0;2;2;995;3;2;2;2;2;2;3;2;2;2;2;3;3;1;2;3;1;4;;FORGES LES EAUX;FORGESLESEAUX;3;2;19;6;4;997;1;2;2;49;1;5;1;49;1;5;49;5;3;3;2;4;;;;;;
962;2;2;3;3;1;3;2;2;2;1;0;1;1;1;0;0;0;0;1;5;2;4;5;5;4;4;3;3;3;3;3;3;1;1;1;1;1;3;3;5;2;0;0;0;0;1;0;5;995;995;995;995;995;995;995;995;995;995;995;995;995;995;2;995;995;995;995;995;995;995;995;3;2;0;0;0;0;1;0;2;2;995;2;1;2;2;2;2;2;2;2;2;2;2;3;1;2;3;2;995;;BRAQUEMONT;BRAQUEMONT;3;2;20;6;5;997;1;2;2;51;2;8;1;51;1;8;51;8;4;4;2;4;;;;;;
963;2;1;3;1;3;1;1;1;1;1;0;0;1;1;0;0;0;0;1;5;2;5;5;5;5;4;3;4;4;4;4;3;2;3;3;3;3;3;3;5;3;0;0;1;0;1;0;5;995;995;995;995;995;995;995;995;995;995;995;995;995;995;2;995;995;995;995;995;995;995;995;999;2;0;0;0;1;0;0;3;2;995;2;2;2;2;2;2;3;2;2;2;3;3;3;1;2;3;1;4;;AUBERMESNIL AUX ERABLES;AUBERMESNILAUXERABLES;3;2;15;2;997;997;1;999;2;44;1;5;1;44;1;5;44;5;3;3;2;3;;;;;;
964;2;2;3;3;3;3;2;2;2;1;1;0;0;1;0;0;0;0;2;5;3;5;5;3;5;4;3;4;4;2;4;3;2;3;3;2;3;2;2;2;2;0;0;0;0;1;0;3;995;995;995;995;995;995;995;995;995;995;995;995;995;995;2;995;995;995;995;995;995;995;995;1;2;0;0;0;1;0;0;2;999;999;4;2;2;2;1;1;3;2;2;2;3;3;3;1;2;4;2;995;;ANCOURT;ANCOURT;3;1;5;997;997;997;1;999;2;35;1;5;1;35;1;5;35;5;3;2;1;1;;;;;;
965;2;1;3;2;3;1;2;1;1;1;0;0;0;1;1;1;1;0;2;2;3;3;3;3;1;3;3;3;3;3;3;1;1;1;1;1;2;2;2;2;3;0;0;0;0;1;0;5;995;995;995;995;995;995;995;995;995;995;995;995;995;995;999;999;995;995;995;995;995;995;995;999;999;0;0;0;0;0;0;999;999;999;999;999;999;999;999;999;999;999;999;999;999;999;2;1;2;4;4;995;;TOUFFREVILLE LA CABLE;TOUFFREVILLELACABLE;3;1;8;997;997;997;1;999;2;35;1;5;1;35;1;5;35;5;3;2;1;2;;;;;;
966;2;999;2;2;1;2;2;2;1;2;0;0;0;0;0;0;0;0;2;2;2;2;2;3;2;1;1;1;1;1;1;1;1;1;1;1;1;3;3;2;3;0;0;0;0;1;0;5;995;995;995;995;995;995;995;995;995;995;995;995;995;995;2;995;995;995;995;995;995;995;995;999;999;0;0;0;0;0;0;999;999;999;999;999;999;999;999;999;999;999;999;999;999;999;999;1;2;3;2;995;;YVETOT;YVETOT;2;2;20;5;2;997;1;2;1;51;1;6;2;51;1;6;51;6;3;4;2;4;;;;;;
967;2;2;3;2;3;3;1;1;2;3;995;995;995;995;995;995;995;995;1;5;5;5;5;5;5;4;4;4;4;4;4;3;3;3;3;3;3;3;3;5;3;1;1;0;0;1;0;4;995;995;995;995;995;995;995;995;995;995;995;995;995;995;2;995;995;995;995;995;995;995;995;999;2;0;0;0;0;0;0;1;2;995;4;1;1;1;1;1;3;1;1;1;1;1;3;1;2;3;1;6;;BORNAMBUSC;BORNAMBUSC;3;3;;6;6;6;1;999;2;56;2;8;1;56;1;8;56;8;4;4;3;1;;;;;;
968;2;1;3;1;1;1;1;1;1;1;0;1;1;1;0;0;0;0;1;999;999;999;999;999;999;999;999;999;999;999;999;999;999;999;999;999;999;1;1;5;2;1;1;1;0;0;0;2;2;995;995;995;995;995;995;995;995;995;995;995;995;995;2;995;995;995;995;995;995;995;995;3;999;0;0;0;0;0;0;999;999;999;4;1;1;2;1;1;1;999;999;999;999;999;3;1;2;3;1;2;;999;999;999;1;11;997;997;997;1;2;1;39;1;6;2;39;1;6;39;6;3;2;1;2;;;;;;
969;2;4;3;3;3;3;2;2;4;3;995;995;995;995;995;995;995;995;2;5;4;4;4;4;1;3;3;3;3;3;2;1;2;1;1;2;2;2;2;2;3;0;0;0;0;0;1;5;995;995;995;995;995;995;995;995;995;995;995;995;995;995;2;995;995;995;995;995;995;995;995;999;2;0;0;0;0;1;0;3;999;999;2;2;2;2;2;2;3;2;2;2;2;2;3;1;2;4;1;1;;LE HAVRE;LEHAVRE;1;2;6;997;997;997;1;999;2;39;1;5;1;39;1;5;39;5;3;2;2;2;;;;;;
970;2;2;3;2;1;1;2;2;2;1;1;0;0;1;0;0;0;0;2;3;3;2;2;2;1;1;1;1;1;1;1;1;2;1;1;2;2;2;3;4;3;0;1;0;1;0;0;5;995;995;995;995;995;995;995;995;995;995;995;995;995;995;2;995;995;995;995;995;995;995;995;2;2;0;0;0;1;0;0;3;2;995;4;1;1;1;999;1;999;1;999;999;1;999;2;1;2;4;1;1;;VILLY SUR YBRES;VILLYSURYBRES;3;2;4;997;997;997;1;999;1;32;1;6;2;32;1;6;32;6;3;2;2;1;;;;;;
971;2;2;3;2;1;1;1;1;2;2;0;0;0;0;0;0;0;0;999;5;2;3;5;4;5;4;2;3;4;2;4;3;2;2;3;2;3;2;3;1;2;0;0;0;0;1;0;5;995;995;995;995;995;995;995;995;995;995;995;995;995;995;999;999;995;995;995;995;995;995;995;999;1;0;1;0;0;0;0;3;999;999;3;2;2;2;1;1;3;2;2;2;3;3;3;1;2;4;1;7;Beaucoup de parents utilisent les allocations familiales pour s'acheter, non pour leurs enfants maispour eux, je vois cela depuis longtemps, comme la prime de scolarité versée, ils achètent des télés, des futilités.;999;999;999;2;20;5;5;997;1;999;2;52;2;8;1;52;1;8;52;8;4;4;2;4;;;;;;
972;2;3;2;2;1;1;2;1;2;1;1;0;1;1;0;0;0;0;2;5;3;3;5;2;2;4;3;3;4;3;3;3;2;2;3;2;2;4;3;2;1;0;1;1;0;1;0;2;1;0;0;0;0;1;0;0;0;0;0;0;0;0;2;995;995;995;995;995;995;995;995;4;1;0;0;0;1;0;0;2;2;995;4;2;2;1;1;3;1;2;2;2;2;3;999;1;2;3;1;1;;MENNETOU SUR   CHUR;MENNETOUSURCHUR;3;2;23;6;6;997;1;999;2;53;1;2;1;53;1;2;53;2;1;4;2;4;;;;;;
973;2;1;3;1;3;1;1;2;1;3;995;995;995;995;995;995;995;995;2;2;2;1;1;3;3;3;1;3;3;3;1;1;2;1;1;2;1;2;3;2;2;0;0;1;0;1;0;999;2;995;995;995;995;995;995;995;995;995;995;995;995;995;2;995;995;995;995;995;995;995;995;3;1;0;1;0;0;0;0;2;2;995;4;2;2;2;2;2;3;2;2;2;2;3;3;1;2;3;2;995;;SAINT NICOLAS DE LA TAILLE;SAINTNICOLASDELATAILLE;3;2;12;997;997;997;1;999;1;43;1;5;2;43;1;5;43;5;3;3;2;3;;;;;;
974;2;1;3;2;1;1;1;1;1;1;0;1;1;1;0;0;0;0;2;5;3;5;5;5;5;4;3;4;4;4;4;3;2;3;3;3;3;3;3;2;3;0;0;0;0;1;0;5;995;995;995;995;995;995;995;995;995;995;995;995;995;995;2;995;995;995;995;995;995;995;995;4;2;0;0;0;1;0;0;1;2;995;4;2;2;2;2;2;2;2;2;2;2;2;3;1;2;4;2;995;;BOOS;BOOS;3;1;13;997;997;997;1;999;2;36;1;6;1;36;1;5;36;5;3;2;1;3;;;;;;
975;2;1;3;2;3;1;1;1;2;1;0;0;1;0;0;0;1;0;1;5;2;3;5;4;5;4;3;3;4;3;4;3;1;1;3;1;3;3;3;4;2;1;0;0;0;1;0;5;995;995;995;995;995;995;995;995;995;995;995;995;995;995;2;995;995;995;995;995;995;995;995;3;1;1;0;0;0;0;0;3;2;995;2;2;2;2;2;2;3;2;2;2;2;2;999;1;2;3;1;3;;NORVILLE;NORVILLE;3;2;16;2;997;997;1;999;2;41;1;4;1;41;1;4;41;4;2;3;2;3;;;;;;
976;2;2;2;2;1;1;1;1;2;3;995;995;995;995;995;995;995;995;1;4;3;2;3;2;2;3;3;3;3;3;3;1;2;1;1;2;2;3;2;1;2;0;0;1;0;1;0;2;1;0;0;0;0;0;0;0;0;0;0;1;0;0;2;995;995;995;995;995;995;995;995;4;1;0;0;0;1;0;0;3;2;995;4;2;2;1;2;1;3;2;2;2;2;1;3;1;2;4;1;4;;BIERVILLE;BIERVILLE;3;1;5;997;997;997;1;2;2;33;1;5;1;33;1;5;33;5;3;2;1;1;;;;;;
977;2;1;1;2;3;3;1;1;1;1;1;1;1;0;0;1;0;0;1;999;1;2;1;2;3;4;1;3;3;1;1;1;1;1;1;3;1;3;1;5;1;1;1;0;1;0;0;4;995;995;995;995;995;995;995;995;995;995;995;995;995;995;2;995;995;995;995;995;995;995;995;999;2;0;1;0;0;0;0;999;2;995;1;2;2;2;2;2;3;2;2;2;2;2;3;1;2;3;4;995;;SAINT ETIENNE DU ROUVRAY;SAINTETIENNEDUROUVRAY;1;3;14;1;1;997;1;999;2;35;1;5;1;35;1;5;35;5;3;2;3;3;;;;;;
978;2;1;1;1;1;1;2;2;1;1;1;1;0;1;0;0;0;0;2;5;1;1;5;2;2;4;1;3;4;3;3;3;2;2;3;2;2;4;4;5;2;1;1;1;0;0;0;3;995;995;995;995;995;995;995;995;995;995;995;995;995;995;2;995;995;995;995;995;995;995;995;999;2;0;0;0;0;0;1;999;999;999;999;1;1;2;1;1;3;2;2;2;2;2;3;1;1;4;1;4;;MONTIVILLIERS;MONTIVILLIERS;2;1;4;997;997;997;1;999;2;29;1;5;1;29;1;5;29;5;3;1;1;1;;;;;;
979;2;2;3;3;1;1;2;2;2;3;995;995;995;995;995;995;995;995;1;2;999;2;1;1;2;2;3;2;3;2;2;1;1;2;2;1;2;2;3;5;2;0;0;1;0;1;0;4;995;995;995;995;995;995;995;995;995;995;995;995;995;995;2;995;995;995;995;995;995;995;995;3;2;0;0;0;0;1;0;3;2;995;3;2;2;2;2;2;3;2;2;2;2;3;3;1;2;3;1;3;;SOTTEVILLE LES ROUEN;SOTTEVILLELESROUEN;1;2;21;6;2;997;1;999;2;43;1;4;1;43;1;4;43;4;2;3;2;4;;;;;;
980;2;2;2;2;1;1;2;1;2;1;1;0;0;1;0;0;1;0;999;3;2;2;2;5;2;3;3;3;3;4;2;1;2;2;2;3;2;3;3;2;2;0;0;1;0;0;0;4;995;995;995;995;995;995;995;995;995;995;995;995;995;995;2;995;995;995;995;995;995;995;995;4;2;0;0;0;1;0;0;3;1;4;4;2;2;2;2;2;3;2;2;2;2;2;999;1;2;3;4;995;;BARENTIN;BARENTIN;2;2;19;5;2;997;1;999;2;41;1;4;1;41;1;4;41;4;2;3;2;4;;;;;;
981;2;2;2;2;1;1;2;2;2;1;1;0;1;0;0;0;0;0;1;3;2;3;2;2;2;3;1;3;3;1;3;2;1;2;2;1;2;3;3;2;1;0;1;0;0;1;0;3;995;995;995;995;995;995;995;995;995;995;995;995;995;995;2;995;995;995;995;995;995;995;995;3;2;0;0;0;0;0;1;2;2;995;2;2;2;2;2;2;3;2;2;2;2;2;999;1;2;4;4;995;;HATTENVILLE;HATTENVILLE;3;2;24;6;6;997;1;999;2;43;1;5;1;43;1;5;43;5;3;3;2;4;;;;;;
982;2;2;2;1;3;3;2;2;2;1;1;0;1;0;0;0;0;0;999;5;3;5;5;2;5;4;3;4;4;3;4;3;2;3;3;2;3;3;2;5;3;0;0;0;0;1;0;4;995;995;995;995;995;995;995;995;995;995;995;995;995;995;2;995;995;995;995;995;995;995;995;3;2;0;0;0;0;1;0;3;2;995;4;2;2;2;2;2;3;2;2;2;2;2;999;1;2;999;2;995;;LE TREPORT;LETREPORT;2;3;16;6;6;2;1;1;2;52;1;4;1;52;1;4;52;4;2;4;3;3;;;;;;
983;2;2;2;1;1;1;1;1;1;1;1;1;0;1;0;1;0;0;1;5;2;3;5;3;5;4;1;3;4;3;4;3;2;2;3;2;3;3;4;5;3;1;1;0;1;0;0;2;2;995;995;995;995;995;995;995;995;995;995;995;995;995;2;995;995;995;995;995;995;995;995;999;2;1;0;0;0;0;0;3;2;995;4;2;2;2;1;2;3;2;2;2;2;3;3;1;2;2;4;995;;BAZINVAL;BAZINVAL;3;2;15;2;997;997;1;999;2;41;1;6;1;41;1;6;41;6;3;3;2;3;;;;;;
984;2;2;2;2;1;1;2;1;2;2;0;0;0;0;0;0;0;0;2;5;3;4;5;5;5;4;3;4;4;4;4;3;1;3;3;3;3;2;3;3;2;0;0;1;0;1;0;3;995;995;995;995;995;995;995;995;995;995;995;995;995;995;2;995;995;995;995;995;995;995;995;3;1;1;0;0;0;0;0;2;2;995;3;1;1;1;1;2;3;2;2;2;2;3;2;1;2;3;4;995;;DIEPPE;DIEPPE;2;2;;6;3;997;1;999;2;48;1;5;1;48;1;5;48;5;3;3;2;1;;;;;;
985;2;1;2;2;1;1;1;1;1;1;1;0;0;1;1;0;0;0;999;4;2;2;5;3;5;3;2;2;4;2;4;1;1;1;3;1;3;3;3;2;3;1;0;1;0;1;0;4;995;995;995;995;995;995;995;995;995;995;995;995;995;995;2;995;995;995;995;995;995;995;995;4;2;0;0;0;1;0;0;2;2;995;3;2;2;2;1;1;3;2;2;2;2;3;3;1;2;3;1;4;;EU;EU;2;2;6;997;997;997;1;999;1;37;1;3;2;37;1;3;37;3;1;2;2;2;;;;;;
986;2;1;2;2;1;1;1;1;1;1;1;0;1;0;0;0;0;0;1;3;2;3;3;2;2;3;1;3;3;1;3;2;2;2;2;2;2;2;2;2;2;0;0;0;0;1;0;2;2;995;995;995;995;995;995;995;995;995;995;995;995;995;2;995;995;995;995;995;995;995;995;2;2;0;0;0;0;1;0;2;2;995;2;2;2;2;2;2;2;2;2;2;2;2;2;1;2;3;4;995;;MELAMARE;MELAMARE;3;1;;2;997;997;1;999;1;62;2;7;2;62;2;7;62;7;4;4;1;1;;;;;;
987;2;2;3;2;1;1;2;1;1;3;995;995;995;995;995;995;995;995;2;5;4;3;5;2;5;4;3;3;4;3;4;3;2;2;3;2;3;2;2;2;3;0;0;0;0;1;0;5;995;995;995;995;995;995;995;995;995;995;995;995;995;995;2;995;995;995;995;995;995;995;995;999;2;0;0;0;0;1;0;3;2;995;2;2;2;2;2;2;3;2;2;2;2;2;3;1;2;4;1;6;;DEVILLE LES ROUEN;DEVILLELESROUEN;1;1;3;997;997;997;1;999;2;32;1;4;1;32;1;4;32;4;2;2;1;1;;;;;;
988;2;2;2;1;1;1;2;2;2;1;0;0;1;0;0;0;0;0;1;5;2;2;2;2;2;4;2;2;2;2;2;3;2;2;2;2;2;2;2;5;2;1;1;0;0;0;0;5;995;995;995;995;995;995;995;995;995;995;995;995;995;995;2;995;995;995;995;995;995;995;995;3;2;0;0;0;0;0;0;2;2;995;4;2;2;2;2;2;2;2;2;2;2;2;3;1;2;3;4;995;;DUCLAIR;DUCLAIR;3;2;5;997;997;997;1;999;2;31;1;5;1;31;1;5;31;5;3;2;2;1;;;;;;
989;2;1;1;1;1;1;1;2;1;1;1;0;0;1;1;1;0;0;1;1;1;1;1;5;5;1;1;1;1;999;999;1;1;1;1;999;999;4;4;4;3;1;1;1;0;0;0;2;1;0;0;1;0;0;0;0;0;0;0;0;0;0;2;995;995;995;995;995;995;995;995;3;1;1;0;0;0;0;0;1;2;995;4;2;1;2;1;1;999;2;2;2;1;1;999;999;999;999;1;1;;SAINT JEAN DE FOLLEVILLE;SAINTJEANDEFOLLEVILLE;3;3;22;6;5;2;1;999;2;50;1;3;1;50;1;3;50;3;1;4;3;4;;;;;;
990;2;1;1;1;1;1;1;1;1;1;1;0;0;1;0;0;1;0;1;4;3;2;2;1;1;3;1;999;1;1;3;2;1;1;1;1;2;3;1;3;1;1;0;0;0;0;0;2;1;0;0;0;0;0;1;0;0;0;0;0;0;0;2;995;995;995;995;995;995;995;995;4;2;0;0;0;1;0;0;999;2;995;1;999;1;999;1;1;999;999;1;999;1;1;999;999;999;999;1;999;;LE HAVRE;LEHAVRE;1;2;23;6;5;997;1;2;2;51;1;5;1;51;2;5;51;5;3;4;2;4;;;;;;
991;2;2;2;2;1;1;1;1;1;1;1;1;1;1;0;1;0;0;1;5;2;3;5;2;5;4;1;1;4;2;4;3;1;1;3;2;3;3;3;3;3;1;1;1;0;0;0;2;1;0;1;0;0;0;0;0;0;0;0;0;0;0;2;995;995;995;995;995;995;995;995;4;2;0;1;0;0;0;0;999;2;995;3;2;1;1;2;1;3;2;2;1;2;2;3;1;2;4;2;995;;YVILLE SUR SEINE;YVILLESURSEINE;3;3;23;6;6;6;1;999;2;50;2;8;1;50;1;8;50;8;4;4;3;4;;;;;;
992;2;1;3;1;1;1;2;1;1;1;1;1;1;1;0;0;0;0;2;1;2;3;5;2;5;3;1;3;4;3;4;2;2;2;3;2;3;3;3;5;3;1;1;1;0;0;0;5;995;995;995;995;995;995;995;995;995;995;995;995;995;995;2;995;995;995;995;995;995;995;995;4;2;0;0;0;1;0;0;3;2;995;2;2;2;2;2;2;3;2;2;2;2;2;999;1;2;4;4;995;;SAINT ETIENNE DU ROUVRAY;SAINTETIENNEDUROUVRAY;1;1;23;6;997;997;1;999;2;46;1;5;1;46;999;5;46;5;3;3;1;4;;;;;;
993;2;2;3;2;3;1;1;2;2;1;1;1;0;0;1;0;1;0;2;3;2;2;2;2;3;3;1;2;2;3;3;1;1;1;1;2;2;3;3;3;3;0;0;1;0;0;0;4;995;995;995;995;995;995;995;995;995;995;995;995;995;995;2;995;995;995;995;995;995;995;995;999;999;0;0;0;0;0;0;999;999;999;999;999;999;999;999;999;999;999;999;999;999;999;3;1;2;999;2;995;;YMARE;YMARE;3;2;8;997;997;997;1;999;1;41;1;3;2;41;2;3;41;3;1;3;2;2;;;;;;
994;2;1;4;2;3;3;1;1;2;1;1;0;1;0;0;0;0;0;1;5;3;3;5;5;5;4;3;3;4;4;4;3;1;2;3;3;3;2;3;5;3;0;0;0;0;0;1;5;995;995;995;995;995;995;995;995;995;995;995;995;995;995;2;995;995;995;995;995;995;995;995;2;1;0;0;0;0;1;0;2;999;999;2;2;2;2;2;2;3;2;2;2;2;3;999;1;1;3;4;995;;999;999;999;1;14;1;997;997;1;1;2;50;2;8;1;50;1;8;50;8;4;4;1;3;;;;;;
995;2;1;2;2;2;2;2;2;2;2;0;0;0;0;0;0;0;0;2;5;2;3;5;2;5;4;2;3;4;2;4;3;2;2;3;2;3;3;3;3;3;1;1;0;1;0;0;5;995;995;995;995;995;995;995;995;995;995;995;995;995;995;2;995;995;995;995;995;995;995;995;4;2;0;0;0;0;1;0;3;2;995;2;2;2;2;2;2;3;2;2;2;2;2;3;1;2;3;999;1;;BLAINVILLE CREVON;BLAINVILLECREVON;3;2;5;997;997;997;1;2;2;34;1;3;1;34;1;3;34;3;1;2;2;1;;;;;;
996;2;2;1;3;1;1;2;1;1;1;0;1;1;0;0;0;1;0;2;3;2;1;1;3;4;3;1;3;3;1;3;1;1;2;2;2;1;2;3;5;3;1;0;1;0;1;0;3;995;995;995;995;995;995;995;995;995;995;995;995;995;995;2;995;995;995;995;995;995;995;995;4;2;0;0;0;1;0;0;3;2;995;3;2;2;2;1;1;3;2;2;2;2;2;3;1;1;3;1;4;;BARENTIN;BARENTIN;2;2;10;997;997;997;1;999;2;38;1;5;1;38;1;5;38;5;3;2;2;2;;;;;;
997;2;2;999;2;3;3;1;1;2;3;995;995;995;995;995;995;995;995;2;3;3;2;2;3;4;2;3;2;3;2;2;2;2;1;1;2;2;2;2;2;2;0;0;0;0;1;0;2;1;0;0;0;0;0;0;0;1;0;0;0;0;0;2;995;995;995;995;995;995;995;995;2;2;0;0;0;0;0;1;2;2;995;2;2;2;2;1;2;3;2;2;2;2;2;3;1;2;4;2;995;;MANNEVILLE LA GOUPIL;MANNEVILLELAGOUPIL;3;2;18;5;997;997;1;999;2;44;1;4;1;44;1;4;44;4;2;3;2;4;;;;;;
998;2;2;3;999;1;1;1;1;1;1;1;0;1;1;0;1;0;0;1;3;2;5;2;999;3;999;1;4;1;999;1;2;1;3;1;999;1;3;3;5;3;0;1;0;0;1;0;4;995;995;995;995;995;995;995;995;995;995;995;995;995;995;2;995;995;995;995;995;995;995;995;3;2;1;0;0;0;0;0;2;2;995;4;1;1;1;1;1;3;2;2;2;2;2;2;1;2;4;1;6;;BLAINVILLE CREVON;BLAINVILLECREVON;3;2;5;997;997;997;1;999;2;29;1;5;1;29;1;5;29;5;3;1;2;1;;;;;;
999;2;2;999;999;1;1;1;2;1;1;1;0;1;1;0;0;0;0;2;2;3;2;5;1;1;2;2;2;4;2;2;1;1;1;3;2;2;2;3;3;3;0;0;1;0;1;0;4;995;995;995;995;995;995;995;995;995;995;995;995;995;995;2;995;995;995;995;995;995;995;995;3;2;0;0;0;1;0;0;999;999;999;999;1;1;1;2;2;3;2;2;2;2;2;3;2;995;2;1;3;;BETTEVILLE;BETTEVILLE;3;2;4;997;997;997;1;999;2;24;2;8;1;24;1;8;24;8;4;1;2;1;;;;;;
1000;2;2;2;2;3;3;1;1;2;1;0;0;0;1;1;1;0;0;1;5;3;3;5;2;3;999;999;999;999;999;999;3;1;1;3;1;1;2;3;5;2;0;0;0;0;1;0;5;995;995;995;995;995;995;995;995;995;995;995;995;995;995;2;995;995;995;995;995;995;995;995;3;2;0;0;0;0;1;0;3;2;995;3;2;2;2;2;2;3;2;2;2;2;2;3;1;2;4;2;995;;TANCARVILLE;TANCARVILLE;3;2;14;997;997;997;1;999;2;41;1;4;1;41;1;4;41;4;2;3;2;3;;;;;;
1001;2;2;2;2;1;1;1;1;2;3;995;995;995;995;995;995;995;995;2;5;2;5;5;5;5;4;1;4;4;4;4;3;2;3;3;3;3;2;2;2;2;0;0;0;0;1;0;5;995;995;995;995;995;995;995;995;995;995;995;995;995;995;2;995;995;995;995;995;995;995;995;2;1;0;0;0;0;1;0;3;2;995;3;3;1;3;1;3;3;3;3;3;3;3;3;1;999;3;999;999;;BLACQUEVILLE;BLACQUEVILLE;3;2;12;1;997;997;1;999;2;37;2;8;1;37;1;8;37;8;4;2;2;3;;;;;;
1002;2;2;2;1;1;1;2;2;1;3;995;995;995;995;995;995;995;995;2;2;1;1;1;2;1;3;3;1;1;1;3;2;2;2;2;2;2;2;3;2;3;1;0;1;1;0;0;5;995;995;995;995;995;995;995;995;995;995;995;995;995;995;2;995;995;995;995;995;995;995;995;2;1;0;0;0;0;0;1;2;2;995;2;2;2;2;2;2;2;999;999;999;999;999;3;1;2;4;4;995;;BOLBEC;BOLBEC;2;5;10;997;997;997;1;999;2;33;2;8;1;33;1;8;33;8;4;2;4;2;;;;;;
1003;2;2;3;2;1;1;2;2;2;1;1;0;1;0;0;0;0;0;1;5;5;5;5;5;5;4;4;4;4;4;4;3;3;3;3;3;3;3;3;2;3;0;0;0;0;1;0;4;995;995;995;995;995;995;995;995;995;995;995;995;995;995;2;995;995;995;995;995;995;995;995;1;2;0;0;0;0;0;1;999;999;999;4;2;2;2;1;1;3;999;999;999;999;999;3;1;2;3;2;995;;PAVILLY;PAVILLY;2;2;18;5;997;997;1;2;2;46;1;5;1;46;1;5;46;5;3;3;2;4;;;;;;
1004;2;1;3;3;3;3;2;2;2;3;995;995;995;995;995;995;995;995;2;5;3;3;5;4;5;4;3;3;4;3;4;3;2;2;3;2;3;3;3;4;1;0;0;1;0;0;0;2;2;995;995;995;995;995;995;995;995;995;995;995;995;995;2;995;995;995;995;995;995;995;995;2;2;0;1;0;0;0;0;3;2;995;2;2;2;2;2;3;3;2;2;2;2;3;3;1;2;3;2;995;;LE HAVRE;LEHAVRE;1;3;24;6;5;5;1;999;2;48;2;8;1;48;1;8;48;8;4;3;3;4;;;;;;
1005;2;2;3;2;1;1;1;1;2;1;1;1;0;0;1;1;0;0;1;3;3;3;3;3;3;3;1;3;3;1;1;1;1;1;1;2;2;3;3;1;2;0;0;1;0;1;0;4;995;995;995;995;995;995;995;995;995;995;995;995;995;995;2;995;995;995;995;995;995;995;995;2;2;0;0;0;0;0;1;3;2;995;999;2;2;2;1;2;3;2;2;2;999;999;3;1;2;4;1;4;;SAINT LAURENT DE BREVEDENT;SAINTLAURENTDEBREVEDENT;2;3;15;2;997;997;1;999;2;41;2;8;1;41;1;8;41;8;4;3;3;3;;;;;;
1006;2;1;2;2;1;1;2;2;1;2;0;0;0;0;0;0;0;0;1;2;1;2;5;5;3;3;3;3;4;4;3;2;2;2;3;3;2;3;3;5;3;0;0;0;0;1;0;4;995;995;995;995;995;995;995;995;995;995;995;995;995;995;2;995;995;995;995;995;995;995;995;4;2;0;1;0;0;0;0;2;1;4;3;3;3;3;3;3;3;3;3;3;3;3;3;1;1;4;1;4;;LUNERAY;LUNERAY;3;1;4;997;997;997;1;999;2;35;1;3;1;35;1;3;35;3;1;2;1;1;;;;;;
1007;2;1;1;1;1;1;1;1;1;1;0;0;1;1;0;0;0;0;1;1;1;1;1;2;1;3;3;3;3;3;3;1;1;1;1;1;1;1;3;5;3;1;0;1;0;0;0;4;995;995;995;995;995;995;995;995;995;995;995;995;995;995;1;2;1;0;0;0;0;1;0;4;2;0;0;0;0;1;0;3;1;1;2;1;2;2;2;2;999;1;2;2;2;2;3;1;1;3;1;3;;BOUDEVILLE;BOUDEVILLE;3;2;6;997;997;997;1;999;2;34;2;8;1;34;1;8;34;8;4;2;2;2;;;;;;
1008;2;2;2;2;1;1;2;1;2;1;0;0;1;0;0;0;1;0;2;3;2;5;2;2;2;3;3;4;3;3;3;2;2;2;2;2;2;2;2;2;2;0;0;1;1;1;0;3;995;995;995;995;995;995;995;995;995;995;995;995;995;995;2;995;995;995;995;995;995;995;995;1;2;0;0;0;1;0;0;3;2;995;3;2;2;2;2;2;2;2;2;2;2;2;3;1;2;4;1;6;;MONTVILLE;MONTVILLE;2;2;3;997;997;997;1;2;2;29;2;8;1;29;1;8;29;8;4;1;2;1;;;;;;
1009;2;999;2;2;1;1;1;1;2;1;1;0;1;1;0;0;1;0;1;999;999;999;999;999;999;999;999;999;999;999;999;999;999;999;999;999;999;3;999;2;3;0;0;1;1;1;0;2;1;0;1;0;0;0;0;0;0;0;0;0;0;0;2;995;995;995;995;995;995;995;995;999;1;0;0;0;1;0;0;2;2;995;2;2;999;2;2;2;999;2;2;2;2;2;3;1;2;3;1;2;;LE TREPORT;LETREPORT;2;2;11;997;997;997;1;2;1;43;1;6;2;43;2;6;43;6;3;3;2;2;;;;;;
1010;2;2;3;2;3;1;2;2;2;1;1;0;1;0;0;0;0;0;2;1;2;4;2;5;4;3;3;4;3;4;3;2;2;3;2;3;2;3;3;2;3;0;0;1;0;1;0;3;995;995;995;995;995;995;995;995;995;995;995;995;995;995;2;995;995;995;995;995;995;995;995;2;2;0;0;0;1;0;0;3;2;995;4;2;2;2;2;1;3;2;2;2;2;2;2;1;2;4;1;4;;HARFLEUR;HARFLEUR;1;2;23;4;4;997;1;999;2;44;1;5;1;44;1;5;44;5;3;3;2;4;;;;;;
1011;2;2;3;2;3;1;2;2;2;1;1;0;1;1;0;0;0;0;2;5;3;3;5;3;5;4;3;3;4;3;4;3;2;2;3;2;3;3;4;5;2;1;0;0;1;1;0;4;995;995;995;995;995;995;995;995;995;995;995;995;995;995;2;995;995;995;995;995;995;995;995;4;1;0;0;0;0;1;0;2;2;995;2;1;1;1;2;3;3;1;1;2;2;3;3;1;2;4;2;995;;SOTTEVILLE LES ROUEN;SOTTEVILLELESROUEN;1;3;6;997;997;997;1;999;2;36;1;4;1;36;1;4;36;4;2;2;3;2;;;;;;
1012;2;2;3;2;1;1;1;1;2;1;1;0;1;0;0;0;1;1;1;1;3;3;5;3;3;4;3;2;4;3;3;3;1;2;3;2;1;3;3;1;2;0;0;0;0;1;0;5;995;995;995;995;995;995;995;995;995;995;995;995;995;995;2;995;995;995;995;995;995;995;995;2;1;0;1;0;0;0;0;3;2;995;2;2;2;2;2;2;3;2;2;2;2;3;2;1;2;3;1;1;;GRAND COURONNE;GRANDCOURONNE;2;3;8;997;997;997;1;999;2;36;2;8;1;36;1;8;36;8;4;2;3;2;;;;;;
1013;2;2;1;2;1;1;2;1;2;1;1;0;1;0;0;1;0;0;1;1;2;2;1;2;2;3;3;3;3;3;3;2;2;1;1;1;1;2;2;2;3;0;0;0;0;1;0;5;995;995;995;995;995;995;995;995;995;995;995;995;995;995;2;995;995;995;995;995;995;995;995;999;999;0;0;0;0;0;0;999;999;999;999;999;999;999;999;999;999;999;999;999;999;999;1;1;2;4;2;995;;BELBEUF;BELBEUF;2;3;21;6;6;5;1;999;2;56;2;7;1;56;2;7;56;7;4;4;3;4;;;;;;
1014;2;2;3;3;1;1;2;1;1;1;1;0;1;1;0;0;0;0;2;5;2;2;5;5;5;4;3;3;4;4;4;3;2;2;3;3;3;3;3;2;3;1;1;0;1;0;0;4;995;995;995;995;995;995;995;995;995;995;995;995;995;995;2;995;995;995;995;995;995;995;995;4;2;0;0;0;0;0;1;3;999;999;3;2;999;2;1;1;3;999;999;999;999;999;999;1;2;3;1;999;;LE TREPORT;LETREPORT;2;2;19;4;1;997;1;999;2;39;1;6;1;39;1;6;39;6;3;2;2;4;;;;;;
1015;2;1;2;2;3;3;1;1;1;1;1;0;1;1;0;1;0;0;1;999;1;999;2;999;2;3;1;1;1;1;1;1;2;2;2;2;1;4;4;5;3;0;0;1;1;1;0;2;1;0;0;0;0;0;0;0;0;0;1;0;0;0;2;995;995;995;995;995;995;995;995;2;2;0;1;0;0;0;0;1;2;995;2;2;999;2;1;1;3;2;2;2;2;2;3;1;2;4;2;995;;AUZEBOSC;AUZEBOSC;2;2;7;997;997;997;1;999;2;28;1;5;1;28;1;5;28;5;3;1;2;2;;;;;;
1016;2;2;3;2;1;1;2;2;2;1;1;0;1;0;0;0;0;0;1;3;3;3;3;3;2;3;3;3;3;3;3;2;2;2;2;2;2;3;3;5;3;0;0;0;0;1;0;4;995;995;995;995;995;995;995;995;995;995;995;995;995;995;2;995;995;995;995;995;995;995;995;2;2;0;1;0;0;0;0;3;999;999;4;2;2;1;2;2;2;999;999;999;999;999;3;1;2;3;2;995;;LINTOT;LINTOT;3;1;9;997;997;997;1;999;2;32;1;6;1;32;1;6;32;6;3;2;1;2;;;;;;
1017;2;2;2;999;3;3;2;2;1;1;1;0;1;1;0;0;0;0;1;5;3;5;3;3;3;4;3;3;3;3;3;3;1;2;2;2;2;4;4;3;1;0;1;0;1;0;0;5;995;995;995;995;995;995;995;995;995;995;995;995;995;995;2;995;995;995;995;995;995;995;995;3;2;0;0;0;1;0;0;3;2;995;2;3;3;3;3;3;999;999;999;999;999;999;999;999;999;999;1;6;;FECAMP;FECAMP;2;2;22;5;5;997;1;999;1;60;2;7;2;60;2;7;60;7;4;4;2;4;;;;;;
1018;2;1;2;1;1;1;1;1;2;1;0;0;0;0;0;0;0;1;1;3;2;3;3;2;2;3;999;3;3;2;2;2;2;1;1;1;1;3;3;2;3;1;0;0;1;0;0;2;1;0;0;1;0;0;0;0;0;0;0;0;0;0;2;995;995;995;995;995;995;995;995;3;2;0;1;0;0;0;0;2;2;995;3;2;2;2;2;2;2;2;2;2;2;2;3;1;2;3;1;4;;DIEPPE;DIEPPE;2;2;8;997;997;997;1;999;2;44;2;8;1;44;1;8;44;8;4;3;2;2;;;;;;
1019;2;2;3;2;1;1;2;1;2;3;995;995;995;995;995;995;995;995;2;3;2;3;2;1;1;3;1;3;3;3;1;2;1;2;2;1;1;3;2;2;3;0;0;1;0;1;0;3;995;995;995;995;995;995;995;995;995;995;995;995;995;995;2;995;995;995;995;995;995;995;995;1;2;0;0;0;1;0;0;2;2;995;4;2;2;2;2;1;3;2;2;2;2;2;3;1;2;4;1;2;;SAINT AUBIN D'EPINAY;SAINTAUBINDEPINAY;3;2;6;997;997;997;1;999;2;28;1;5;1;28;1;5;28;5;3;1;2;2;;;;;;
1020;2;1;3;2;3;1;999;1;1;3;995;995;995;995;995;995;995;995;1;5;3;3;5;2;5;4;1;3;4;1;4;3;1;2;3;1;3;4;3;5;3;1;1;1;0;0;0;5;995;995;995;995;995;995;995;995;995;995;995;995;995;995;2;995;995;995;995;995;995;995;995;2;2;1;0;0;0;0;0;2;999;999;3;2;2;2;1;1;3;2;2;2;2;2;2;1;2;2;2;995;;GRAND QUEVILLY;GRANDQUEVILLY;1;1;13;1;997;997;1;999;1;44;1;5;2;44;2;5;44;5;3;3;1;3;;;;;;
1021;2;1;2;2;3;2;2;1;2;1;1;0;1;1;0;0;0;0;1;2;2;1;5;1;1;3;2;3;4;2;2;1;1;1;3;1;2;3;4;5;3;1;1;1;0;0;0;999;2;995;995;995;995;995;995;995;995;995;995;995;995;995;2;995;995;995;995;995;995;995;995;4;2;0;0;0;1;0;0;3;2;995;4;2;1;2;1;1;3;2;1;2;1;2;3;1;2;2;1;1;;CAUDEBEC LES ELBEUF;CAUDEBECLESELBEUF;2;3;15;2;997;997;1;999;2;39;2;8;1;39;1;8;39;8;4;2;3;3;;;;;;
1022;2;1;3;2;1;1;1;1;1;1;0;0;0;1;1;1;1;1;1;999;999;2;2;2;2;999;999;2;2;999;999;1;1;1;1;1;1;3;3;1;3;1;1;0;1;0;0;2;1;0;1;0;0;0;0;0;0;0;0;0;0;0;1;2;0;0;0;0;0;1;0;4;2;0;0;0;0;0;1;3;1;1;2;2;2;2;2;2;2;2;2;2;2;2;3;1;2;3;2;995;;BIHOREL;BIHOREL;1;4;;6;6;6;1;999;2;57;1;5;1;57;1;5;57;5;3;4;4;1;;;;;;
1023;2;1;2;1;1;3;1;2;1;1;1;0;0;1;0;0;0;0;1;3;2;1;2;2;2;3;3;3;3;3;3;2;2;2;2;2;2;3;3;1;3;1;1;0;1;0;0;4;995;995;995;995;995;995;995;995;995;995;995;995;995;995;2;995;995;995;995;995;995;995;995;3;2;0;0;0;1;0;0;3;2;995;4;2;1;2;1;1;3;2;2;2;2;3;3;1;2;3;1;6;;CAUDEBEC LES ELBEUF;CAUDEBECLESELBEUF;2;2;18;6;6;997;1;999;2;46;1;5;1;46;1;5;46;5;3;3;2;4;;;;;;
1024;2;3;2;1;1;1;2;2;2;1;1;1;0;1;0;0;0;0;2;2;3;2;2;3;4;3;3;3;3;3;3;2;2;2;2;2;2;2;3;2;2;0;0;1;0;0;0;999;2;995;995;995;995;995;995;995;995;995;995;995;995;995;2;995;995;995;995;995;995;995;995;3;2;0;0;0;0;0;0;3;2;995;3;2;2;2;2;2;2;2;2;2;2;2;3;1;2;999;4;995;;PETIT QUEVILLY;PETITQUEVILLY;1;3;10;997;997;997;1;999;2;39;1;5;1;39;1;5;39;5;3;2;3;2;;;;;;
1025;2;2;2;2;1;1;2;2;2;1;1;0;0;1;0;0;0;0;2;999;999;999;999;999;999;999;999;999;999;999;999;999;999;999;999;999;999;3;3;2;3;1;0;1;0;0;0;3;995;995;995;995;995;995;995;995;995;995;995;995;995;995;2;995;995;995;995;995;995;995;995;4;999;0;0;0;0;0;0;999;999;999;3;1;999;1;1;1;999;999;999;999;999;999;3;1;2;3;2;995;;LA FERTE SAINT SAMSON;LAFERTESAINTSAMSON;3;2;3;997;997;997;1;999;2;39;1;3;1;39;1;3;39;3;1;2;2;1;;;;;;
1026;2;1;3;1;3;3;2;2;2;3;995;995;995;995;995;995;995;995;2;2;3;5;2;3;1;3;3;3;3;3;3;2;2;2;2;2;2;3;2;1;3;0;1;0;0;0;0;4;995;995;995;995;995;995;995;995;995;995;995;995;995;995;2;995;995;995;995;995;995;995;995;3;2;0;0;0;0;1;0;2;2;995;4;999;999;999;999;999;999;2;2;2;2;2;999;2;995;3;1;1;;ROUEN;ROUEN;1;2;21;2;1;997;1;999;1;64;1;3;2;64;1;3;64;3;1;5;2;4;;;;;;
1027;2;999;1;1;2;1;2;2;1;2;0;0;0;0;0;0;0;0;1;5;2;2;2;999;2;4;2;2;2;1;1;3;1;2;2;1;2;3;3;5;3;1;1;0;1;0;0;4;995;995;995;995;995;995;995;995;995;995;995;995;995;995;2;995;995;995;995;995;995;995;995;999;999;0;0;0;0;0;0;999;999;999;999;999;999;999;999;999;999;999;999;999;999;999;999;1;2;2;999;999;;LE HAVRE;LEHAVRE;1;2;23;997;997;997;1;999;2;55;2;8;1;55;1;8;55;8;4;4;2;4;;;;;;
1028;2;1;3;3;3;3;2;2;2;2;0;0;0;0;0;0;0;0;2;5;5;5;5;5;5;4;4;4;4;4;4;3;3;3;3;3;3;3;3;5;2;0;0;1;1;1;0;4;995;995;995;995;995;995;995;995;995;995;995;995;995;995;2;995;995;995;995;995;995;995;995;4;2;0;0;0;0;1;0;2;2;995;4;2;2;2;2;2;3;2;2;2;2;3;3;1;2;2;1;4;;LE TRATT;LETRATT;3;1;5;997;997;997;1;999;2;40;1;5;1;40;1;5;40;5;3;3;1;1;;;;;;
1029;2;2;2;2;1;1;1;1;2;1;1;1;1;1;0;0;0;0;1;999;999;999;999;999;999;999;999;999;999;999;999;999;999;999;999;999;999;3;3;5;3;0;0;1;0;1;0;1;1;0;0;1;0;0;0;0;0;0;0;0;0;0;2;995;995;995;995;995;995;995;995;3;2;0;0;0;0;0;0;999;999;999;2;2;1;1;1;2;1;999;999;999;999;999;3;1;2;3;2;995;;999;999;999;2;17;2;1;997;1;999;2;47;1;4;1;47;1;4;47;4;2;3;2;3;;;;;;
1030;2;1;3;2;1;1;1;2;2;1;1;1;0;1;0;0;0;0;1;4;2;3;5;4;5;3;1;2;4;3;4;1;2;2;3;1;3;4;3;3;2;0;1;1;1;0;0;5;995;995;995;995;995;995;995;995;995;995;995;995;995;995;2;995;995;995;995;995;995;995;995;2;2;1;0;0;0;0;0;3;2;995;2;1;1;3;1;1;3;2;2;2;2;3;3;1;2;3;2;995;;ROUEN;ROUEN;1;2;21;6;5;997;1;2;2;50;1;5;1;50;1;5;50;5;3;4;2;4;;;;;;
1031;2;1;3;2;3;1;2;1;1;1;1;1;0;0;0;0;0;0;2;5;2;3;5;3;2;4;1;3;4;3;3;3;1;2;3;2;2;3;4;2;3;1;0;0;0;0;0;1;2;995;995;995;995;995;995;995;995;995;995;995;995;995;2;995;995;995;995;995;995;995;995;3;2;0;1;0;0;0;0;2;2;995;3;1;1;1;2;2;3;2;2;2;2;2;999;1;2;2;1;6;;CANTELEU;CANTELEU;2;3;18;5;2;997;1;2;2;45;2;8;1;45;1;8;45;8;4;3;3;4;;;;;;
1032;2;1;1;1;3;3;2;2;2;2;0;0;0;0;0;0;0;0;2;4;2;2;5;5;3;3;2;3;999;2;3;1;2;3;3;2;2;2;2;1;3;0;0;0;0;1;0;5;995;995;995;995;995;995;995;995;995;995;995;995;995;995;1;2;0;0;0;0;0;1;0;1;1;0;0;0;0;0;0;2;999;999;3;2;2;2;1;1;3;2;2;2;2;2;2;1;2;3;1;1;;LES AUTHIEUX PORT SAINT OUEN;LESAUTHIEUXPORTSAINTOUEN;3;3;24;6;6;5;1;999;2;55;1;4;1;55;2;4;55;4;2;4;3;4;;;;;;
1033;2;2;2;1;1;1;1;1;2;1;1;0;1;0;1;0;0;0;1;3;2;2;5;3;1;3;2;2;999;1;1;1;2;2;3;2;1;3;3;2;3;0;0;0;0;1;0;3;995;995;995;995;995;995;995;995;995;995;995;995;995;995;2;995;995;995;995;995;995;995;995;3;2;0;0;0;1;0;0;1;2;995;3;2;2;2;1;2;3;2;2;2;2;3;999;1;2;2;999;999;;999;999;999;2;21;6;3;997;1;999;2;49;1;4;1;49;1;4;49;4;2;3;2;4;;;;;;
1034;2;2;2;2;1;1;2;2;2;1;0;0;0;0;0;0;0;0;2;2;2;2;2;2;2;1;1;2;2;2;1;1;2;1;2;1;1;3;2;2;3;1;0;1;0;0;0;5;995;995;995;995;995;995;995;995;995;995;995;995;995;995;2;995;995;995;995;995;995;995;995;999;2;0;0;0;0;1;0;2;2;995;2;2;2;2;2;2;2;2;2;2;2;2;3;2;995;3;2;995;;REMALARD;REMALARD;3;2;22;6;5;997;1;999;1;52;1;4;2;52;1;4;52;4;2;4;2;4;;;;;;
1035;2;1;1;1;3;3;1;1;1;1;0;0;1;1;0;0;0;0;1;5;2;3;5;2;5;3;2;2;4;2;3;3;1;1;1;1;1;3;3;5;3;1;0;1;0;1;0;5;995;995;995;995;995;995;995;995;995;995;995;995;995;995;2;995;995;995;995;995;995;995;995;999;2;0;0;1;0;0;0;1;999;999;1;999;999;999;1;999;999;999;999;999;999;1;3;2;995;3;3;995;;BOOS;BOOS;3;2;7;997;997;997;1;1;2;30;1;5;1;30;1;5;30;5;3;2;2;2;;;;;;
1036;2;1;2;1;1;1;1;1;1;1;0;0;0;0;0;0;0;0;1;999;999;999;999;999;999;1;999;999;999;999;1;999;999;999;999;999;999;3;4;5;3;0;1;0;1;1;0;2;995;995;995;995;995;995;995;995;995;995;995;995;995;995;2;995;995;995;995;995;995;995;995;999;2;0;1;0;0;0;0;2;999;999;4;1;1;999;999;1;1;999;999;999;999;999;3;1;2;2;2;995;;SAINTE ADRESSE;SAINTEADRESSE;1;2;6;997;997;997;1;2;2;37;1;3;1;37;1;3;37;3;1;2;2;2;;;;;;
1037;2;2;999;2;1;1;1;1;2;1;1;1;0;1;0;1;0;0;999;2;999;999;2;5;3;2;1;999;3;4;3;1;1;999;1;3;1;3;3;5;3;1;1;0;1;0;0;2;2;995;995;995;995;995;995;995;995;995;995;995;995;995;2;995;995;995;995;995;995;995;995;4;2;1;0;0;0;0;0;3;1;3;4;2;1;2;1;2;3;2;1;2;2;2;999;999;999;999;2;995;;MONTIVILLIERS;MONTIVILLIERS;2;2;18;3;2;997;1;999;2;46;1;3;1;46;1;3;46;3;1;3;2;4;;;;;;
1038;2;2;2;2;1;1;1;1;1;1;0;0;0;1;0;0;0;0;2;3;2;2;5;2;2;3;1;1;4;3;3;2;1;2;3;2;2;3;2;2;1;0;1;0;0;1;0;5;995;995;995;995;995;995;995;995;995;995;995;995;995;995;2;995;995;995;995;995;995;995;995;2;2;0;0;1;0;0;0;2;2;995;4;2;2;2;2;2;2;2;2;2;2;2;999;1;2;3;999;999;;ECTOT L'AUBER;ECTOTLAUBER;3;2;5;997;997;997;1;999;2;37;1;4;1;37;1;4;37;4;2;2;2;1;;;;;;
1039;2;2;3;2;1;1;1;1;2;1;0;0;0;1;0;0;0;0;2;2;5;5;3;1;1;1;3;3;1;1;1;1;2;2;1;1;1;3;3;5;2;0;0;1;0;1;0;5;995;995;995;995;995;995;995;995;995;995;995;995;995;995;1;2;0;0;0;0;0;1;0;999;2;0;0;0;0;1;0;2;2;995;4;2;2;2;3;3;3;2;2;2;3;3;3;1;2;4;4;995;;999;999;999;2;17;3;997;997;1;999;2;41;1;6;1;41;1;6;41;6;3;3;2;3;;;;;;
1040;2;3;2;1;1;1;1;1;3;3;995;995;995;995;995;995;995;995;1;5;3;5;5;3;5;4;1;4;4;4;4;3;3;3;3;3;3;3;3;5;3;0;0;0;0;1;0;2;1;0;1;0;0;0;0;0;0;0;0;0;0;0;1;2;0;0;0;0;0;1;0;1;2;0;0;0;0;0;1;2;2;995;4;2;2;2;2;1;2;2;2;2;2;2;999;1;2;4;1;1;;SAINT MARTIN LE GAILLARD;SAINTMARTINLEGAILLARD;3;2;12;997;997;997;1;1;2;37;1;6;1;37;1;6;37;6;3;2;2;3;;;;;;
1041;2;1;1;1;1;1;1;1;1;1;1;0;0;1;0;0;0;0;1;5;2;2;5;3;2;4;1;1;4;1;1;3;1;1;3;1;1;4;4;5;3;1;0;0;0;0;0;1;1;0;0;1;0;0;0;0;0;0;0;0;0;0;2;995;995;995;995;995;995;995;995;2;2;0;0;0;0;1;0;3;2;995;4;2;2;2;2;2;3;2;2;2;2;3;3;1;1;3;2;995;;999;999;999;3;7;997;997;997;1;999;2;48;2;8;1;48;1;8;48;8;4;3;3;2;;;;;;
1042;2;2;3;1;3;1;2;1;2;3;995;995;995;995;995;995;995;995;2;5;3;1;5;4;2;4;3;3;4;3;2;3;2;1;3;2;1;2;3;5;3;0;1;0;0;1;0;5;995;995;995;995;995;995;995;995;995;995;995;995;995;995;2;995;995;995;995;995;995;995;995;2;2;0;1;0;0;0;0;3;2;995;2;2;2;2;2;2;3;999;999;999;999;999;2;1;2;3;2;995;;PETIT COURONNE;PETITCOURONNE;2;3;14;1;1;997;1;999;2;38;1;4;1;38;1;4;38;4;2;2;3;3;;;;;;
1043;2;1;1;2;1;1;1;1;1;1;1;1;0;1;0;0;0;0;2;2;2;2;2;5;4;1;1;1;1;4;1;2;2;999;1;3;1;4;4;4;1;1;1;1;0;0;0;5;995;995;995;995;995;995;995;995;995;995;995;995;995;995;2;995;995;995;995;995;995;995;995;3;2;0;0;0;1;0;0;3;1;2;2;2;2;2;1;1;3;2;2;2;1;1;999;1;2;4;4;995;;SAINT ETIENNE DU ROUVRAY;SAINTETIENNEDUROUVRAY;1;3;22;5;6;2;1;999;2;50;1;5;1;50;2;5;50;5;3;4;3;4;;;;;;
1044;2;2;3;2;1;3;1;2;2;2;0;0;0;0;0;0;0;0;1;5;2;5;5;3;5;4;2;3;4;2;4;3;1;2;3;2;3;3;3;4;2;1;1;0;0;1;0;2;2;995;995;995;995;995;995;995;995;995;995;995;995;995;2;995;995;995;995;995;995;995;995;999;1;0;0;0;1;0;0;2;999;999;3;1;1;1;1;1;3;1;1;1;1;1;999;1;2;3;1;1;;BOIS GUILBERT;BOISGUILBERT;3;2;6;997;997;997;1;999;2;39;1;5;1;39;1;5;39;5;3;2;2;2;;;;;;
1045;2;1;2;1;1;1;2;2;2;1;1;0;1;0;0;0;0;0;1;2;3;2;2;2;3;1;3;3;3;3;3;2;2;2;2;2;2;2;2;2;2;0;0;0;0;1;0;4;995;995;995;995;995;995;995;995;995;995;995;995;995;995;2;995;995;995;995;995;995;995;995;999;2;0;0;0;0;1;0;2;2;995;2;2;2;2;2;2;2;999;999;999;999;999;3;1;1;4;1;1;;LE PETIT QUEVILLY;LEPETITQUEVILLY;1;3;23;6;3;2;1;2;1;44;1;6;2;44;1;6;44;6;3;3;3;4;;;;;;
1046;2;3;2;2;1;1;2;2;3;3;995;995;995;995;995;995;995;995;1;5;3;3;5;2;2;4;1;1;4;3;3;3;1;1;3;2;2;3;2;2;2;0;0;0;0;1;0;5;995;995;995;995;995;995;995;995;995;995;995;995;995;995;2;995;995;995;995;995;995;995;995;3;2;0;0;0;0;1;0;2;2;995;2;2;2;2;1;1;1;2;2;2;1;1;2;1;2;4;4;995;;SAINT JACQUES SUR DARNETAL;SAINTJACQUESSURDARNETAL;3;2;23;6;5;997;1;2;2;51;1;5;1;51;1;5;51;5;3;4;2;4;;;;;;
1047;2;1;3;2;1;1;1;1;2;1;1;0;0;1;0;0;0;0;1;5;3;3;5;3;5;4;1;3;4;3;4;3;1;1;3;2;3;3;3;5;3;1;0;0;0;1;0;5;995;995;995;995;995;995;995;995;995;995;995;995;995;995;2;995;995;995;995;995;995;995;995;3;1;0;0;0;1;0;0;3;2;995;4;2;2;2;2;2;999;2;2;2;2;2;3;1;999;4;4;995;;LE PETIT QUEVILLY;LEPETITQUEVILLY;1;3;18;3;1;997;1;2;2;40;2;8;1;40;1;8;40;8;4;3;3;4;;;;;;
1048;2;3;3;3;3;3;2;2;3;3;995;995;995;995;995;995;995;995;2;3;3;3;3;3;3;3;3;3;3;3;3;1;2;2;2;2;2;1;2;2;3;0;0;0;0;1;0;5;995;995;995;995;995;995;995;995;995;995;995;995;995;995;2;995;995;995;995;995;995;995;995;2;2;0;0;0;0;1;0;3;2;995;3;2;2;1;2;2;3;2;2;2;2;2;2;1;2;3;2;995;;CANEHAN;CANEHAN;3;2;21;5;2;997;1;2;1;45;1;5;2;45;1;5;45;5;3;3;2;4;;;;;;
1049;2;2;3;1;1;1;2;1;2;3;995;995;995;995;995;995;995;995;2;2;2;2;2;1;1;3;1;3;3;3;3;1;2;1;1;2;2;2;3;5;3;0;1;0;0;1;0;4;995;995;995;995;995;995;995;995;995;995;995;995;995;995;2;995;995;995;995;995;995;995;995;3;2;0;0;0;1;0;0;3;2;995;3;2;2;2;2;2;2;2;2;2;2;2;999;1;2;4;2;995;;BOSC- BORDEL;BOSCBORDEL;3;3;23;6;6;6;1;999;1;62;2;7;2;62;2;7;62;7;4;4;3;4;;;;;;
1050;2;1;2;2;1;1;2;2;2;1;1;0;1;1;0;0;0;0;1;5;3;2;5;3;3;4;1;3;4;1;1;3;1;1;3;1;1;3;3;5;3;1;0;0;1;1;0;4;995;995;995;995;995;995;995;995;995;995;995;995;995;995;1;2;1;0;0;0;0;1;0;3;2;0;0;0;1;0;0;2;2;995;4;2;2;1;1;1;3;2;2;2;2;3;3;1;2;4;4;995;;SAHURS;SAHURS;3;3;24;6;5;5;1;999;2;51;1;4;1;51;1;4;51;4;2;4;3;4;;;;;;
1051;2;1;2;2;3;1;2;1;1;1;0;1;0;0;0;0;1;0;2;5;2;5;5;5;5;4;1;4;4;4;4;3;2;3;3;3;3;3;3;3;3;1;0;1;0;0;0;5;995;995;995;995;995;995;995;995;995;995;995;995;995;995;2;995;995;995;995;995;995;995;995;3;2;0;0;0;1;0;0;1;2;995;4;2;2;1;1;2;3;2;2;2;2;2;999;999;999;999;1;2;;GONFREVILLE L'ORCHER;GONFREVILLELORCHER;1;3;20;6;6;3;1;999;2;50;1;5;1;50;2;5;50;5;3;4;3;4;;;;;;
1052;2;2;3;2;1;1;1;1;2;1;1;1;0;0;0;0;0;0;1;3;2;2;2;2;3;3;3;3;3;3;3;1;1;2;2;2;2;2;3;3;2;0;1;0;0;1;0;2;1;0;0;0;0;0;0;0;0;0;0;1;0;0;2;995;995;995;995;995;995;995;995;4;2;0;0;0;1;0;0;3;2;995;2;2;1;2;2;1;3;2;2;2;2;3;3;1;2;3;2;995;;MALAUNAY;MALAUNAY;2;3;22;6;6;6;1;2;1;51;1;4;2;51;2;4;51;4;2;4;3;4;;;;;;
1053;2;2;2;2;1;1;2;2;2;1;1;1;1;0;1;0;0;0;1;2;1;1;3;2;2;3;1;1;3;1;1;2;1;2;3;2;2;2;2;2;3;0;0;1;0;1;0;5;995;995;995;995;995;995;995;995;995;995;995;995;995;995;2;995;995;995;995;995;995;995;995;2;1;1;0;0;0;0;0;1;1;2;4;2;2;2;1;1;3;2;2;2;2;2;999;1;2;3;2;995;;SAINTE CROIX SUR   BUCAY;SAINTECROIXSURBUCAY;3;4;;6;6;6;1;999;2;58;2;7;1;58;2;7;58;7;4;4;4;1;;;;;;
1054;2;2;3;3;1;1;1;1;2;1;0;0;0;0;1;0;0;1;2;5;3;3;5;3;3;4;3;3;3;3;3;3;1;2;3;2;2;3;2;2;3;0;0;1;0;1;0;4;995;995;995;995;995;995;995;995;995;995;995;995;995;995;2;995;995;995;995;995;995;995;995;3;1;0;0;0;1;0;0;2;2;995;2;2;2;2;2;2;3;2;2;2;2;2;3;1;2;3;1;4;;MONTIVILLIERS;MONTIVILLIERS;2;3;10;997;997;997;1;2;2;35;2;8;1;35;1;8;35;8;4;2;3;2;;;;;;
1055;2;1;2;2;1;1;1;1;1;1;1;1;1;1;0;0;0;1;1;2;2;1;2;3;2;1;1;1;1;1;1;1;1;1;1;1;1;2;2;5;2;0;0;0;0;1;1;5;995;995;995;995;995;995;995;995;995;995;995;995;995;995;1;2;1;0;0;0;0;1;0;3;1;1;0;0;0;0;0;1;2;995;2;999;999;999;999;1;999;999;999;999;999;999;3;1;2;3;1;1;;SAINT NICOLAS DE BLIQUETUIT;SAINTNICOLASDEBLIQUETUIT;3;4;18;2;5;4;1;1;2;39;1;5;1;39;1;5;39;5;3;2;4;4;;;;;;
1056;2;2;2;1;3;3;1;1;1;1;1;0;0;1;0;0;0;0;1;5;3;3;2;2;2;4;3;1;2;3;1;3;1;1;1;1;1;3;4;1;3;1;0;0;0;1;0;4;995;995;995;995;995;995;995;995;995;995;995;995;995;995;2;995;995;995;995;995;995;995;995;3;2;0;0;0;0;1;0;3;1;4;4;1;1;2;2;2;1;2;2;2;2;2;3;1;2;4;2;995;;LA FRESNAYE;LAFRESNAYE;2;2;9;997;997;997;1;999;2;38;1;3;1;38;1;3;38;3;1;2;2;2;;;;;;
1057;2;2;3;2;1;1;1;1;2;1;0;1;1;1;1;0;0;0;1;2;1;3;3;3;3;1;1;1;1;1;1;1;1;1;1;1;1;3;3;5;3;1;1;0;0;1;0;3;995;995;995;995;995;995;995;995;995;995;995;995;995;995;2;995;995;995;995;995;995;995;995;999;999;0;0;0;0;0;0;999;999;999;999;999;999;999;999;999;999;999;999;999;999;999;3;1;2;4;1;2;;ESLETTES;ESLETTES;2;3;20;6;6;1;1;2;2;44;1;6;1;44;1;6;44;6;3;3;3;4;;;;;;
1058;2;3;3;3;3;3;2;2;2;1;0;1;1;0;1;0;0;1;1;5;2;5;5;5;2;4;1;4;4;4;1;3;1;3;3;3;1;3;3;2;3;0;0;1;1;1;0;4;995;995;995;995;995;995;995;995;995;995;995;995;995;995;2;995;995;995;995;995;995;995;995;3;1;1;0;0;0;0;0;2;999;999;4;2;2;2;1;1;3;2;2;2;2;3;2;1;2;3;4;995;;CRIQUETOT L'ESNEVAL;CRIQUETOTLESNEVAL;3;2;17;3;997;997;1;1;2;45;1;5;1;45;1;5;45;5;3;3;2;3;;;;;;
1059;2;4;3;1;3;2;1;1;2;1;1;0;1;0;0;1;0;1;1;5;2;5;5;5;5;4;1;4;4;4;4;3;1;3;3;3;3;3;3;3;1;1;0;0;0;1;0;5;995;995;995;995;995;995;995;995;995;995;995;995;995;995;2;995;995;995;995;995;995;995;995;999;2;0;0;0;1;0;0;3;2;995;4;2;1;999;1;2;3;2;2;2;3;3;999;1;2;4;2;995;;ROUMARE;ROUMARE;3;2;10;997;997;997;1;2;1;39;1;5;2;39;1;5;39;5;3;2;2;2;;;;;;
1060;2;2;2;1;1;1;1;1;2;1;1;0;1;0;0;0;0;0;1;3;2;2;2;3;3;1;1;1;1;3;1;2;1;1;1;1;1;2;3;5;1;0;0;0;0;1;0;4;995;995;995;995;995;995;995;995;995;995;995;995;995;995;2;995;995;995;995;995;995;995;995;999;2;0;0;0;0;1;0;2;2;995;4;2;2;2;2;3;3;2;2;2;2;2;999;1;999;4;4;995;;SAINT PIERRE DE VARENGEVILLE;SAINTPIERREDEVARENGEVILLE;3;3;22;6;6;6;1;999;2;57;1;5;1;57;2;5;57;5;3;4;3;4;;;;;;
1061;2;2;2;1;3;2;1;1;1;1;1;1;0;0;1;1;0;0;999;3;3;2;5;2;2;3;1;3;4;1;1;1;1;1;3;1;1;4;4;5;3;1;1;1;0;0;0;4;995;995;995;995;995;995;995;995;995;995;995;995;995;995;2;995;995;995;995;995;995;995;995;4;2;1;0;0;0;0;0;2;1;3;4;2;2;2;2;3;3;2;2;2;2;2;3;1;2;4;2;995;;FECAMP;FECAMP;2;2;22;6;5;997;1;2;2;58;1;4;1;58;2;4;58;4;2;4;2;4;;;;;;
1062;2;1;2;1;3;3;1;1;1;1;1;1;1;1;0;0;0;0;1;3;1;2;1;3;1;1;1;3;1;1;1;1;1;1;1;1;1;4;4;3;2;1;1;0;1;0;0;3;995;995;995;995;995;995;995;995;995;995;995;995;995;995;2;995;995;995;995;995;995;995;995;3;2;1;0;0;0;0;0;2;2;995;4;1;1;1;1;1;1;999;999;999;999;999;2;1;2;3;1;6;;NEUVILLE LES DIEPPE;NEUVILLELESDIEPPE;3;3;11;1;997;997;1;999;2;39;2;8;1;39;1;8;39;8;4;2;3;2;;;;;;
1063;2;2;3;3;1;1;1;1;2;1;0;1;0;0;1;1;1;0;2;5;5;5;5;5;5;999;999;999;999;999;999;999;999;999;999;999;999;2;2;1;3;0;0;0;0;1;0;3;995;995;995;995;995;995;995;995;995;995;995;995;995;995;2;995;995;995;995;995;995;995;995;999;2;0;0;0;0;1;0;3;2;995;2;2;2;2;2;2;2;2;2;2;2;2;3;1;2;3;4;995;;VALLIQUERVILLE;VALLIQUERVILLE;3;2;19;4;4;997;1;999;1;46;1;5;2;46;1;5;46;5;3;3;2;4;;;;;;
1064;2;1;2;2;3;3;1;1;2;1;1;0;1;0;0;1;1;1;1;2;1;2;1;3;2;3;1;3;3;1;1;1;1;1;1;1;1;3;3;2;2;0;0;0;0;1;0;5;995;995;995;995;995;995;995;995;995;995;995;995;995;995;2;995;995;995;995;995;995;995;995;2;2;1;0;0;0;0;0;2;2;995;2;2;2;2;1;1;2;2;2;2;2;2;2;1;2;2;1;2;;ISNEAUVILLE;ISNEAUVILLE;2;2;5;997;997;997;1;999;2;39;1;3;1;39;2;3;39;3;1;2;2;1;;;;;;
1065;2;2;2;2;1;1;1;1;2;1;1;0;1;0;1;1;0;0;1;5;2;3;2;3;2;4;1;1;1;1;1;3;1;1;1;1;1;2;3;2;3;0;1;1;0;1;0;4;995;995;995;995;995;995;995;995;995;995;995;995;995;995;2;995;995;995;995;995;995;995;995;1;1;0;1;0;0;0;0;2;2;995;4;2;2;1;1;2;3;2;2;2;2;2;3;1;2;4;2;995;;LE HAVRE;LEHAVRE;1;3;19;6;3;997;1;999;2;40;1;5;1;40;1;5;40;5;3;3;3;4;;;;;;
1066;2;2;2;2;1;1;2;2;1;2;0;0;0;0;0;0;0;0;2;5;2;3;5;3;3;4;2;3;4;3;2;3;2;1;3;2;2;3;3;2;2;0;0;0;0;1;0;4;995;995;995;995;995;995;995;995;995;995;995;995;995;995;2;995;995;995;995;995;995;995;995;4;2;0;0;0;1;0;0;3;2;995;3;2;2;2;1;1;3;2;2;2;2;2;999;1;2;4;1;6;;NEUFCHATEL EN BRAY;NEUFCHATELENBRAY;3;2;13;997;997;997;1;999;2;36;1;5;1;36;1;5;36;5;3;2;2;3;;;;;;
1067;2;1;2;2;1;1;2;2;2;1;1;0;1;0;1;0;0;0;999;2;2;1;1;2;1;3;1;3;3;3;1;1;1;1;999;999;2;3;2;2;999;0;0;1;1;0;0;4;995;995;995;995;995;995;995;995;995;995;995;995;995;995;2;995;995;995;995;995;995;995;995;3;1;0;1;0;0;0;0;3;2;995;1;2;2;2;2;2;3;2;2;2;2;2;3;1;2;3;1;4;;SAINT MICHEL D'HALESCOURT;SAINTMICHELDHALESCOURT;3;2;19;6;5;997;1;999;2;46;1;5;1;46;2;5;46;5;3;3;2;4;;;;;;
1068;2;2;3;2;1;3;2;2;2;1;0;1;1;0;0;0;0;0;999;5;2;5;5;3;2;4;1;4;4;3;1;3;2;3;3;2;2;2;2;1;2;0;0;1;0;1;0;2;1;0;0;0;0;0;0;0;0;0;1;0;0;0;2;995;995;995;995;995;995;995;995;3;2;0;0;0;1;0;0;2;2;995;4;2;2;2;1;3;3;2;2;2;2;3;3;1;2;3;1;3;;GRAND QUEVILLY;GRANDQUEVILLY;1;3;5;997;997;997;1;2;2;35;1;5;1;35;2;5;35;5;3;2;3;1;;;;;;
1069;2;1;3;1;1;1;2;2;2;1;1;0;0;0;0;0;1;0;2;5;4;5;5;5;5;4;3;4;4;4;4;3;2;3;3;3;3;2;2;2;2;0;0;1;0;0;0;5;995;995;995;995;995;995;995;995;995;995;995;995;995;995;2;995;995;995;995;995;995;995;995;2;1;0;0;0;0;1;0;2;2;995;4;2;2;2;1;2;3;2;2;2;2;2;999;1;2;2;1;4;;BOIS GUILLAUME;BOISGUILLAUME;1;3;12;997;997;997;1;999;2;38;1;4;1;38;1;4;38;4;2;2;3;3;;;;;;
1070;2;1;999;1;1;1;1;1;1;1;0;0;0;1;0;0;0;0;999;999;999;999;999;999;999;999;999;999;999;999;999;999;999;999;999;999;999;999;3;5;3;0;1;0;0;1;0;3;995;995;995;995;995;995;995;995;995;995;995;995;995;995;2;995;995;995;995;995;995;995;995;4;2;0;0;0;0;0;0;1;2;995;999;2;2;2;2;2;3;2;2;2;2;2;3;1;2;2;2;995;;SAINT ADRESSE;SAINTADRESSE;1;2;10;997;997;997;1;999;2;37;1;5;1;37;1;5;37;5;3;2;2;2;;;;;;
1071;2;3;3;3;1;999;1;1;3;3;995;995;995;995;995;995;995;995;2;5;3;3;3;3;3;3;3;3;3;3;3;2;2;2;2;2;2;2;2;2;1;0;0;0;0;1;0;5;995;995;995;995;995;995;995;995;995;995;995;995;995;995;2;995;995;995;995;995;995;995;995;1;1;0;0;0;0;1;0;2;2;995;2;2;2;2;2;3;3;999;999;999;999;999;3;1;2;4;4;995;;CLEON;CLEON;2;1;6;997;997;997;1;2;2;45;1;5;1;45;1;5;45;5;3;3;1;2;;;;;;
1072;2;2;2;2;2;2;1;1;1;1;1;0;1;1;0;0;0;0;1;5;2;1;5;2;5;4;1;2;4;1;4;3;2;1;3;2;3;3;3;5;3;0;0;1;0;1;0;3;995;995;995;995;995;995;995;995;995;995;995;995;995;995;2;995;995;995;995;995;995;995;995;3;1;0;1;0;0;0;0;2;2;995;3;2;2;1;2;3;3;2;2;2;2;3;3;1;2;2;1;6;;NOTRE DAME DE BONDEVILLE;NOTREDAMEDEBONDEVILLE;1;2;18;5;2;997;1;999;2;52;1;3;1;52;1;3;52;3;1;4;2;4;;;;;;
1073;2;2;4;1;3;3;2;2;3;3;995;995;995;995;995;995;995;995;2;2;3;3;3;3;3;2;3;3;3;3;3;2;2;2;2;2;2;1;1;1;2;0;0;0;0;0;1;5;995;995;995;995;995;995;995;995;995;995;995;995;995;995;1;2;1;0;0;0;0;1;0;2;1;0;0;0;0;1;0;3;2;995;2;2;2;2;2;2;3;2;2;2;2;3;2;2;995;3;2;995;;GRAND QUEVILLY;GRANDQUEVILLY;1;2;22;6;997;997;1;999;1;50;1;6;2;50;1;6;50;6;3;4;2;4;;;;;;
1074;2;2;3;2;1;1;2;2;1;1;1;0;1;1;1;0;0;1;2;3;2;2;5;5;5;1;1;999;4;4;4;1;1;2;3;3;3;3;3;5;2;0;1;1;1;0;0;3;995;995;995;995;995;995;995;995;995;995;995;995;995;995;2;995;995;995;995;995;995;995;995;3;1;0;0;0;0;1;0;3;2;995;2;1;2;2;1;2;2;2;2;2;2;2;3;1;2;4;2;995;;EU;EU;2;2;18;6;997;997;1;999;2;47;1;5;1;47;1;5;47;5;3;3;2;4;;;;;;
1075;2;2;2;2;3;1;2;1;2;1;1;1;1;0;0;0;0;0;2;3;3;3;2;2;2;3;3;3;4;4;3;2;2;2;3;3;2;3;3;2;2;0;0;0;0;1;0;4;995;995;995;995;995;995;995;995;995;995;995;995;995;995;2;995;995;995;995;995;995;995;995;3;2;0;0;0;1;0;0;3;2;995;4;2;2;2;2;2;2;2;2;2;2;2;2;1;2;3;1;3;;BERNEVAL LE GRAND;BERNEVALLEGRAND;3;2;2;997;997;997;1;2;2;26;1;5;1;26;1;5;26;5;3;1;2;1;;;;;;
1076;2;2;3;2;1;1;1;2;2;3;995;995;995;995;995;995;995;995;2;3;2;3;3;3;3;3;3;3;3;3;3;1;2;1;1;2;2;2;2;5;2;0;1;0;0;1;0;4;995;995;995;995;995;995;995;995;995;995;995;995;995;995;2;995;995;995;995;995;995;995;995;2;2;0;0;0;1;0;0;2;2;995;2;2;2;2;2;2;2;2;2;2;2;2;3;1;2;3;2;995;;MAROMME;MAROMME;1;2;23;6;2;997;1;2;2;46;2;8;1;46;1;8;46;8;4;3;2;4;;;;;;
1077;2;2;3;2;1;1;1;1;2;1;1;1;0;1;1;0;1;0;1;5;2;2;5;5;2;4;1;1;4;4;1;3;1;1;3;3;1;3;2;2;3;1;1;1;0;0;0;4;995;995;995;995;995;995;995;995;995;995;995;995;995;995;2;995;995;995;995;995;995;995;995;3;2;0;0;0;1;0;0;1;2;995;4;2;2;2;1;1;3;2;2;2;2;2;3;1;2;3;1;1;;PETIVILLE;PETIVILLE;3;2;13;1;1;997;1;999;1;44;1;6;2;44;1;6;44;6;3;3;2;3;;;;;;
1078;2;2;3;2;3;3;1;2;2;2;0;0;0;0;0;0;0;0;1;5;2;2;5;3;3;4;1;2;4;3;3;3;1;1;3;1;2;2;2;2;2;0;0;0;0;1;0;4;995;995;995;995;995;995;995;995;995;995;995;995;995;995;2;995;995;995;995;995;995;995;995;3;2;0;0;0;0;1;0;2;2;995;4;1;1;1;3;3;3;2;2;1;2;3;3;1;2;3;2;995;;SAINT JEAN DE LA NEUVILLE;SAINTJEANDELANEUVILLE;3;2;11;997;997;997;1;999;2;39;1;4;1;39;1;4;39;4;2;2;2;2;;;;;;
1079;2;2;4;2;3;1;2;1;1;1;1;0;0;1;0;0;0;0;1;5;1;1;1;1;3;4;1;3;1;1;3;3;1;1;1;1;2;4;4;3;3;1;1;0;1;0;0;5;995;995;995;995;995;995;995;995;995;995;995;995;995;995;2;995;995;995;995;995;995;995;995;4;2;0;1;0;0;0;0;2;2;995;4;2;2;1;1;1;1;3;3;1;1;1;999;1;2;3;1;4;;NORVILLE;NORVILLE;3;2;11;997;997;997;1;999;2;36;2;8;1;36;1;8;36;8;4;2;2;2;;;;;;
1080;2;2;3;3;1;1;2;2;2;1;1;0;0;1;0;0;0;0;2;5;5;5;5;5;5;4;3;4;4;3;4;3;2;3;2;3;3;3;3;3;3;0;0;0;1;1;0;5;995;995;995;995;995;995;995;995;995;995;995;995;995;995;2;995;995;995;995;995;995;995;995;3;2;0;0;1;0;0;0;3;2;995;2;2;2;2;2;2;3;2;2;2;3;3;2;1;2;4;2;995;;TURRETOT;TURRETOT;3;3;23;6;6;1;1;999;2;44;2;8;1;44;1;8;44;8;4;3;3;4;;;;;;
1081;2;2;2;3;1;1;1;1;2;1;1;1;1;1;0;0;0;0;2;3;2;3;3;3;3;1;1;1;1;1;1;1;1;1;1;1;1;2;3;3;2;1;0;0;0;1;0;4;995;995;995;995;995;995;995;995;995;995;995;995;995;995;2;995;995;995;995;995;995;995;995;4;2;0;1;0;0;0;0;2;2;995;3;2;2;2;1;1;3;2;2;2;2;2;999;999;999;999;2;995;;BOSC-ROGER;BOSCROGER;3;3;22;6;6;3;1;999;2;51;1;4;1;51;1;4;51;4;2;4;3;4;;;;;;
1082;2;2;2;2;1;1;1;1;2;1;0;0;1;1;0;0;1;0;2;2;3;2;2;3;3;2;1;1;2;1;2;1;1;1;1;1;1;3;3;999;3;0;1;1;1;0;0;5;995;995;995;995;995;995;995;995;995;995;995;995;995;995;1;2;1;0;0;0;0;0;0;2;2;0;1;0;0;0;0;2;2;995;4;2;1;2;1;1;3;2;2;2;2;2;3;1;2;3;4;995;;BERVILLE;BERVILLE;3;2;4;997;997;997;1;999;2;31;2;8;1;31;1;8;31;8;4;2;2;1;;;;;;
1083;2;2;3;2;1;1;1;1;1;1;1;0;0;0;0;0;0;0;2;5;5;5;5;5;5;4;4;4;4;4;4;3;3;3;3;3;3;3;3;2;1;0;0;1;1;1;0;2;1;0;0;0;0;0;0;0;0;0;0;1;0;0;1;2;0;0;0;0;0;1;0;1;2;0;0;0;0;0;0;999;999;999;3;999;1;999;1;1;1;3;3;3;3;3;3;1;2;3;1;4;;SAINT ARNOULT;SAINTARNOULT;3;1;1;997;997;997;1;999;2;28;1;5;1;28;1;5;28;5;3;1;1;1;;;;;;
1084;2;2;3;2;1;1;2;2;1;2;0;0;0;0;0;0;0;0;2;2;2;3;2;5;3;3;1;3;2;4;3;1;1;1;2;3;2;3;3;4;1;1;1;0;1;0;0;5;995;995;995;995;995;995;995;995;995;995;995;995;995;995;2;995;995;995;995;995;995;995;995;4;1;1;0;0;0;0;0;3;1;4;3;2;2;2;1;3;3;2;2;2;2;2;2;2;995;3;2;995;;ROUXMESNIL BOUTEILLES;ROUXMESNILBOUTEILLES;2;3;15;997;997;997;1;999;1;35;1;6;2;35;2;6;35;6;3;2;3;3;;;;;;
1085;2;1;3;1;1;1;1;1;1;1;1;0;0;1;0;0;1;0;1;2;2;3;5;5;5;1;1;1;4;4;4;1;1;1;3;3;3;4;4;5;999;1;0;0;1;0;0;5;995;995;995;995;995;995;995;995;995;995;995;995;995;995;2;995;995;995;995;995;995;995;995;1;2;0;0;0;1;0;0;3;2;995;4;1;1;1;1;1;1;999;999;999;999;999;3;1;1;4;1;6;;LONDINIERES;LONDINIERES;3;3;17;2;1;997;1;999;2;38;1;5;1;38;1;5;38;5;3;2;3;3;;;;;;
1086;2;1;2;1;2;2;1;1;1;2;0;0;0;0;0;0;0;0;2;4;3;2;5;5;5;3;2;2;4;4;4;1;1;1;3;3;3;3;3;999;3;0;0;1;0;1;0;5;995;995;995;995;995;995;995;995;995;995;995;995;995;995;2;995;995;995;995;995;995;995;995;4;1;0;0;0;1;0;0;2;2;995;2;2;2;2;2;999;999;2;2;2;2;3;999;1;2;999;4;995;;AUQUEMESNIL;AUQUEMESNIL;3;5;24;6;6;6;1;1;2;39;2;8;1;39;1;8;39;8;4;2;4;4;;;;;;
1087;2;1;2;2;1;1;1;1;2;1;0;0;0;1;0;1;0;0;2;2;2;3;3;3;3;3;3;3;3;3;3;2;2;2;2;2;2;3;4;1;2;0;0;0;0;1;0;1;999;995;995;995;995;995;995;995;995;995;995;995;995;995;2;995;995;995;995;995;995;995;995;2;2;0;0;0;0;1;0;3;2;995;2;2;2;2;1;1;1;999;999;999;999;999;2;1;2;3;4;995;;BEUZEVILLE LA GRENIER;BEUZEVILLELAGRENIER;3;2;23;6;6;997;1;999;2;50;1;3;1;50;1;3;50;3;1;4;2;4;;;;;;
1088;2;3;2;2;3;3;1;1;2;1;1;0;0;0;0;0;0;0;2;5;3;2;5;5;3;3;3;3;4;3;3;3;2;2;3;3;2;2;2;2;2;0;0;0;1;0;0;5;995;995;995;995;995;995;995;995;995;995;995;995;995;995;2;995;995;995;995;995;995;995;995;3;2;0;0;0;0;1;0;2;2;995;2;2;2;2;2;2;3;2;2;2;2;2;2;1;2;3;1;1;;ESLETTES;ESLETTES;2;3;18;2;3;997;1;2;2;47;2;8;1;47;1;8;47;8;4;3;3;4;;;;;;
1089;2;1;2;2;1;1;2;2;1;1;1;0;1;1;0;0;0;1;2;5;1;2;2;2;3;4;1;999;1;1;1;3;1;2;2;2;2;3;3;3;1;1;1;0;1;0;0;5;995;995;995;995;995;995;995;995;995;995;995;995;995;995;2;995;995;995;995;995;995;995;995;3;2;0;0;1;0;0;0;3;2;995;2;2;2;1;2;1;3;2;2;2;2;1;3;1;2;3;1;2;;ANNEVILLE AMBOURVILLE;ANNEVILLEAMBOURVILLE;3;3;20;6;1;997;1;1;2;35;1;5;1;35;1;5;35;5;3;2;3;4;;;;;;
1090;2;2;1;2;1;1;2;1;1;2;0;0;0;0;0;0;0;0;2;3;2;5;5;5;2;3;3;4;4;4;3;1;1;3;3;3;1;4;2;2;3;0;0;0;0;1;0;4;995;995;995;995;995;995;995;995;995;995;995;995;995;995;2;995;995;995;995;995;995;995;995;1;2;0;0;0;0;0;1;3;2;995;4;2;2;2;2;2;3;2;2;2;2;2;3;1;2;4;1;1;;CRIQUEBEUF EN CAUX;CRIQUEBEUFENCAUX;3;2;13;997;997;997;1;2;2;43;1;5;1;43;1;5;43;5;3;3;2;3;;;;;;
1091;2;2;2;2;1;1;1;1;2;1;1;0;1;1;0;0;0;1;999;999;1;2;2;2;2;2;3;2;2;3;2;1;1;2;2;2;2;3;3;5;1;0;0;1;1;1;0;999;2;995;995;995;995;995;995;995;995;995;995;995;995;995;1;2;1;0;0;0;1;0;0;3;2;0;0;0;0;0;1;1;2;995;2;999;1;999;1;999;999;999;999;999;999;999;3;1;2;3;2;995;;EPOUVILLE;EPOUVILLE;2;2;19;3;997;997;1;2;2;40;1;4;1;40;1;4;40;4;2;3;2;4;;;;;;
1092;2;3;3;3;3;3;2;1;3;1;0;0;1;1;0;0;0;0;2;5;3;2;5;3;5;4;1;3;4;3;4;3;1;1;3;2;3;2;3;2;3;0;0;0;0;1;0;5;995;995;995;995;995;995;995;995;995;995;995;995;995;995;2;995;995;995;995;995;995;995;995;3;2;0;0;0;1;0;0;2;2;995;2;2;2;1;2;2;3;2;2;2;2;3;3;1;2;3;2;995;;SAINT ROMAIN DE COLBOSC;SAINTROMAINDECOLBOSC;3;2;19;6;1;997;1;1;2;39;1;5;1;39;1;5;39;5;3;2;2;4;;;;;;
1093;2;1;2;2;3;1;2;1;1;1;0;0;1;0;0;1;0;0;2;5;3;3;999;5;5;4;1;3;4;3;4;3;2;2;3;3;3;2;3;2;2;1;0;0;1;0;0;5;995;995;995;995;995;995;995;995;995;995;995;995;995;995;2;995;995;995;995;995;995;995;995;2;2;0;0;0;1;0;0;3;2;995;3;2;2;2;2;2;2;2;2;2;2;2;3;1;2;3;2;995;;GODERVILLE;GODERVILLE;3;1;0;997;997;997;1;999;2;27;1;5;1;27;1;5;27;5;3;1;1;1;;;;;;
1094;2;2;2;2;1;1;2;2;1;1;1;0;1;1;1;0;0;0;1;5;2;4;5;4;4;4;1;4;999;3;3;3;1;2;3;2;2;3;3;5;3;1;1;1;0;0;0;5;995;995;995;995;995;995;995;995;995;995;995;995;995;995;2;995;995;995;995;995;995;995;995;999;1;0;0;0;1;0;0;3;2;995;1;2;999;999;1;2;3;2;999;999;2;2;3;1;2;3;4;995;;SAINT ETIENNE DU ROUVRAY;SAINTETIENNEDUROUVRAY;1;2;23;6;6;997;1;2;2;60;2;7;999;60;2;7;60;7;4;4;2;4;;;;;;
1095;2;2;3;2;1;1;2;1;3;3;995;995;995;995;995;995;995;995;2;4;2;1;1;5;1;1;1;2;2;4;2;1;2;2;2;3;2;1;2;2;3;0;0;0;0;0;1;5;995;995;995;995;995;995;995;995;995;995;995;995;995;995;2;995;995;995;995;995;995;995;995;2;2;0;0;0;0;1;0;3;2;995;4;2;2;2;1;1;3;2;2;2;2;1;999;1;2;2;2;995;;LE GRAND QUEVILLY;LEGRANDQUEVILLY;1;2;8;997;997;997;1;999;2;28;1;6;1;28;1;5;28;5;3;1;2;2;;;;;;
1096;2;4;3;3;1;1;1;1;4;1;0;1;1;0;0;0;0;1;1;4;4;4;4;4;4;3;3;3;3;3;3;2;2;2;2;2;2;1;1;1;1;0;0;0;0;0;1;4;995;995;995;995;995;995;995;995;995;995;995;995;995;995;2;995;995;995;995;995;995;995;995;1;2;0;0;0;0;1;0;3;2;995;4;2;2;2;2;2;2;2;2;2;2;2;3;1;2;4;2;995;;LE TRAIT;LETRAIT;3;2;8;997;997;997;1;999;2;32;1;6;1;32;1;6;32;6;3;2;2;2;;;;;;
1097;2;1;3;1;3;3;1;1;1;1;0;0;0;1;0;0;1;0;1;3;2;3;5;2;5;3;1;3;4;1;4;1;1;1;3;1;3;4;4;5;3;1;1;1;0;0;0;2;1;0;0;0;0;0;0;0;1;0;0;0;0;0;2;995;995;995;995;995;995;995;995;4;1;0;0;0;0;1;0;1;2;995;2;2;2;2;2;2;3;2;2;2;2;2;3;1;2;4;1;4;;MAROMME;MAROMME;1;3;18;4;2;997;1;999;2;45;2;7;1;45;1;7;45;7;4;3;3;4;;;;;;
1098;2;2;3;3;1;1;1;1;1;1;0;0;1;0;0;0;1;0;2;5;5;5;5;5;5;4;4;4;4;4;4;3;3;3;3;3;3;3;2;1;2;0;0;1;0;1;0;4;995;995;995;995;995;995;995;995;995;995;995;995;995;995;2;995;995;995;995;995;995;995;995;999;2;0;0;0;0;1;0;3;2;995;3;2;2;2;2;2;2;999;999;999;999;999;2;1;2;4;1;1;;MALAUNAY;MALAUNAY;2;3;22;6;6;1;1;999;2;48;1;5;1;48;1;5;48;5;3;3;3;4;;;;;;
1099;2;2;2;2;3;3;2;2;1;1;0;0;0;1;0;0;0;0;2;999;2;999;999;999;999;3;3;3;3;3;3;2;2;2;2;2;1;3;3;5;1;0;0;1;1;0;0;4;995;995;995;995;995;995;995;995;995;995;995;995;995;995;2;995;995;995;995;995;995;995;995;999;2;0;0;0;0;1;0;3;999;999;2;2;2;1;2;1;2;2;2;2;2;2;2;1;2;3;1;4;;BOSC GUERARD SAINT ADRIEN;BOSCGUERARDSAINTADRIEN;3;2;18;2;2;997;1;999;1;47;1;4;2;47;1;4;47;4;2;3;2;4;;;;;;
1100;2;2;3;2;3;1;2;2;2;1;1;0;0;1;1;0;0;0;2;3;3;3;3;3;3;3;1;3;3;3;3;2;2;2;2;2;2;3;3;2;3;0;0;1;0;0;0;5;995;995;995;995;995;995;995;995;995;995;995;995;995;995;2;995;995;995;995;995;995;995;995;999;1;0;0;1;0;0;0;2;2;995;4;2;2;2;2;2;2;2;2;2;2;2;3;1;2;4;1;4;;LE TRAIT;LETRAIT;3;2;15;1;997;997;1;2;2;43;1;2;1;43;1;2;43;2;1;3;2;3;;;;;;
1101;2;2;2;2;1;1;1;1;1;1;1;1;1;1;1;0;0;0;1;3;1;1;1;1;1;3;1;2;2;2;1;3;1;2;2;2;2;3;3;5;2;0;0;0;0;1;0;4;995;995;995;995;995;995;995;995;995;995;995;995;995;995;2;995;995;995;995;995;995;995;995;3;1;0;0;0;0;0;1;3;2;995;2;2;2;2;1;2;3;2;2;2;2;2;3;1;2;3;1;4;;ERNEMONT SUR BUCHY;ERNEMONTSURBUCHY;3;3;5;997;997;997;1;999;2;32;1;3;1;32;1;3;32;3;1;2;3;1;;;;;;
1102;2;2;2;2;3;3;2;2;2;1;0;0;0;1;0;0;0;0;2;5;2;2;5;2;5;4;3;3;4;3;4;3;2;3;3;1;3;2;4;5;3;1;0;0;1;0;0;3;995;995;995;995;995;995;995;995;995;995;995;995;995;995;2;995;995;995;995;995;995;995;995;2;2;0;0;0;0;1;0;3;2;995;4;2;2;2;1;2;3;2;2;2;2;2;1;1;1;3;1;2;;ELBEUF;ELBEUF;2;3;10;997;997;997;1;999;2;28;2;8;1;28;1;8;28;8;4;1;3;2;;;;;;
1103;2;2;3;2;3;3;2;2;2;1;1;0;0;0;0;0;0;0;1;5;3;2;2;5;3;4;1;3;3;4;3;3;1;2;2;3;2;4;4;3;2;1;0;0;0;1;0;4;995;995;995;995;995;995;995;995;995;995;995;995;995;995;2;995;995;995;995;995;995;995;995;2;2;0;0;0;0;1;0;3;2;995;3;2;2;2;2;3;3;2;2;2;2;2;3;1;2;3;4;995;;MONT CAUVAIRE;MONTCAUVAIRE;3;1;2;997;997;997;1;2;2;30;1;5;1;30;1;5;30;5;3;2;1;1;;;;;;
1104;2;2;3;2;1;1;2;1;2;1;1;0;0;1;0;0;0;0;1;4;2;3;2;5;3;3;1;3;1;4;1;1;1;1;1;3;1;3;3;5;3;1;0;0;1;0;0;5;995;995;995;995;995;995;995;995;995;995;995;995;995;995;2;995;995;995;995;995;995;995;995;999;1;0;1;0;0;0;0;2;2;995;4;2;2;2;2;2;3;2;2;2;2;2;3;1;2;4;2;995;;CAMY BARVILLE;CAMYBARVILLE;3;2;19;4;3;997;1;999;2;43;1;5;1;43;1;5;43;5;3;3;2;4;;;;;;
1105;2;1;3;2;3;3;2;2;1;1;0;1;0;0;1;1;1;0;2;3;2;2;5;2;5;3;3;3;4;3;4;2;2;2;3;2;3;3;3;5;3;0;0;1;0;0;0;5;995;995;995;995;995;995;995;995;995;995;995;995;995;995;2;995;995;995;995;995;995;995;995;999;999;0;0;0;0;0;0;999;999;999;999;999;999;999;999;999;999;999;999;999;999;999;999;1;2;4;1;1;;DENESTANVILLE;DENESTANVILLE;3;2;22;6;5;997;1;999;2;46;1;5;1;46;1;5;46;5;3;3;2;4;;;;;;
1106;2;2;3;2;3;1;2;1;3;1;1;1;1;0;1;1;0;0;2;999;999;999;999;999;999;4;4;4;4;4;4;3;3;3;3;3;3;3;3;5;2;0;0;0;1;1;0;4;995;995;995;995;995;995;995;995;995;995;995;995;995;995;2;995;995;995;995;995;995;995;995;2;2;0;0;0;0;1;0;3;2;995;2;2;2;2;2;2;2;2;2;2;2;2;3;1;2;3;1;4;;SAINT MARDS;SAINTMARDS;3;5;;6;6;6;1;1;2;52;1;5;1;52;1;5;52;5;3;4;4;1;;;;;;
1107;2;1;2;1;3;3;2;1;2;1;1;0;0;1;0;0;0;0;1;5;2;3;3;1;3;1;1;1;1;1;1;2;1;2;2;2;2;2;3;5;3;1;1;0;0;0;0;4;995;995;995;995;995;995;995;995;995;995;995;995;995;995;2;995;995;995;995;995;995;995;995;3;2;0;0;0;0;0;1;2;2;995;3;2;2;2;1;2;3;2;2;2;2;2;3;1;2;4;1;4;;LINTOT;LINTOT;3;4;15;3;1;997;1;1;2;36;1;6;1;36;1;6;36;6;3;2;4;3;;;;;;
1108;2;2;3;3;1;3;1;1;2;1;1;0;0;0;1;0;0;0;1;1;2;5;2;5;3;3;3;3;3;3;3;1;1;1;1;1;1;4;2;2;3;0;0;0;0;1;0;4;995;995;995;995;995;995;995;995;995;995;995;995;995;995;2;995;995;995;995;995;995;995;995;1;2;0;0;0;0;1;0;3;2;995;4;2;2;2;2;2;2;2;2;2;2;2;999;2;995;4;1;6;;SIERVILLE;SIERVILLE;3;3;22;6;6;3;1;2;2;38;1;5;1;38;1;5;38;5;3;2;3;4;;;;;;
1109;2;1;1;1;1;1;1;1;1;1;0;0;1;0;0;0;0;0;1;5;1;5;5;5;5;4;1;4;4;4;4;3;1;3;3;3;3;3;3;5;3;1;0;1;0;1;0;5;995;995;995;995;995;995;995;995;995;995;995;995;995;995;2;995;995;995;995;995;995;995;995;3;2;1;0;0;0;0;0;2;2;995;4;2;2;2;2;2;2;2;2;2;2;2;3;1;2;4;1;4;;LE HAVRE;LEHAVRE;1;2;3;997;997;997;1;999;2;30;1;4;1;30;2;4;30;4;2;2;2;1;;;;;;
1110;2;2;3;3;1;1;2;2;2;1;1;0;0;1;0;0;0;1;2;5;3;2;5;2;5;4;1;3;4;3;4;3;2;2;3;2;3;3;3;3;2;1;0;0;0;1;0;4;995;995;995;995;995;995;995;995;995;995;995;995;995;995;2;995;995;995;995;995;995;995;995;3;2;1;0;0;0;0;0;3;2;995;4;2;2;2;1;1;3;2;2;2;3;3;999;1;999;3;999;1;;LE HAVRE;LEHAVRE;1;1;16;3;997;997;1;999;2;59;1;5;1;59;2;5;59;5;3;4;1;3;;;;;;
1111;2;1;3;1;3;1;2;1;1;1;0;0;0;1;1;1;0;0;2;3;2;2;2;3;2;3;1;1;1;1;2;1;2;2;2;2;2;3;3;5;3;0;1;1;1;0;0;2;1;0;0;0;0;0;0;0;0;1;0;0;0;0;1;2;1;0;0;0;0;0;0;2;2;0;0;0;1;0;0;2;2;995;4;2;2;2;2;2;2;2;2;2;2;2;3;1;2;4;1;1;;LE HAVRE;LEHAVRE;1;2;9;997;997;997;1;2;1;37;1;5;2;37;1;5;37;5;3;2;2;2;;;;;;
1112;2;2;1;2;1;1;1;1;2;1;1;0;0;1;0;0;0;0;999;5;3;3;5;5;5;4;3;3;4;4;4;3;2;2;3;3;3;3;3;3;2;0;0;0;1;1;0;5;995;995;995;995;995;995;995;995;995;995;995;995;995;995;2;995;995;995;995;995;995;995;995;3;1;0;0;0;0;1;0;3;999;999;3;2;2;2;2;2;3;2;2;2;2;3;3;1;2;4;1;6;;BARDOUVILLE;BARDOUVILLE;3;2;9;997;997;997;1;999;2;37;1;5;1;37;1;5;37;5;3;2;2;2;;;;;;
1113;2;1;1;1;1;1;1;1;1;1;1;1;1;1;1;0;0;0;1;2;1;1;2;1;1;1;1;1;1;1;1;2;2;2;2;2;2;3;3;2;3;1;0;0;1;1;0;5;995;995;995;995;995;995;995;995;995;995;995;995;995;995;2;995;995;995;995;995;995;995;995;4;2;0;0;0;1;0;0;1;2;995;1;1;1;1;999;999;999;2;2;2;2;2;3;1;2;4;2;995;;LE TRAIT;LETRAIT;3;1;21;6;997;997;1;999;2;52;1;5;1;52;1;5;52;5;3;4;1;4;;;;;;
1114;2;2;3;2;1;1;1;1;1;1;1;0;1;1;0;0;0;0;1;4;2;1;5;3;3;3;1;1;4;3;4;1;1;1;3;1;1;4;3;1;3;1;0;1;0;1;0;3;995;995;995;995;995;995;995;995;995;995;995;995;995;995;1;2;1;0;0;0;0;0;0;2;2;0;0;0;1;0;0;2;2;995;4;2;1;1;1;2;3;2;2;2;2;3;999;1;2;1;999;999;;SAINT PIERRE EN VAL;SAINTPIERREENVAL;3;1;17;2;997;997;1;999;1;45;1;6;2;45;2;6;45;6;3;3;1;3;;;;;;
1115;2;999;2;2;1;1;1;1;1;1;1;1;0;1;0;0;0;0;999;1;2;2;1;999;2;3;1;1;1;999;1;2;1;1;1;999;1;3;3;5;3;0;1;0;1;1;0;999;1;0;0;0;0;0;0;0;0;0;0;1;0;0;2;995;995;995;995;995;995;995;995;4;2;1;0;0;0;0;0;1;1;3;3;2;2;2;1;1;999;2;2;2;2;2;3;1;2;4;1;3;;SAINT ETIENNE DU ROUVRAY;SAINTETIENNEDUROUVRAY;1;1;5;997;997;997;1;999;2;31;1;5;1;31;1;5;31;5;3;2;1;1;;;;;;
1116;2;2;2;1;1;1;1;1;2;1;1;1;0;0;0;0;1;0;1;2;3;2;2;2;2;1;1;1;1;1;1;1;1;1;1;1;1;3;3;1;2;1;0;0;0;0;0;2;2;995;995;995;995;995;995;995;995;995;995;995;995;995;1;1;995;995;995;995;995;995;995;999;2;1;0;0;0;0;0;2;2;995;3;2;2;2;1;2;1;2;2;2;1;2;2;1;2;3;1;1;;ESCLAVELLES;ESCLAVELLES;3;1;5;997;997;997;1;999;2;37;1;2;1;37;1;2;37;2;1;2;1;1;;;;;;
1117;2;3;2;1;1;1;1;1;2;3;995;995;995;995;995;995;995;995;2;5;2;1;2;2;3;4;3;2;2;2;3;1;2;2;2;2;2;2;2;1;1;1;0;0;0;1;0;4;995;995;995;995;995;995;995;995;995;995;995;995;995;995;2;995;995;995;995;995;995;995;995;999;999;0;0;0;0;0;0;999;999;999;999;999;999;999;999;999;999;999;999;999;999;999;3;1;2;3;999;999;;INCHEVILLE;INCHEVILLE;3;1;10;997;997;997;1;999;2;31;1;5;1;31;1;5;31;5;3;2;1;2;;;;;;
1118;2;1;2;3;1;3;1;999;1;1;1;0;1;0;0;1;0;0;2;2;2;1;1;2;2;3;3;3;3;3;3;999;999;999;999;999;999;2;3;5;3;0;1;0;0;1;0;3;995;995;995;995;995;995;995;995;995;995;995;995;995;995;2;995;995;995;995;995;995;995;995;999;999;0;0;0;0;0;0;999;999;999;999;999;999;999;999;999;999;999;999;999;999;999;3;1;2;4;3;995;;TOUFFREVILLE LA CABLE;TOUFFREVILLELACABLE;3;3;23;6;6;4;1;999;2;46;2;8;1;46;1;8;46;8;4;3;3;4;;;;;;
1119;2;2;3;1;1;1;1;1;2;1;1;1;1;1;0;0;0;0;1;3;2;3;5;3;2;3;1;3;4;3;3;1;2;1;3;1;1;4;3;2;3;1;1;1;0;0;0;4;995;995;995;995;995;995;995;995;995;995;995;995;995;995;2;995;995;995;995;995;995;995;995;2;2;0;0;0;1;0;0;2;2;995;4;2;1;1;2;1;999;2;2;2;2;2;2;2;995;2;2;995;;OISSEL SUR SEINE;OISSELSURSEINE;3;2;8;997;997;997;1;999;2;36;1;5;1;36;1;5;36;5;3;2;2;2;;;;;;
1120;2;2;3;2;1;1;1;1;2;1;0;0;0;0;1;1;0;0;2;3;3;3;3;3;3;3;3;3;3;3;1;2;2;2;2;2;1;3;2;5;2;0;0;0;0;1;0;3;995;995;995;995;995;995;995;995;995;995;995;995;995;995;2;995;995;995;995;995;995;995;995;3;2;0;1;0;0;0;0;2;2;995;3;2;2;2;2;2;2;2;2;2;2;2;3;1;2;4;1;6;;GRAND COURONNE;GRANDCOURONNE;2;4;5;997;997;997;1;999;2;33;1;5;1;33;1;5;33;5;3;2;4;1;;;;;;
1121;2;2;2;2;1;1;999;999;1;1;1;0;1;1;0;1;0;0;2;5;3;2;5;2;3;4;3;3;3;1;3;999;999;999;999;999;999;3;2;2;2;0;0;0;0;1;0;5;995;995;995;995;995;995;995;995;995;995;995;995;995;995;2;995;995;995;995;995;995;995;995;999;999;0;0;0;0;0;0;999;999;999;999;999;999;999;999;999;999;999;999;999;999;999;3;1;2;4;999;999;;GRAND COURONNE;GRANDCOURONNE;2;4;18;2;3;1;1;1;2;42;2;8;1;42;1;8;42;8;4;3;4;4;;;;;;
1122;2;1;3;1;3;1;1;1;2;1;1;0;1;1;0;0;0;0;999;4;2;2;3;2;2;3;1;1;1;1;1;1;1;1;1;1;1;4;4;5;2;1;1;0;1;0;0;1;1;0;1;0;0;0;0;0;0;0;0;0;0;0;2;995;995;995;995;995;995;995;995;3;2;0;0;0;1;0;0;3;2;995;4;1;999;1;1;999;999;2;999;999;999;999;999;1;2;4;2;995;;TURRETOT;TURRETOT;3;1;19;6;997;997;1;999;1;56;1;4;2;56;2;4;56;4;2;4;1;4;;;;;;
1123;2;2;3;2;3;1;2;2;2;1;0;1;0;1;1;0;0;0;2;5;2;2;2;5;2;4;3;3;3;4;1;1;1;1;1;1;1;3;3;1;3;0;0;1;0;0;0;5;995;995;995;995;995;995;995;995;995;995;995;995;995;995;2;995;995;995;995;995;995;995;995;4;1;0;0;0;1;0;0;2;2;995;4;2;2;2;2;2;3;2;2;2;2;2;2;1;2;3;1;2;;BOIS GUILLAUME;BOISGUILLAUME;1;2;3;997;997;997;1;999;2;34;1;5;1;34;1;5;34;5;3;2;2;1;;;;;;
1124;2;2;3;2;1;1;2;2;2;1;1;1;1;1;1;0;0;0;2;1;2;2;2;2;1;2;2;2;2;2;3;2;1;1;1;1;1;3;2;3;3;0;0;1;0;1;0;4;995;995;995;995;995;995;995;995;995;995;995;995;995;995;2;995;995;995;995;995;995;995;995;3;2;1;0;0;0;0;0;2;2;995;3;2;2;2;2;1;1;2;2;2;2;2;2;1;2;3;1;1;;LE PETIT QUEVILLY;LEPETITQUEVILLY;1;2;4;997;997;997;1;999;2;34;1;5;1;34;1;5;34;5;3;2;2;1;;;;;;
1125;2;2;3;2;3;1;2;1;3;3;995;995;995;995;995;995;995;995;2;3;2;2;3;3;2;3;3;1;3;3;1;2;2;2;2;2;2;3;2;3;3;0;0;0;0;1;0;5;995;995;995;995;995;995;995;995;995;995;995;995;995;995;2;995;995;995;995;995;995;995;995;4;2;0;1;0;0;0;0;2;2;995;2;2;1;2;2;2;2;2;2;2;2;2;3;1;1;2;1;3;;SAINT WANDRILLE RANCON;SAINTWANDRILLERANCON;3;3;16;2;997;997;1;2;2;40;1;5;1;40;1;5;40;5;3;3;3;3;;;;;;
1126;2;2;2;2;1;1;2;1;2;3;995;995;995;995;995;995;995;995;1;2;2;1;5;3;3;3;3;3;4;3;3;1;1;1;3;1;1;3;2;1;2;0;0;0;0;1;0;3;995;995;995;995;995;995;995;995;995;995;995;995;995;995;2;995;995;995;995;995;995;995;995;3;2;0;0;0;0;1;0;2;2;995;3;2;2;2;2;2;3;2;3;2;2;2;3;1;2;4;2;995;;MAROMME;MAROMME;1;2;9;997;997;997;1;999;1;34;1;6;2;34;1;6;34;6;3;2;2;2;;;;;;
1127;2;2;3;2;3;1;1;1;2;1;1;1;1;0;1;1;0;0;1;3;999;3;1;3;3;3;3;2;2;3;3;1;1;1;1;2;2;3;3;3;3;0;0;1;0;1;0;5;995;995;995;995;995;995;995;995;995;995;995;995;995;995;999;2;1;0;0;0;0;0;0;4;1;0;0;0;1;0;0;3;2;995;2;2;2;2;2;2;2;2;2;2;2;2;3;1;2;3;4;995;;ELBEUF;ELBEUF;2;2;14;6;5;997;1;999;2;37;1;5;1;37;1;5;37;5;3;2;2;3;;;;;;
1128;2;2;3;1;3;3;2;2;2;1;0;0;1;1;0;0;0;0;1;5;2;3;5;3;2;4;3;3;4;3;2;3;1;1;3;2;2;2;2;2;2;0;1;0;0;1;0;5;995;995;995;995;995;995;995;995;995;995;995;995;995;995;2;995;995;995;995;995;995;995;995;3;2;0;0;0;1;0;0;2;2;995;4;2;2;2;1;2;3;2;2;2;2;2;3;1;2;4;2;995;;999;999;999;2;18;5;1;997;1;2;1;47;1;5;2;47;1;5;47;5;3;3;2;4;;;;;;
1129;2;1;2;2;1;1;2;2;1;2;0;0;0;0;0;0;0;0;1;5;2;2;999;5;5;1;3;2;4;3;3;2;2;2;3;3;3;3;3;2;3;1;0;1;1;0;0;5;995;995;995;995;995;995;995;995;995;995;995;995;995;995;2;995;995;995;995;995;995;995;995;4;1;0;1;0;0;0;0;1;2;995;4;2;2;2;2;2;3;2;2;2;3;3;999;999;999;999;1;3;;SOTTEVILLE LES ROUEN;SOTTEVILLELESROUEN;1;1;4;997;997;997;1;999;1;34;1;5;2;34;1;5;34;5;3;2;1;1;;;;;;
1130;2;999;2;1;3;1;2;2;2;1;1;0;1;1;1;0;0;0;2;5;3;3;5;2;2;3;3;3;4;3;1;3;2;2;3;2;1;3;3;2;2;0;1;0;1;0;0;5;995;995;995;995;995;995;995;995;995;995;995;995;995;995;2;995;995;995;995;995;995;995;995;3;2;0;0;0;1;0;0;1;2;995;2;3;3;3;3;3;3;3;3;3;3;3;2;1;2;3;2;995;;ROCQUEMONT;ROCQUEMONT;3;3;23;6;6;6;1;1;2;50;1;5;1;50;1;5;50;5;3;4;3;4;;;;;;
1131;2;1;2;2;3;3;2;2;1;1;1;0;1;1;0;0;0;0;2;5;3;3;5;5;5;3;999;3;3;4;4;1;2;2;3;3;3;2;2;5;3;0;0;0;0;1;0;4;995;995;995;995;995;995;995;995;995;995;995;995;995;995;2;995;995;995;995;995;995;995;995;2;2;1;0;0;0;0;0;2;2;995;2;2;2;2;2;2;3;2;2;2;2;2;3;1;2;3;4;995;;NEUVILLE LES DIEPPE;NEUVILLELESDIEPPE;3;2;21;6;997;997;1;999;2;50;1;6;1;50;1;6;50;6;3;4;2;4;;;;;;
1132;2;2;2;2;2;2;1;1;2;2;0;0;0;0;0;0;0;0;1;3;2;5;5;5;2;2;2;4;4;4;2;999;999;999;999;999;999;3;3;2;2;0;0;1;0;0;0;5;995;995;995;995;995;995;995;995;995;995;995;995;995;995;2;995;995;995;995;995;995;995;995;4;2;0;0;0;0;0;0;3;1;4;3;2;2;2;2;2;3;2;2;2;2;2;2;1;2;3;4;995;;YMARE;YMARE;3;2;21;6;5;997;1;999;2;56;1;3;1;56;999;3;56;3;1;4;2;4;;;;;;
1133;2;2;1;2;1;1;2;2;2;1;1;0;1;0;0;0;0;0;1;2;3;3;3;2;3;3;3;1;4;1;3;2;1;1;1;1;1;2;3;2;3;0;0;1;0;1;0;3;995;995;995;995;995;995;995;995;995;995;995;995;995;995;2;995;995;995;995;995;995;995;995;3;1;0;0;0;0;1;0;2;2;995;2;2;2;2;2;2;3;2;2;2;2;2;2;1;2;4;1;6;;LE HAVRE;LEHAVRE;1;2;4;997;997;997;1;999;2;37;2;8;1;37;1;8;37;8;4;2;2;1;;;;;;
1134;2;1;2;1;1;1;1;1;1;1;1;0;0;1;0;0;0;1;1;5;3;5;5;5;5;4;1;4;4;4;4;3;1;3;3;3;3;2;3;1;3;1;0;0;0;1;0;5;995;995;995;995;995;995;995;995;995;995;995;995;995;995;2;995;995;995;995;995;995;995;995;2;2;0;0;1;0;0;0;2;2;995;4;2;1;1;1;1;1;3;2;2;2;2;2;1;2;4;1;1;;FOUCART;FOUCART;3;4;21;6;2;1;1;2;1;41;1;5;2;41;1;5;41;5;3;3;4;4;;;;;;
1135;2;2;1;1;1;1;1;1;1;1;1;0;0;1;0;0;0;0;1;3;4;4;3;3;3;1;3;3;1;1;1;1;2;1;1;1;1;3;3;3;3;1;1;1;0;0;0;3;995;995;995;995;995;995;995;995;995;995;995;995;995;995;2;995;995;995;995;995;995;995;995;2;2;0;1;0;0;0;0;3;2;995;4;1;1;2;1;1;3;2;1;2;1;2;3;1;2;4;4;995;;MAULEVRIER SAINTE GERTRUDE;MAULEVRIERSAINTEGERTRUDE;3;1;7;997;997;997;1;2;1;48;2;8;2;48;1;8;48;8;4;3;1;2;;;;;;
1136;2;999;2;2;3;1;1;1;1;2;0;0;0;0;0;0;0;0;1;5;2;2;5;1;5;4;3;2;4;2;4;1;1;1;3;1;3;4;3;5;3;1;0;0;1;0;0;3;995;995;995;995;995;995;995;995;995;995;995;995;995;995;2;995;995;995;995;995;995;995;995;4;2;0;0;0;1;0;0;3;2;995;2;2;2;2;1;2;3;2;2;2;2;2;999;1;2;4;1;1;;LE HAVRE;LEHAVRE;1;2;15;997;2;997;1;999;2;48;1;5;1;48;1;5;48;5;3;3;2;3;;;;;;
1137;2;2;2;2;3;3;1;1;1;1;1;0;1;1;0;0;0;0;1;3;2;2;2;2;2;3;1;2;2;3;2;3;1;1;1;2;2;3;2;1;3;1;0;1;0;1;0;3;995;995;995;995;995;995;995;995;995;995;995;995;995;995;1;2;1;0;0;0;0;0;0;2;2;0;0;0;0;0;1;3;2;995;3;2;2;2;2;2;3;2;2;2;2;2;3;1;2;3;1;4;;LE HAVRE;LEHAVRE;1;2;13;997;997;997;1;999;2;39;1;3;1;39;1;3;39;3;1;2;2;3;;;;;;
1138;2;1;1;1;1;1;1;1;1;1;1;1;1;1;1;0;0;0;1;5;1;3;5;3;3;4;1;1;4;1;1;3;1;1;3;1;1;4;3;5;1;0;1;0;0;1;0;3;995;995;995;995;995;995;995;995;995;995;995;995;995;995;2;995;995;995;995;995;995;995;995;999;2;0;0;0;0;1;0;3;2;995;3;2;2;2;1;1;2;2;2;2;2;2;2;1;2;4;999;999;;CRIEL SUR MER;CRIELSURMER;3;2;21;5;2;997;1;999;2;43;1;5;1;43;1;5;43;5;3;3;2;4;;;;;;
1139;2;2;3;1;1;1;1;1;2;1;0;0;1;1;0;0;0;0;2;2;2;5;5;5;3;3;999;4;4;4;3;1;2;3;3;3;2;3;3;2;2;1;0;0;0;1;0;3;995;995;995;995;995;995;995;995;995;995;995;995;995;995;2;995;995;995;995;995;995;995;995;3;2;0;0;0;0;1;0;1;2;995;4;2;2;2;2;3;3;2;2;2;2;3;1;2;995;999;1;3;;999;999;999;1;6;997;997;997;1;999;2;39;1;5;1;39;1;5;39;5;3;2;1;2;;;;;;
1140;2;1;1;1;1;3;2;2;2;1;1;0;0;0;1;0;0;0;2;3;3;2;2;3;2;3;3;3;3;3;3;2;2;2;2;2;2;2;2;1;3;0;1;0;0;1;0;3;995;995;995;995;995;995;995;995;995;995;995;995;995;995;2;995;995;995;995;995;995;995;995;999;999;0;0;0;0;0;0;999;999;999;999;999;999;999;999;999;999;999;999;999;999;999;999;999;999;999;1;3;;MONTMEDY;MONTMEDY;2;3;12;997;997;997;1;2;1;35;1;3;2;35;2;3;35;3;1;2;3;3;;;;;;
1141;2;2;1;2;1;1;2;1;1;1;1;1;0;1;1;0;1;0;999;1;3;1;2;3;1;2;2;2;2;2;2;1;1;1;1;1;1;2;3;5;3;1;1;0;0;0;0;5;995;995;995;995;995;995;995;995;995;995;995;995;995;995;2;995;995;995;995;995;995;995;995;2;2;0;0;1;0;0;0;2;1;4;4;2;2;1;2;1;3;2;2;1;2;1;999;999;999;999;2;995;;LE HAVRE;LEHAVRE;1;2;17;5;997;997;1;999;2;40;1;5;1;40;1;5;40;5;3;3;2;3;;;;;;
1142;2;2;3;2;1;1;2;2;2;1;1;0;1;1;0;1;0;0;1;2;3;3;2;2;3;3;1;3;3;1;3;1;1;1;2;1;1;3;4;999;3;1;0;0;1;1;0;4;995;995;995;995;995;995;995;995;995;995;995;995;995;995;1;2;1;0;0;0;0;0;0;1;1;1;0;0;0;0;0;2;2;995;3;1;1;2;1;2;999;999;999;999;999;999;3;1;2;4;2;995;;DIEPPE;DIEPPE;2;3;20;6;1;1;1;999;2;40;1;5;1;40;1;5;40;5;3;3;3;4;;;;;;
1143;2;2;1;1;1;1;2;1;2;1;1;0;0;1;0;0;0;0;2;4;2;3;5;3;4;3;3;3;4;3;3;1;1;1;3;2;2;2;2;2;2;0;1;1;0;1;0;5;995;995;995;995;995;995;995;995;995;995;995;995;995;995;1;2;1;0;0;0;0;1;0;2;1;0;0;0;1;0;0;2;2;995;1;2;2;2;2;2;3;2;2;2;2;2;2;1;2;3;2;995;;ANGIENS;ANGIENS;3;2;24;6;5;997;1;999;2;47;1;5;1;47;1;5;47;5;3;3;2;4;;;;;;
1144;2;1;1;999;1;1;1;1;1;1;1;0;0;0;0;0;0;0;2;2;1;1;1;999;1;1;1;1;1;999;1;1;1;1;1;999;1;2;3;2;2;0;0;0;0;1;0;4;995;995;995;995;995;995;995;995;995;995;995;995;995;995;2;995;995;995;995;995;995;995;995;999;2;0;0;0;1;0;0;3;2;995;4;1;999;1;1;1;999;2;2;2;2;2;999;999;999;999;999;999;;LE HAVRE;LEHAVRE;1;3;12;1;997;997;1;999;1;36;1;3;2;36;1;3;36;3;1;2;3;3;;;;;;
1145;2;2;3;2;1;1;1;2;2;1;0;0;1;1;1;0;0;0;2;5;3;5;5;3;5;4;3;4;4;3;4;3;1;3;3;1;3;4;4;5;2;1;1;1;0;0;0;4;995;995;995;995;995;995;995;995;995;995;995;995;995;995;2;995;995;995;995;995;995;995;995;4;2;0;1;0;0;0;0;2;2;995;3;2;1;2;1;1;1;2;2;2;2;2;999;1;2;3;1;4;;LE HAVRE;LEHAVRE;1;4;11;1;997;997;1;1;2;36;1;5;1;36;1;5;36;5;3;2;4;2;;;;;;
1146;2;1;2;2;1;1;1;1;1;3;995;995;995;995;995;995;995;995;2;5;3;3;5;3;5;4;3;3;4;3;4;3;2;2;3;2;3;3;4;5;1;0;1;0;0;1;0;4;995;995;995;995;995;995;995;995;995;995;995;995;995;995;2;995;995;995;995;995;995;995;995;4;2;0;0;1;0;0;0;3;2;995;4;1;999;2;2;2;3;2;2;2;2;2;2;1;2;2;1;1;;CARVILLE LA FULLETIERE;CARVILLELAFULLETIERE;3;3;15;3;1;1;1;999;2;39;1;1;1;39;1;1;39;1;1;2;3;3;;;;;;
1147;2;1;1;1;1;1;2;2;1;1;0;1;1;0;1;0;1;0;2;999;1;2;3;999;2;3;3;3;3;3;3;1;1;1;1;1;1;1;2;2;2;0;1;0;0;1;0;5;995;995;995;995;995;995;995;995;995;995;995;995;995;995;2;995;995;995;995;995;995;995;995;2;2;0;0;0;0;1;0;3;2;995;3;2;2;2;2;2;2;2;2;2;2;2;3;1;2;3;1;4;;ECRETTEVILLE LES BAONS;ECRETTEVILLELESBAONS;3;2;16;2;3;997;1;2;2;50;2;8;1;50;1;8;50;8;4;4;2;3;;;;;;
1148;2;2;2;2;2;2;1;1;2;2;0;0;0;0;0;0;0;0;2;5;3;2;2;3;4;3;1;2;2;1;3;1;1;1;1;1;2;4;3;2;3;0;0;0;1;0;0;3;995;995;995;995;995;995;995;995;995;995;995;995;995;995;2;995;995;995;995;995;995;995;995;3;2;0;1;0;0;0;0;2;2;995;4;2;2;2;2;1;3;2;2;2;2;3;2;1;2;3;1;4;;QUINCAMPOIX;QUINCAMPOIX;2;3;17;2;2;997;1;999;2;41;1;5;1;41;1;5;41;5;3;3;3;3;;;;;;
1149;2;2;3;3;3;3;2;2;2;3;995;995;995;995;995;995;995;995;2;2;3;3;2;3;2;3;3;3;2;3;2;1;1;1;1;1;1;4;3;2;1;1;0;0;0;1;0;3;995;995;995;995;995;995;995;995;995;995;995;995;995;995;2;995;995;995;995;995;995;995;995;4;2;1;0;0;0;0;0;3;2;995;3;2;2;2;1;2;2;2;2;2;2;2;3;1;2;2;4;995;;MESNIL MAUGER;MESNILMAUGER;3;1;9;997;997;997;1;1;2;47;1;5;1;47;1;5;47;5;3;3;1;2;;;;;;
1150;2;2;3;2;1;1;1;1;1;1;1;0;1;1;0;0;0;0;2;3;2;2;3;1;2;1;1;1;1;1;1;1;1;1;1;1;1;3;3;2;3;1;1;0;0;1;0;3;995;995;995;995;995;995;995;995;995;995;995;995;995;995;2;995;995;995;995;995;995;995;995;2;1;1;0;0;0;0;0;2;2;995;4;2;2;1;2;1;1;2;2;2;2;999;999;1;2;3;2;995;;FRANQUEVILLE SAINT PIERRE;FRANQUEVILLESAINTPIERRE;2;2;20;5;2;997;1;999;2;44;1;4;1;44;1;4;44;4;2;3;2;4;;;;;;
1151;2;1;2;2;1;1;1;1;1;1;1;1;1;1;0;0;0;0;1;2;1;2;5;2;2;3;1;1;4;1;1;2;1;2;3;1;1;3;3;3;3;1;1;1;0;0;0;3;995;995;995;995;995;995;995;995;995;995;995;995;995;995;2;995;995;995;995;995;995;995;995;3;2;0;0;0;1;0;0;1;2;995;2;3;3;3;3;3;3;3;3;3;3;3;3;2;995;3;4;995;;SAINT JEAN DE FOLLEVILLE;SAINTJEANDEFOLLEVILLE;3;1;14;1;997;997;1;1;2;40;1;5;1;40;1;5;40;5;3;3;1;3;;;;;;
1152;2;2;1;1;3;3;1;1;1;3;995;995;995;995;995;995;995;995;2;5;2;2;3;3;3;999;999;999;999;999;999;999;999;999;999;999;999;3;2;5;3;0;0;0;0;1;0;4;995;995;995;995;995;995;995;995;995;995;995;995;995;995;2;995;995;995;995;995;995;995;995;4;2;0;0;0;1;0;0;3;2;995;2;2;2;2;2;2;2;2;2;2;2;2;3;1;1;3;2;995;;GRENY;GRENY;3;1;5;997;997;997;1;999;1;43;1;6;2;43;1;6;43;6;3;3;1;1;;;;;;
1153;2;2;1;2;3;3;1;1;1;1;1;0;1;1;1;0;0;0;1;2;3;1;5;5;3;2;3;2;4;4;3;1;1;2;3;3;2;3;3;1;3;1;0;0;1;1;0;3;995;995;995;995;995;995;995;995;995;995;995;995;995;995;2;995;995;995;995;995;995;995;995;4;2;0;0;0;0;1;0;3;2;995;3;2;1;2;1;1;3;2;2;2;2;3;3;1;2;3;1;3;;LE HAVRE;LEHAVRE;1;2;13;1;997;997;1;999;1;40;1;5;2;40;2;5;40;5;3;3;2;3;;;;;;
1154;2;1;1;1;1;1;2;1;1;1;1;0;0;1;0;0;1;0;2;5;1;2;5;3;5;4;3;3;4;3;4;3;2;1;3;1;3;3;1;4;3;1;1;0;0;1;0;5;995;995;995;995;995;995;995;995;995;995;995;995;995;995;2;995;995;995;995;995;995;995;995;2;2;1;0;0;0;0;0;3;2;995;4;1;1;1;1;2;3;2;2;2;2;3;3;1;2;2;2;995;;HARFLEUR;HARFLEUR;1;2;4;997;997;997;1;999;2;30;1;5;1;30;1;5;30;5;3;2;2;1;;;;;;
1155;2;2;3;999;3;3;2;2;2;1;1;0;0;0;0;0;0;0;1;2;3;3;1;3;3;3;999;3;2;3;3;2;2;2;2;2;2;2;2;5;2;0;0;0;0;0;1;4;995;995;995;995;995;995;995;995;995;995;995;995;995;995;2;995;995;995;995;995;995;995;995;1;1;0;0;0;1;0;0;3;2;995;2;2;2;2;2;2;2;2;2;2;2;2;3;1;2;3;2;995;;GONFREVILLE L'ORCHER;GONFREVILLELORCHER;1;2;20;6;6;997;1;2;2;46;1;6;1;46;1;6;46;6;3;3;2;4;;;;;;
1156;2;2;2;2;1;1;1;1;2;1;0;0;1;0;0;0;0;0;2;5;3;3;3;3;3;4;3;3;3;3;3;999;999;999;999;999;999;2;3;2;3;0;0;0;0;1;0;5;995;995;995;995;995;995;995;995;995;995;995;995;995;995;2;995;995;995;995;995;995;995;995;999;2;0;0;0;0;0;1;3;2;995;3;2;2;2;2;2;2;2;2;2;2;2;3;1;2;3;1;4;;HARFLEUR;HARFLEUR;1;4;23;6;6;5;1;999;1;53;2;8;1;53;1;8;53;8;4;4;4;4;;;;;;
1157;2;2;3;2;1;1;2;2;1;1;1;0;1;1;0;0;0;0;2;5;2;3;5;2;5;4;1;3;4;3;4;3;2;2;3;2;3;3;3;2;3;0;0;0;0;1;0;2;1;0;0;0;0;0;0;0;0;0;1;0;0;0;2;995;995;995;995;995;995;995;995;999;2;0;0;0;0;1;0;3;2;995;4;2;2;2;2;2;3;2;2;2;2;2;2;1;2;2;2;995;;LE HAVRE;LEHAVRE;1;1;21;6;997;997;1;999;2;52;1;6;1;52;1;6;52;6;3;4;1;4;;;;;;
1158;2;2;3;2;1;1;2;2;2;1;0;1;1;1;0;0;0;0;2;2;2;2;5;2;2;3;3;3;4;1;1;2;2;1;3;2;2;2;2;1;3;1;0;0;0;0;0;4;995;995;995;995;995;995;995;995;995;995;995;995;995;995;2;995;995;995;995;995;995;995;995;999;999;0;0;0;0;0;0;999;999;999;999;999;999;999;999;999;999;999;999;999;999;999;2;1;2;3;2;995;;SAINT ETIENNE DU ROUVRAY;SAINTETIENNEDUROUVRAY;1;1;1;997;997;997;1;999;2;26;2;8;1;26;1;8;26;8;4;1;1;1;;;;;;
1159;2;1;3;2;1;1;2;2;1;1;1;0;1;0;0;0;0;0;999;5;2;4;5;5;5;4;1;1;4;4;4;3;2;2;3;3;3;3;3;5;3;1;1;0;0;1;0;5;995;995;995;995;995;995;995;995;995;995;995;995;995;995;999;2;0;1;0;0;0;0;0;3;2;0;0;0;0;0;1;3;999;999;2;2;2;2;2;3;3;2;999;2;3;3;3;2;995;4;1;1;;SAINT VALERY EN CAUX;SAINTVALERYENCAUX;3;2;10;997;997;997;1;1;2;31;1;5;1;31;2;5;31;5;3;2;2;2;;;;;;
1160;2;2;2;2;3;3;2;2;2;1;0;0;0;1;1;1;0;0;2;2;3;3;3;3;2;3;3;3;3;3;3;999;999;999;999;999;999;3;1;1;2;0;0;0;0;1;0;5;995;995;995;995;995;995;995;995;995;995;995;995;995;995;2;995;995;995;995;995;995;995;995;999;999;0;0;0;0;0;0;999;999;999;999;999;999;999;999;999;999;999;999;999;999;999;3;1;2;4;1;3;;GRUCHET LE VALASSE;GRUCHETLEVALASSE;2;2;7;997;997;997;1;2;1;33;1;5;2;33;1;5;33;5;3;2;2;2;;;;;;
1161;2;2;3;2;1;3;1;2;3;999;0;1;1;1;0;0;0;0;2;999;999;999;999;999;999;999;999;999;999;999;999;999;999;999;999;999;999;3;3;5;3;0;0;0;0;1;0;4;995;995;995;995;995;995;995;995;995;995;995;995;995;995;1;2;0;0;0;0;0;1;0;2;1;0;0;0;1;0;0;2;1;3;3;2;2;1;1;1;1;999;999;999;999;999;3;1;2;4;2;995;;LE HAVRE;LEHAVRE;1;2;13;1;997;997;1;999;2;41;1;5;1;41;1;5;41;5;3;3;2;3;;;;;;
1162;2;1;2;1;1;1;1;1;2;1;1;1;1;1;0;0;0;0;1;1;1;1;1;3;2;1;1;1;1;4;1;1;1;1;1;3;1;3;3;5;3;1;1;1;0;0;0;4;995;995;995;995;995;995;995;995;995;995;995;995;995;995;2;995;995;995;995;995;995;995;995;4;2;0;0;1;0;0;0;3;2;995;4;1;3;1;1;1;3;2;1;2;2;2;2;1;2;4;1;2;;SAINTE BEUVE EN RIVIERE;SAINTEBEUVEENRIVIERE;3;3;8;997;997;997;1;1;2;31;1;5;1;31;2;8;31;8;4;2;3;2;;;;;;
1163;2;2;2;2;1;1;2;2;2;1;1;0;1;1;0;1;0;0;2;3;2;999;2;2;3;4;1;3;3;3;1;3;1;2;2;2;1;3;3;1;1;1;0;0;0;1;0;2;2;995;995;995;995;995;995;995;995;995;995;995;995;995;2;995;995;995;995;995;995;995;995;3;2;0;0;1;0;0;0;2;2;995;2;2;1;1;1;2;3;2;1;2;2;3;3;1;2;999;4;995;;AMFREVILLE LA MIVOIE;AMFREVILLELAMIVOIE;1;2;21;6;6;997;1;999;1;44;1;6;2;44;1;6;44;6;3;3;2;4;;;;;;
1164;2;2;2;2;1;1;2;2;2;1;0;0;1;0;0;0;0;1;2;5;2;3;5;2;2;4;1;3;4;3;1;3;2;2;3;2;2;2;2;2;3;0;0;0;0;1;0;5;995;995;995;995;995;995;995;995;995;995;995;995;995;995;2;995;995;995;995;995;995;995;995;3;2;0;0;0;0;0;1;3;2;995;4;2;2;2;2;1;3;2;2;2;2;3;999;999;999;999;1;6;;SAINT AUBIN LES ELBEUF;SAINTAUBINLESELBEUF;2;3;24;6;6;3;1;999;1;54;1;6;2;54;1;6;54;6;3;4;3;4;;;;;;
1165;2;2;4;2;1;1;1;1;2;1;1;1;1;0;1;0;0;0;1;5;2;4;5;2;5;4;3;4;4;3;4;2;2;2;2;2;2;1;2;1;2;1;0;1;0;1;0;5;995;995;995;995;995;995;995;995;995;995;995;995;995;995;1;1;995;995;995;995;995;995;995;3;2;0;0;0;0;1;0;3;2;995;2;3;3;3;3;3;3;3;3;3;3;3;3;1;2;3;1;4;;CALLENVILLE LES 2 EGLISES;CALLENVILLELES2EGLISES;3;3;15;1;2;997;1;2;2;38;1;5;1;38;1;5;38;5;3;2;3;3;;;;;;
1166;2;1;2;2;1;1;1;1;1;1;1;0;1;0;0;0;0;0;999;999;2;2;2;3;5;999;1;1;1;1;999;2;1;2;2;1;3;999;3;5;2;1;1;0;0;1;0;3;995;995;995;995;995;995;995;995;995;995;995;995;995;995;2;995;995;995;995;995;995;995;995;999;1;0;0;0;1;0;0;3;2;995;2;2;2;2;1;1;999;2;2;2;2;2;3;1;2;4;1;4;;BOLBEC;BOLBEC;2;2;20;5;3;997;1;999;2;44;2;8;1;44;999;8;44;8;4;3;2;4;;;;;;
1167;2;1;1;1;1;1;2;2;1;1;0;0;1;1;0;0;0;0;1;3;1;2;2;5;3;3;3;2;3;3;2;2;2;1;1;2;1;3;3;5;2;1;0;0;0;1;0;5;995;995;995;995;995;995;995;995;995;995;995;995;995;995;2;995;995;995;995;995;995;995;995;3;2;0;0;0;1;0;0;1;1;4;4;1;1;2;1;1;999;2;2;2;2;999;3;1;2;2;1;4;;LE HAVRE;LEHAVRE;1;2;10;997;997;997;1;1;2;39;1;5;1;39;1;5;39;5;3;2;2;2;;;;;;
1168;2;2;3;2;1;1;1;1;1;2;0;0;0;0;0;0;0;0;1;5;2;3;3;3;3;2;1;3;3;1;1;999;1;2;2;2;1;4;4;3;3;1;0;0;1;1;0;5;995;995;995;995;995;995;995;995;995;995;995;995;995;995;2;995;995;995;995;995;995;995;995;999;2;1;0;0;0;0;0;3;2;995;4;2;1;1;1;1;999;2;2;1;1;2;3;1;2;4;2;995;;LE HAVRE;LEHAVRE;1;5;23;6;6;6;1;999;2;46;2;8;1;46;1;8;46;8;4;3;4;4;;;;;;
1169;2;2;3;1;3;3;2;2;2;2;0;0;0;0;0;0;0;0;2;3;3;4;4;2;3;2;3;3;3;2;3;1;2;2;2;2;2;2;2;5;3;0;0;0;0;0;1;5;995;995;995;995;995;995;995;995;995;995;995;995;995;995;2;995;995;995;995;995;995;995;995;2;1;0;0;0;0;1;0;3;2;995;2;2;2;2;2;3;3;2;2;2;2;2;2;1;1;4;4;995;;PARC D'ANXTOT;PARCDANXTOT;3;1;4;997;997;997;1;999;2;30;1;5;1;30;1;5;30;5;3;2;1;1;;;;;;
1170;2;2;2;1;1;1;1;1;1;3;995;995;995;995;995;995;995;995;2;2;1;2;5;2;2;2;2;2;4;2;2;1;2;2;3;2;2;2;2;2;2;0;0;0;0;0;1;4;995;995;995;995;995;995;995;995;995;995;995;995;995;995;2;995;995;995;995;995;995;995;995;999;2;0;0;0;0;1;0;3;2;995;3;2;2;2;2;2;999;2;2;2;2;2;3;1;2;4;1;6;;SAINT LAURENT EN CAUX;SAINTLAURENTENCAUX;3;3;10;997;997;997;1;2;1;36;1;6;2;36;1;6;36;6;3;2;3;2;;;;;;
1171;2;1;1;1;1;2;1;1;1;2;0;0;0;0;0;0;0;0;2;2;3;3;2;2;3;2;1;4;1;1;2;2;2;3;2;2;2;2;2;1;2;0;0;0;0;1;0;5;995;995;995;995;995;995;995;995;995;995;995;995;995;995;2;995;995;995;995;995;995;995;995;3;1;1;0;0;0;0;0;2;1;1;2;2;2;2;2;2;3;2;2;2;2;3;2;1;2;3;1;999;;MAULEVRIER SAINTE GERTRUDE;MAULEVRIERSAINTEGERTRUDE;3;2;15;2;997;997;1;2;2;49;2;8;1;49;1;8;49;8;4;3;2;3;;;;;;
1172;2;1;1;1;1;1;2;2;1;1;1;0;1;1;0;0;0;0;2;2;2;999;2;2;2;1;1;999;1;1;1;2;2;2;2;2;2;3;3;5;2;0;0;1;0;1;0;4;995;995;995;995;995;995;995;995;995;995;995;995;995;995;2;995;995;995;995;995;995;995;995;999;999;0;0;0;0;0;0;999;999;999;999;999;999;999;999;999;999;999;999;999;999;999;3;2;995;4;1;3;;LE HAVRE;LEHAVRE;1;6;22;6;6;5;1;1;1;52;1;2;2;52;1;2;52;2;1;4;4;4;;;;;;
1173;2;1;2;3;1;1;1;1;2;1;1;0;1;1;0;0;0;0;2;4;3;2;5;4;3;4;999;1;4;4;2;3;2;2;3;3;2;3;3;3;3;1;0;1;1;0;0;999;2;995;995;995;995;995;995;995;995;995;995;995;995;995;2;995;995;995;995;995;995;995;995;3;2;1;0;0;0;0;0;2;2;995;3;2;2;2;1;3;3;2;2;2;2;1;2;1;2;4;2;995;;CRESSY;CRESSY;3;3;24;5;5;5;1;999;2;54;1;2;1;54;1;2;54;2;1;4;3;4;;;;;;
1174;2;2;2;2;999;999;1;1;2;1;0;0;0;1;1;0;0;1;1;5;2;1;5;3;5;4;1;1;4;2;4;3;1;1;3;1;3;3;3;5;3;1;1;1;0;0;0;2;1;0;0;0;0;0;0;0;0;0;1;0;0;0;2;995;995;995;995;995;995;995;995;4;2;0;0;0;1;0;0;2;2;995;4;2;2;1;1;2;3;2;2;2;3;3;999;1;2;4;2;995;;GONFREVILLE L'ORCHER;GONFREVILLELORCHER;1;2;12;997;997;997;1;999;2;43;999;8;1;43;1;8;43;8;4;3;2;3;;;;;;
1175;2;2;2;2;3;1;2;1;1;1;0;1;1;0;0;1;0;0;2;3;2;2;5;3;1;3;1;1;4;1;1;2;2;2;3;2;2;2;3;2;3;0;0;0;0;1;0;2;2;995;995;995;995;995;995;995;995;995;995;995;995;995;1;2;1;0;0;0;0;0;0;2;1;0;1;0;0;0;0;2;2;995;4;2;2;2;1;2;2;2;2;2;2;2;3;1;2;3;1;6;;MONTEROLIER;MONTEROLIER;3;2;13;997;997;997;1;2;1;42;1;6;2;42;1;6;42;6;3;3;2;3;;;;;;
1176;2;2;999;999;1;3;2;2;2;3;995;995;995;995;995;995;995;995;1;3;2;4;999;999;2;999;999;999;999;999;999;999;999;999;999;999;999;2;3;5;2;1;0;0;0;0;0;5;995;995;995;995;995;995;995;995;995;995;995;995;995;995;2;995;995;995;995;995;995;995;995;1;2;0;0;0;0;1;0;3;2;995;4;2;2;2;2;2;2;2;2;2;2;2;2;1;2;3;1;4;;CAUDEBEC EN CAUX;CAUDEBECENCAUX;3;2;11;997;997;997;1;999;2;39;1;5;1;39;1;5;39;5;3;2;2;2;;;;;;
1177;2;1;2;2;1;1;2;2;1;1;0;0;1;1;1;0;0;0;2;5;2;5;5;5;3;4;1;4;4;4;3;3;2;3;3;3;2;2;3;2;3;0;0;1;0;1;0;5;995;995;995;995;995;995;995;995;995;995;995;995;995;995;2;995;995;995;995;995;995;995;995;4;2;0;0;0;0;1;0;2;2;995;2;2;2;2;2;3;3;2;2;2;2;3;3;1;2;4;999;999;;ROCQUEMONT;ROCQUEMONT;3;4;23;6;6;5;1;999;2;50;2;8;1;50;2;8;50;8;4;4;4;4;;;;;;
1178;2;1;2;2;3;3;2;2;2;1;0;0;1;1;0;0;0;0;2;2;4;2;5;3;2;2;3;2;4;3;2;1;1;1;3;1;1;3;3;2;3;0;0;0;0;1;0;5;995;995;995;995;995;995;995;995;995;995;995;995;995;995;2;995;995;995;995;995;995;995;995;3;2;0;0;0;0;0;1;3;2;995;3;2;2;2;1;2;3;2;2;2;2;2;3;1;2;4;1;1;;CAUDEBEC LES ELBEUF;CAUDEBECLESELBEUF;2;1;5;997;997;997;1;2;2;25;2;8;1;25;1;8;25;8;4;1;1;1;;;;;;
1179;2;2;2;3;3;3;1;1;3;1;1;1;0;0;1;0;0;0;999;5;3;2;5;2;5;4;3;4;999;3;4;3;2;2;3;2;3;3;3;2;3;0;0;0;0;1;0;5;995;995;995;995;995;995;995;995;995;995;995;995;995;995;2;995;995;995;995;995;995;995;995;1;2;0;0;0;0;1;0;3;2;995;4;2;2;2;2;2;3;2;2;2;2;2;2;1;2;2;1;2;;LE HAVRE;LEHAVRE;1;2;18;5;1;997;1;999;2;45;2;8;1;45;1;8;45;8;4;3;2;4;;;;;;
1180;2;3;2;1;3;3;2;2;3;1;0;1;0;0;0;1;0;0;2;2;2;3;5;2;5;2;2;2;4;2;4;2;2;2;3;2;3;2;2;5;2;0;0;0;0;1;0;4;995;995;995;995;995;995;995;995;995;995;995;995;995;995;2;995;995;995;995;995;995;995;995;999;1;0;0;0;1;0;0;2;2;995;4;2;2;2;1;1;3;2;2;2;3;3;2;1;2;3;2;995;;999;999;999;2;20;6;997;997;1;1;2;46;1;5;1;46;1;4;46;4;2;3;2;4;;;;;;
1181;2;2;3;2;1;1;1;1;2;1;1;1;0;1;0;1;0;0;1;3;2;3;2;2;2;2;2;2;2;1;2;1;1;1;1;1;2;3;3;5;3;1;0;1;0;1;0;5;995;995;995;995;995;995;995;995;995;995;995;995;995;995;2;995;995;995;995;995;995;995;995;4;2;0;0;0;1;0;0;3;2;995;4;2;2;2;2;2;2;2;2;2;2;2;3;1;2;3;1;2;;MONTIVILLIERS;MONTIVILLIERS;2;1;8;997;997;997;1;999;1;36;1;5;2;36;1;5;36;5;3;2;1;2;;;;;;
1182;2;2;3;3;3;3;2;2;2;3;995;995;995;995;995;995;995;995;2;3;3;2;2;3;3;3;3;1;2;3;3;2;2;1;1;2;2;3;3;1;2;0;0;0;0;1;0;5;995;995;995;995;995;995;995;995;995;995;995;995;995;995;2;995;995;995;995;995;995;995;995;4;2;0;0;0;1;0;0;3;2;995;2;2;2;2;2;2;3;2;2;2;2;2;999;999;999;999;2;995;;HOUPPEVILLE;HOUPPEVILLE;2;2;11;997;997;997;1;2;1;41;1;3;2;41;1;3;41;3;1;3;2;2;;;;;;
1183;2;2;2;1;3;1;2;1;1;1;0;0;0;0;0;0;0;1;2;5;2;5;5;5;5;4;2;4;4;4;4;3;1;3;3;3;3;2;3;5;3;1;0;0;0;1;0;5;995;995;995;995;995;995;995;995;995;995;995;995;995;995;2;995;995;995;995;995;995;995;995;4;2;0;0;0;0;1;0;3;2;995;4;2;2;2;3;3;3;2;2;2;3;3;3;1;2;3;1;1;;LE HAVRE;LEHAVRE;1;1;3;997;997;997;1;999;2;30;1;5;1;30;2;5;30;5;3;2;1;1;;;;;;
1184;2;1;3;2;1;1;1;1;1;1;1;0;0;0;0;0;0;0;2;5;5;5;5;5;5;4;4;4;4;4;4;3;3;3;3;3;3;3;3;1;3;0;0;1;0;0;0;5;995;995;995;995;995;995;995;995;995;995;995;995;995;995;2;995;995;995;995;995;995;995;995;4;2;0;0;0;0;0;1;999;2;995;4;2;2;2;1;1;3;3;3;3;3;3;999;999;999;999;4;995;;999;999;999;2;7;997;997;997;1;999;2;36;1;5;1;36;1;5;36;5;3;2;2;2;;;;;;
1185;2;2;3;1;1;2;2;2;2;1;1;0;0;1;0;0;0;1;999;5;2;3;1;2;2;4;2;3;2;3;3;3;2;2;2;2;2;3;3;999;3;0;0;1;0;1;0;4;995;995;995;995;995;995;995;995;995;995;995;995;995;995;2;995;995;995;995;995;995;995;995;999;2;0;0;0;1;0;0;3;2;995;4;2;2;2;2;1;3;2;2;2;2;2;999;1;2;3;1;4;;SAINT ETIENNE DU ROUVRAY;SAINTETIENNEDUROUVRAY;1;1;23;6;997;997;1;2;1;58;2;7;2;58;2;7;58;7;4;4;1;4;;;;;;
1186;2;1;2;1;1;1;2;2;1;3;995;995;995;995;995;995;995;995;1;999;999;2;2;2;2;3;3;3;3;3;3;999;999;999;999;999;999;3;2;999;3;1;0;0;0;1;0;4;995;995;995;995;995;995;995;995;995;995;995;995;995;995;2;995;995;995;995;995;995;995;995;2;2;0;0;0;0;1;0;1;2;995;4;2;2;2;2;2;2;2;2;2;2;2;3;1;2;4;2;995;;SAINT AUBIN LES ELBEUF;SAINTAUBINLESELBEUF;2;1;13;1;997;997;1;999;2;34;2;8;1;34;1;8;34;8;4;2;1;3;;;;;;
1187;2;2;3;1;1;1;1;1;2;2;0;0;0;0;0;0;0;0;1;2;2;2;1;3;2;1;1;3;3;1;1;1;1;1;1;1;1;3;3;2;2;0;1;0;0;1;0;4;995;995;995;995;995;995;995;995;995;995;995;995;995;995;2;995;995;995;995;995;995;995;995;4;1;1;0;0;0;0;0;3;999;1;4;2;2;1;2;2;3;2;2;2;2;2;3;1;2;3;4;995;;SAINT AUBIN LES ELBEUF;SAINTAUBINLESELBEUF;2;1;7;997;997;997;1;999;1;46;1;6;2;46;1;6;46;6;3;3;1;2;;;;;;
1188;2;2;2;2;1;1;2;2;1;1;1;0;1;1;0;0;0;0;2;5;2;2;5;2;5;4;1;3;3;999;4;3;2;2;3;2;3;2;3;5;1;1;1;0;1;0;0;3;995;995;995;995;995;995;995;995;995;995;995;995;995;995;1;2;1;0;1;0;0;0;0;3;1;0;0;0;1;0;0;3;2;995;4;2;2;2;2;2;3;2;2;2;2;2;3;1;2;4;999;4;;EMANVILLE;EMANVILLE;3;2;4;997;997;997;1;999;2;35;1;4;1;35;1;4;35;4;2;2;2;1;;;;;;
1189;2;2;3;2;1;1;1;1;2;1;0;0;0;1;1;0;1;0;2;2;2;1;5;3;3;999;999;999;999;999;999;999;999;999;999;999;999;999;999;999;999;0;0;0;0;0;0;999;1;0;0;0;0;0;0;0;0;0;0;1;0;0;2;2;0;0;0;0;0;0;1;999;2;0;0;0;1;0;0;999;2;999;4;2;2;1;2;2;2;2;2;2;2;2;3;1;2;2;1;3;;LE GRAND QUEVILLY;LEGRANDQUEVILLY;1;2;7;997;997;997;1;999;2;34;1;4;1;34;1;4;34;4;2;2;2;2;;;;;;
1190;2;1;1;1;1;1;1;1;1;1;1;0;0;1;0;0;0;0;1;3;3;3;2;1;2;1;2;1;2;2;2;1;1;1;1;1;1;3;3;5;3;1;1;1;0;0;0;3;995;995;995;995;995;995;995;995;995;995;995;995;995;995;2;995;995;995;995;995;995;995;995;3;2;0;0;0;1;0;0;2;999;999;2;2;2;1;999;2;2;2;2;2;2;2;3;2;995;3;2;995;;999;999;999;3;24;6;4;1;1;2;2;47;1;6;1;47;1;6;47;6;3;3;3;4;;;;;;
1191;2;2;2;1;3;2;2;2;2;999;0;0;1;1;0;0;0;0;2;2;2;999;1;999;1;2;2;999;2;999;2;2;1;1;1;999;1;3;3;2;2;1;1;0;0;1;0;4;995;995;995;995;995;995;995;995;995;995;995;995;995;995;2;995;995;995;995;995;995;995;995;3;2;1;0;0;0;0;0;2;2;995;3;2;2;2;2;2;999;2;2;2;2;2;999;1;2;4;999;999;;999;999;999;2;11;997;997;997;1;999;2;31;2;8;1;31;1;8;31;8;4;2;2;2;;;;;;
1192;2;1;1;1;1;1;1;1;1;1;1;1;0;1;0;0;0;0;1;5;1;2;5;2;1;4;1;3;4;3;1;3;1;2;3;2;3;3;4;5;3;1;1;1;0;0;0;3;995;995;995;995;995;995;995;995;995;995;995;995;995;995;2;995;995;995;995;995;995;995;995;3;2;0;0;0;1;0;0;2;2;995;2;2;2;2;2;3;3;2;2;2;2;3;2;1;2;4;2;995;;FECAMP;FECAMP;2;1;12;1;997;997;1;999;1;48;1;6;2;48;1;6;48;6;3;3;1;3;;;;;;
1193;2;2;3;2;3;3;1;1;2;1;1;0;1;1;0;0;0;0;1;5;3;2;5;2;5;4;1;3;4;3;4;3;1;1;3;1;3;3;3;5;3;0;0;1;0;1;0;3;995;995;995;995;995;995;995;995;995;995;995;995;995;995;1;2;0;0;0;0;0;1;0;3;1;0;0;1;0;0;0;1;2;995;4;2;1;2;1;1;3;2;2;2;2;2;3;1;2;4;1;6;;LES LOGES;LESLOGES;3;3;15;3;997;997;1;999;2;41;1;5;1;41;1;5;41;5;3;3;3;3;;;;;;
1194;2;2;2;2;1;1;2;2;2;1;1;1;1;0;1;0;0;0;2;2;3;2;2;3;4;1;1;1;1;1;1;2;1;2;2;1;1;2;2;5;3;0;0;0;0;1;0;3;995;995;995;995;995;995;995;995;995;995;995;995;995;995;1;2;1;0;0;0;0;0;0;4;2;1;0;0;0;0;0;2;1;1;3;2;2;2;2;2;3;2;2;2;2;2;3;1;2;4;2;995;;LE HAVRE;LEHAVRE;1;2;19;2;2;997;1;999;1;44;1;6;2;44;1;6;44;6;3;3;2;4;;;;;;
1195;2;2;2;2;1;1;2;2;1;1;0;1;0;1;1;1;0;0;1;5;1;5;5;1;5;4;1;1;4;3;4;3;1;999;3;2;3;3;3;5;3;1;0;0;0;0;0;5;995;995;995;995;995;995;995;995;995;995;995;995;995;995;2;995;995;995;995;995;995;995;995;999;2;1;0;0;0;0;0;3;999;999;4;2;2;2;2;2;3;2;2;2;2;2;3;1;2;4;2;995;;LE HAVRE;LEHAVRE;1;2;25;6;6;997;1;999;1;53;1;3;2;53;1;3;53;3;1;4;2;4;;;;;;
1196;2;2;2;2;2;2;2;1;2;1;1;0;1;1;0;0;1;0;2;2;2;2;2;2;2;3;1;1;999;3;3;999;1;1;999;2;2;3;2;2;2;1;0;1;1;0;0;5;995;995;995;995;995;995;995;995;995;995;995;995;995;995;2;995;995;995;995;995;995;995;995;999;999;0;0;0;0;0;0;999;999;999;999;999;999;999;999;999;999;999;999;999;999;999;999;999;999;999;1;4;;GODERVILLE;GODERVILLE;3;3;23;6;6;5;1;999;2;55;1;6;1;55;2;6;55;6;3;4;3;4;;;;;;
1197;2;2;3;3;1;1;2;2;3;1;0;0;0;1;0;0;0;0;2;2;3;2;2;3;3;3;1;3;2;3;3;2;2;2;2;2;1;3;2;3;2;0;0;1;0;1;0;3;995;995;995;995;995;995;995;995;995;995;995;995;995;995;2;995;995;995;995;995;995;995;995;3;2;0;0;0;1;0;0;1;2;995;2;2;2;2;1;2;3;2;2;2;2;2;3;1;999;3;1;6;;NEVILLE;NEVILLE;3;2;11;997;997;997;1;999;1;37;1;6;2;37;2;6;37;6;3;2;2;2;;;;;;
1198;2;2;2;2;1;1;1;1;2;1;1;0;1;1;1;0;1;0;1;999;999;999;999;999;999;999;999;999;999;999;999;999;999;999;999;999;999;3;3;2;3;0;1;1;0;1;0;1;1;0;0;0;0;0;0;0;0;0;0;1;0;0;2;995;995;995;995;995;995;995;995;2;2;0;0;0;1;0;0;3;2;995;4;999;999;999;1;1;1;999;999;999;999;999;3;1;2;2;2;995;;YVETOT;YVETOT;2;3;7;997;997;997;1;2;2;31;1;5;1;31;1;5;31;5;3;2;3;2;;;;;;
1199;2;2;3;2;1;1;2;2;2;1;0;0;1;0;0;0;0;0;1;5;4;3;5;3;4;4;3;3;4;3;3;3;2;2;3;2;2;1;2;1;1;0;0;0;0;1;1;4;995;995;995;995;995;995;995;995;995;995;995;995;995;995;2;995;995;995;995;995;995;995;995;3;1;0;0;0;0;1;0;3;2;995;3;2;2;2;2;2;2;2;2;2;2;2;2;1;2;4;1;2;;NOTRE DAME DE GRAVENCHON;NOTREDAMEDEGRAVENCHON;3;3;15;2;1;997;1;1;2;47;1;3;1;47;1;3;47;3;1;3;3;3;;;;;;
1200;2;1;2;999;3;1;2;2;2;1;1;0;1;1;0;0;0;0;999;3;2;2;5;3;2;4;2;3;4;3;3;2;2;2;3;2;2;3;3;1;999;1;1;1;0;0;0;4;995;995;995;995;995;995;995;995;995;995;995;995;995;995;2;995;995;995;995;995;995;995;995;4;2;0;0;0;1;0;0;1;2;995;2;2;2;2;2;2;2;2;2;2;2;2;2;1;2;2;2;995;;999;999;999;2;24;6;3;997;1;999;2;45;1;6;1;45;1;6;45;6;3;3;2;4;;;;;;
1201;2;2;3;1;2;999;2;1;1;1;1;1;1;1;0;0;1;0;1;3;3;3;2;3;1;3;3;2;2;2;2;1;2;1;1;2;1;2;3;5;3;1;0;0;0;1;0;5;995;995;995;995;995;995;995;995;995;995;995;995;995;995;2;995;995;995;995;995;995;995;995;3;2;0;0;0;1;0;0;1;1;4;4;2;2;1;2;2;3;2;2;1;2;2;2;1;2;3;1;2;;PIERREFIQUES;PIERREFIQUES;3;2;4;997;997;997;1;999;2;32;1;3;1;32;1;3;32;3;1;2;2;1;;;;;;
1202;2;2;2;3;1;1;1;2;2;1;1;0;1;0;0;1;1;0;2;5;2;2;999;2;5;4;1;2;4;3;3;3;2;2;3;2;2;2;2;1;3;0;0;0;0;1;0;3;995;995;995;995;995;995;995;995;995;995;995;995;995;995;2;995;995;995;995;995;995;995;995;999;1;0;0;0;1;0;0;1;2;995;3;2;2;2;1;1;3;2;2;2;2;2;3;1;2;4;4;995;;ORIVAL;ORIVAL;2;2;11;997;997;997;1;999;1;38;1;5;2;38;1;5;38;5;3;2;2;2;;;;;;
1203;2;1;3;3;3;3;2;2;1;1;0;0;1;1;1;0;0;0;2;2;3;3;3;3;2;2;3;3;3;3;3;2;1;2;2;3;2;3;3;5;2;0;0;1;0;0;0;3;995;995;995;995;995;995;995;995;995;995;995;995;995;995;2;995;995;995;995;995;995;995;995;2;2;0;0;0;1;0;0;2;2;995;4;3;3;2;2;2;3;2;2;2;2;2;3;1;2;3;4;995;;PETIT QUEVILLY;PETITQUEVILLY;1;2;6;997;997;997;1;999;2;31;1;5;1;31;1;5;31;5;3;2;2;2;;;;;;
1204;2;3;3;3;3;3;2;2;3;1;1;0;0;1;0;0;0;0;2;2;2;2;2;2;3;3;1;3;3;1;1;2;1;2;2;1;1;3;3;5;3;1;0;1;1;0;0;4;995;995;995;995;995;995;995;995;995;995;995;995;995;995;2;995;995;995;995;995;995;995;995;4;2;0;0;0;0;0;1;3;2;995;1;999;999;999;1;1;999;2;2;2;2;2;3;1;2;2;1;4;;YVETOT;YVETOT;2;2;9;997;997;997;1;999;1;49;1;4;2;49;1;4;49;4;2;3;2;2;;;;;;
1205;2;2;2;2;3;3;2;2;1;1;0;0;1;1;0;0;0;0;2;5;1;5;5;5;5;4;1;4;4;4;4;3;1;3;3;3;3;3;3;5;2;1;0;0;0;1;0;5;995;995;995;995;995;995;995;995;995;995;995;995;995;995;2;995;995;995;995;995;995;995;995;2;2;0;0;0;0;1;0;2;2;995;3;1;2;1;1;2;3;2;2;2;2;2;2;1;2;3;2;995;;YMARE;YMARE;3;1;19;3;997;997;1;1;1;41;1;3;2;41;2;3;41;3;1;3;1;4;;;;;;
1206;2;2;1;2;3;1;1;1;1;1;0;1;1;1;0;0;1;0;1;3;2;3;3;1;1;3;3;3;3;1;1;1;1;1;1;1;1;4;3;3;3;1;1;1;0;0;0;5;995;995;995;995;995;995;995;995;995;995;995;995;995;995;2;995;995;995;995;995;995;995;995;1;2;0;0;0;1;0;0;2;2;995;4;2;1;2;1;1;1;2;2;2;2;2;3;1;2;3;2;995;;GRAND COURONNE LES ESSARTS;GRANDCOURONNELESESSARTS;2;2;18;5;2;997;1;999;2;43;1;5;1;43;1;5;43;5;3;3;2;4;;;;;;
1207;2;2;3;3;3;3;1;2;2;2;0;0;0;0;0;0;0;0;1;2;2;3;3;3;4;3;3;3;3;2;3;1;2;1;1;1;2;3;2;2;1;0;0;0;0;0;1;2;995;995;995;995;995;995;995;995;995;995;995;995;995;995;2;995;995;995;995;995;995;995;995;3;2;0;0;0;1;0;0;1;2;995;2;2;2;2;2;2;3;2;2;2;2;2;3;2;995;4;1;2;;ROUEN;ROUEN;1;2;4;997;997;997;1;999;2;25;2;8;1;25;2;8;25;8;4;1;2;1;;;;;;
1208;2;2;2;2;1;1;2;2;2;1;1;0;1;1;0;1;0;0;999;3;3;5;3;5;2;3;1;3;3;3;3;2;2;2;2;3;2;3;3;5;2;0;0;0;0;1;0;3;995;995;995;995;995;995;995;995;995;995;995;995;995;995;2;995;995;995;995;995;995;995;995;999;1;0;0;0;0;1;0;3;2;995;2;2;2;2;2;2;3;2;2;2;2;3;3;1;2;4;2;995;;SOTTEVILLE LES ROUEN;SOTTEVILLELESROUEN;1;3;23;6;6;6;1;1;2;52;2;8;1;52;1;8;52;8;4;4;3;4;;;;;;
1209;2;2;1;1;3;3;2;2;2;2;0;0;0;0;0;0;0;0;2;2;2;2;2;3;2;1;1;2;2;1;1;1;1;1;1;1;1;2;3;5;3;1;0;0;0;0;0;4;995;995;995;995;995;995;995;995;995;995;995;995;995;995;2;995;995;995;995;995;995;995;995;2;1;0;0;0;0;1;0;1;1;4;4;1;1;1;1;1;3;1;1;1;1;1;3;1;2;3;1;3;;ROUEN;ROUEN;1;3;22;5;5;5;1;999;2;51;1;4;1;51;1;4;51;4;2;4;3;4;;;;;;
1210;2;2;2;2;1;3;1;2;1;1;1;0;1;1;0;0;0;0;1;5;2;5;5;3;2;4;1;4;4;3;3;3;1;3;3;1;2;3;3;999;3;1;1;0;1;0;0;5;995;995;995;995;995;995;995;995;995;995;995;995;995;995;2;995;995;995;995;995;995;995;995;4;2;1;0;0;0;0;0;2;1;4;4;2;2;2;2;2;3;2;2;2;2;2;2;1;2;3;2;995;;AUPPEGARD;AUPPEGARD;3;2;22;6;5;997;1;999;2;50;1;4;1;50;1;4;50;4;2;4;2;4;;;;;;
1211;2;2;2;2;3;3;2;2;1;2;0;0;0;0;0;0;0;0;2;5;3;3;2;3;5;3;3;3;3;2;3;3;2;3;3;2;3;2;2;2;1;0;0;1;0;0;0;3;995;995;995;995;995;995;995;995;995;995;995;995;995;995;2;2;0;0;0;0;0;0;0;4;2;0;0;0;0;0;0;2;2;995;4;2;2;1;2;2;3;2;2;2;2;2;3;1;2;3;1;7;Par bon d'achats pour les enfants, habillement.........;YERVILLE;YERVILLE;3;2;19;5;5;997;1;999;1;44;1;5;2;44;1;5;44;5;3;3;2;4;;;;;;
1212;2;2;3;1;3;3;2;2;2;1;0;1;1;0;0;0;0;0;2;5;2;3;5;2;1;4;3;3;4;3;3;3;2;2;3;2;2;3;2;2;2;0;0;0;0;1;0;4;995;995;995;995;995;995;995;995;995;995;995;995;995;995;2;995;995;995;995;995;995;995;995;3;1;0;1;0;0;0;0;2;2;995;4;2;2;2;2;2;2;2;2;2;2;2;3;1;2;4;2;995;;THEUVILLE AUX MAILLOTS;THEUVILLEAUXMAILLOTS;3;1;6;997;997;997;1;999;2;29;1;6;1;29;1;6;29;6;3;1;1;2;;;;;;
1213;2;2;2;1;1;1;1;1;2;3;995;995;995;995;995;995;995;995;2;2;2;3;3;3;2;3;3;3;3;3;3;2;2;2;2;2;2;2;2;2;3;1;0;0;0;1;0;4;995;995;995;995;995;995;995;995;995;995;995;995;995;995;2;995;995;995;995;995;995;995;995;4;2;0;0;0;1;0;0;3;2;995;2;2;2;2;2;2;3;2;2;2;2;2;2;1;2;4;1;6;;RIEUX;RIEUX;3;3;20;5;997;997;1;999;2;39;1;6;1;39;1;6;39;6;3;2;3;4;;;;;;
1214;2;3;2;2;1;3;2;2;3;3;995;995;995;995;995;995;995;995;2;3;2;2;3;1;3;3;3;3;3;3;3;2;2;2;2;2;2;2;2;2;3;1;1;1;0;0;0;5;995;995;995;995;995;995;995;995;995;995;995;995;995;995;2;995;995;995;995;995;995;995;995;3;1;0;0;0;1;0;0;2;2;995;4;2;2;2;2;2;2;2;2;2;2;2;2;1;2;4;4;995;;SANDOUVILLE;SANDOUVILLE;3;1;9;997;997;997;1;999;1;39;1;5;2;39;1;5;39;5;3;2;1;2;;;;;;
1215;2;1;3;1;1;1;1;1;1;1;0;0;1;0;0;0;0;0;1;5;1;2;5;2;5;4;2;2;4;2;4;3;1;1;3;1;3;4;4;5;3;1;1;0;0;1;0;5;995;995;995;995;995;995;995;995;995;995;995;995;995;995;2;995;995;995;995;995;995;995;995;3;1;0;1;0;0;0;0;3;2;995;4;1;1;1;2;2;3;2;2;2;2;2;999;1;2;4;2;995;;BEUZEVILLE LA GUERARD;BEUZEVILLELAGUERARD;3;2;18;3;997;997;1;999;1;53;1;6;2;53;1;6;53;6;3;4;2;4;;;;;;
1216;2;2;3;2;1;3;1;2;2;3;995;995;995;995;995;995;995;995;1;5;2;3;5;5;5;4;3;1;4;4;4;3;1;1;3;3;3;3;2;3;3;0;0;0;0;1;0;3;995;995;995;995;995;995;995;995;995;995;995;995;995;995;2;995;995;995;995;995;995;995;995;2;2;0;0;0;0;1;0;2;2;995;3;3;3;3;3;3;3;3;3;3;3;3;3;1;2;4;1;4;;LE TRAIT;LETRAIT;3;3;6;997;997;997;1;1;2;33;2;8;1;33;1;8;33;8;4;2;3;2;;;;;;
1217;2;1;2;2;1;1;2;1;1;1;0;0;1;1;0;1;0;0;2;5;2;2;5;2;5;4;3;3;4;3;4;3;2;2;3;2;3;3;3;5;3;1;0;1;0;1;0;5;995;995;995;995;995;995;995;995;995;995;995;995;995;995;2;995;995;995;995;995;995;995;995;2;2;0;0;0;1;0;0;2;2;995;4;2;2;2;2;2;3;2;2;2;2;3;3;1;2;3;1;3;;SAINTE MARIE AU BOSC;SAINTEMARIEAUBOSC;3;4;9;997;997;997;1;999;2;36;1;5;1;36;1;5;36;5;3;2;4;2;;;;;;
1218;2;2;2;2;2;1;2;1;2;2;0;0;0;0;0;0;0;0;2;3;3;1;5;4;4;3;2;2;4;3;3;3;1;1;3;1;1;2;3;5;2;1;0;0;0;1;0;5;995;995;995;995;995;995;995;995;995;995;995;995;995;995;2;995;995;995;995;995;995;995;995;3;2;0;0;0;1;0;0;3;2;995;4;2;2;1;1;2;3;2;2;2;2;2;3;1;2;4;2;995;;VALMONT;VALMONT;3;3;22;5;5;5;1;999;2;50;1;3;1;50;1;3;50;3;1;4;3;4;;;;;;
1219;2;1;2;1;1;1;1;1;2;1;1;1;0;1;0;0;1;0;1;5;2;5;1;3;5;4;2;4;1;3;4;3;1;3;1;2;3;4;4;3;2;1;1;1;0;0;0;5;995;995;995;995;995;995;995;995;995;995;995;995;995;995;2;995;995;995;995;995;995;995;995;2;2;1;0;0;0;0;0;2;2;995;4;1;2;1;1;1;3;2;2;2;3;3;3;1;2;3;1;3;;LA LONDE;LALONDE;2;3;10;997;997;997;1;2;1;38;1;4;2;38;2;4;38;4;2;2;3;2;;;;;;
1220;2;2;3;2;1;1;1;2;2;1;0;0;1;0;1;0;0;0;2;2;3;3;3;2;3;3;3;3;3;3;3;2;1;2;2;2;1;2;2;5;2;0;0;0;0;1;0;2;1;0;0;0;0;0;0;0;0;0;1;0;0;0;2;995;995;995;995;995;995;995;995;2;2;0;0;0;1;0;0;2;2;995;2;2;2;2;2;1;2;2;2;2;2;2;999;999;999;999;2;995;;SAINT PIERRE LES ELBEUF;SAINTPIERRELESELBEUF;2;3;21;6;3;3;1;999;2;43;1;4;1;43;1;4;43;4;2;3;3;4;;;;;;
1221;2;2;3;1;1;1;1;1;2;3;995;995;995;995;995;995;995;995;2;5;2;3;5;3;5;4;2;3;4;3;4;3;2;2;3;2;3;2;2;1;2;0;0;0;0;1;0;5;995;995;995;995;995;995;995;995;995;995;995;995;995;995;1;995;995;995;995;995;995;995;995;999;999;0;0;0;0;0;0;999;999;999;999;999;999;999;999;999;999;999;999;999;999;999;3;1;2;3;1;4;;LE HAVRE;LEHAVRE;1;2;20;5;4;997;1;999;2;47;1;4;1;47;1;4;47;4;2;3;2;4;;;;;;
1222;2;999;3;2;1;3;1;1;2;1;1;0;1;1;0;0;0;0;1;1;2;3;5;1;5;1;1;1;4;2;4;1;1;2;3;2;3;3;3;5;3;1;1;0;1;0;0;5;995;995;995;995;995;995;995;995;995;995;995;995;995;995;2;995;995;995;995;995;995;995;995;3;2;0;0;1;0;0;0;2;2;995;2;2;2;2;2;3;3;2;2;2;2;3;999;1;2;3;2;995;;SAINT MARTIN OSMANVILLE;SAINTMARTINOSMANVILLE;3;2;24;5;6;997;1;999;2;60;2;7;1;60;2;7;60;7;4;4;2;4;;;;;;
1223;2;2;4;4;1;1;1;1;1;1;1;1;1;0;0;0;0;0;1;1;1;1;5;5;1;4;1;3;4;4;1;3;1;1;3;3;1;3;2;2;3;0;0;0;0;1;0;5;995;995;995;995;995;995;995;995;995;995;995;995;995;995;2;995;995;995;995;995;995;995;995;4;1;0;1;0;0;0;0;3;2;995;4;2;2;2;2;2;2;2;2;2;2;2;2;1;2;3;2;995;;PETIT COURONNE;PETITCOURONNE;2;2;12;997;997;997;1;999;2;39;1;3;1;39;1;3;39;3;1;2;2;3;;;;;;
1224;2;2;2;1;3;3;2;2;2;3;995;995;995;995;995;995;995;995;2;5;2;5;5;5;2;4;3;4;4;4;3;3;2;3;3;3;2;3;3;5;2;1;0;0;0;1;0;3;995;995;995;995;995;995;995;995;995;995;995;995;995;995;1;2;1;0;0;0;0;0;0;2;2;0;0;0;0;1;0;2;2;995;2;2;2;2;2;1;3;2;2;2;2;3;2;1;2;4;1;4;;PETIT COURONNE;PETITCOURONNE;2;3;23;6;3;1;1;1;2;47;1;5;1;47;1;5;47;5;3;3;3;4;;;;;;
1225;2;2;4;3;1;1;2;2;2;1;1;1;0;1;0;0;0;0;1;2;1;999;2;1;2;999;999;999;999;999;999;999;999;999;999;999;999;3;2;5;3;0;0;1;0;1;0;4;995;995;995;995;995;995;995;995;995;995;995;995;995;995;2;995;995;995;995;995;995;995;995;3;2;0;1;0;0;0;0;999;2;995;4;2;2;2;1;1;1;999;999;999;999;999;3;1;2;4;3;995;;GRAIMBOUVILLE;GRAIMBOUVILLE;3;4;18;997;997;997;1;1;1;43;1;6;2;43;1;6;43;6;3;3;4;4;;;;;;
1226;2;2;1;2;1;1;2;2;1;1;1;1;0;1;1;0;0;0;2;1;1;1;1;1;1;4;4;4;4;4;4;3;3;3;3;3;3;3;3;5;3;1;0;1;1;0;0;2;1;0;0;0;0;0;0;0;0;0;0;1;0;0;2;995;995;995;995;995;995;995;995;3;2;1;0;0;0;0;0;1;2;995;4;2;2;1;2;2;2;2;2;1;2;2;3;1;2;4;1;1;;MONT SAINT AIGNAN;MONTSAINTAIGNAN;1;2;11;997;997;997;1;999;2;42;1;5;1;42;1;5;42;5;3;3;2;2;;;;;;
1227;2;2;2;2;1;1;2;2;2;1;1;0;1;0;0;0;0;0;2;2;2;2;5;2;2;1;1;3;4;1;1;1;999;2;3;1;2;2;3;2;3;0;0;0;0;1;0;2;1;0;0;0;0;1;0;0;0;0;0;0;0;0;2;995;995;995;995;995;995;995;995;2;2;0;0;0;1;0;0;2;2;995;3;2;2;2;2;2;3;2;2;2;2;2;2;1;2;4;2;995;;LE MESNIL ESNARD;LEMESNILESNARD;1;2;18;6;3;997;1;999;2;39;1;5;1;39;1;5;39;5;3;2;2;4;;;;;;
1228;2;2;1;2;1;1;1;1;2;1;0;0;1;1;0;1;1;0;999;5;3;2;5;4;4;4;3;2;4;3;3;3;1;1;3;2;1;3;3;2;3;0;0;0;0;1;0;5;995;995;995;995;995;995;995;995;995;995;995;995;995;995;2;995;995;995;995;995;995;995;995;3;2;0;0;1;0;0;0;3;2;995;4;2;2;1;1;2;3;2;2;2;2;2;999;1;2;3;1;4;;SAINT AUBIN D'EPINAY;SAINTAUBINDEPINAY;3;2;20;6;5;997;1;999;1;51;1;6;2;51;2;6;51;6;3;4;2;4;;;;;;
1229;2;1;2;1;1;1;1;1;1;1;0;1;1;0;1;1;0;0;1;5;2;1;1;1;1;3;3;3;3;3;3;3;2;2;2;2;2;3;3;5;3;0;0;1;1;1;0;4;995;995;995;995;995;995;995;995;995;995;995;995;995;995;2;995;995;995;995;995;995;995;995;2;1;0;1;0;0;0;0;2;2;995;2;2;2;2;2;2;2;2;2;2;2;2;2;1;2;4;1;1;;FECAMP;FECAMP;2;1;1;997;997;997;1;999;2;25;2;8;1;25;1;8;25;8;4;1;1;1;;;;;;
1230;2;2;3;3;3;3;2;2;2;3;995;995;995;995;995;995;995;995;2;1;3;1;3;3;1;2;3;2;3;3;2;2;2;2;2;2;2;2;2;5;3;0;0;0;0;0;1;2;1;0;0;0;0;0;0;0;0;0;1;0;0;0;2;995;995;995;995;995;995;995;995;2;2;0;0;0;1;0;0;3;2;995;2;2;2;2;2;2;999;2;2;2;2;2;2;1;2;4;1;1;;SAINT LEGER DU BOURG DENIS;SAINTLEGERDUBOURGDENIS;2;3;24;6;6;2;1;999;1;49;1;5;2;49;1;999;49;5;3;3;3;4;;;;;;
1231;2;1;2;2;2;2;1;1;1;1;1;0;0;1;0;0;0;0;1;5;2;5;5;2;5;4;1;4;4;2;4;3;1;3;3;2;3;4;4;3;3;1;1;0;1;0;0;4;995;995;995;995;995;995;995;995;995;995;995;995;995;995;2;995;995;995;995;995;995;995;995;3;2;0;0;0;0;0;1;3;2;995;1;1;1;2;1;2;3;2;2;2;2;2;3;1;2;3;1;4;;HOUPPEVILLE;HOUPPEVILLE;2;3;21;6;6;2;1;999;1;42;1;3;2;42;1;3;42;3;1;3;3;4;;;;;;
1232;2;2;2;2;3;3;2;2;1;1;0;1;1;0;0;0;0;0;2;5;3;3;5;3;3;4;1;3;4;3;3;3;1;1;3;1;1;2;3;5;3;0;0;0;0;1;0;4;995;995;995;995;995;995;995;995;995;995;995;995;995;995;1;2;1;0;1;0;0;0;0;999;1;0;0;0;0;1;0;3;2;995;2;2;2;2;2;2;3;2;2;2;2;3;3;1;2;2;4;995;;999;999;999;2;17;6;2;997;1;2;2;48;1;6;1;48;1;6;48;6;3;3;2;3;;;;;;
1233;2;2;1;1;3;3;2;2;1;1;1;0;0;1;0;0;0;0;2;2;1;1;1;3;1;3;2;2;2;2;2;2;2;2;2;2;2;3;3;5;2;0;1;0;1;0;0;5;995;995;995;995;995;995;995;995;995;995;995;995;995;995;2;995;995;995;995;995;995;995;995;3;2;0;0;0;0;1;0;3;1;4;4;3;3;3;1;3;3;2;2;2;1;2;3;1;2;4;1;4;;SAINT SAENS;SAINTSAENS;3;4;17;4;2;997;1;999;2;34;1;5;1;34;1;5;34;5;3;2;4;3;;;;;;
1234;2;1;3;1;1;1;1;1;1;1;1;0;1;1;0;0;0;0;1;5;2;2;2;1;3;999;1;3;2;2;3;2;1;2;2;1;2;4;4;3;2;1;1;0;1;0;0;1;1;0;0;1;0;0;0;0;0;0;0;0;0;0;2;995;995;995;995;995;995;995;995;3;2;0;1;0;0;0;0;3;2;995;3;2;1;2;2;2;3;2;2;2;2;2;3;1;2;4;1;6;;LE HAVRE;LEHAVRE;1;2;10;1;997;997;1;999;2;37;2;8;1;37;1;8;37;8;4;2;2;2;;;;;;
1235;2;2;3;2;3;3;2;1;3;1;0;0;0;1;0;0;0;0;2;3;3;3;5;5;3;3;3;2;4;4;3;1;1;2;3;3;2;1;1;1;1;0;0;0;0;0;1;5;995;995;995;995;995;995;995;995;995;995;995;995;995;995;2;995;995;995;995;995;995;995;995;3;2;0;0;0;0;1;0;3;2;995;4;2;2;2;2;2;2;2;2;2;2;2;3;1;2;3;2;995;;LA NEUVILLE CHANT D'OISEL;LANEUVILLECHANTDOISEL;3;2;7;997;997;997;1;999;2;33;1;5;1;33;1;5;33;5;3;2;2;2;;;;;;
1236;2;2;999;999;1;1;1;1;2;1;1;1;0;1;0;1;0;1;1;2;2;2;2;2;2;1;1;1;1;1;1;1;2;1;1;1;1;4;3;2;3;0;0;0;0;1;0;4;995;995;995;995;995;995;995;995;995;995;995;995;995;995;2;995;995;995;995;995;995;995;995;999;2;0;1;0;0;0;0;2;2;995;999;2;2;2;1;1;2;2;2;2;2;2;2;1;2;3;999;999;;QUINCAMPOIX;QUINCAMPOIX;2;2;9;997;997;997;1;2;2;39;1;4;1;39;1;4;39;4;2;2;2;2;;;;;;
1237;2;2;2;1;1;1;2;2;1;1;1;0;0;1;0;0;0;0;2;3;3;2;1;4;3;3;3;3;3;3;3;2;2;2;2;2;2;1;3;2;3;1;1;1;0;0;0;3;995;995;995;995;995;995;995;995;995;995;995;995;995;995;1;2;0;1;0;1;0;0;0;3;2;1;0;0;0;0;0;2;2;995;3;2;1;2;1;2;2;2;2;2;2;2;3;1;2;3;2;995;;YEBLERON;YEBLERON;3;2;8;997;997;997;1;999;2;38;1;3;1;38;1;3;38;3;1;2;2;2;;;;;;
1238;2;1;2;1;3;3;2;2;1;1;1;0;0;1;1;1;0;1;2;5;2;1;1;2;1;3;1;3;1;3;1;3;3;1;1;1;2;2;2;2;3;0;0;0;0;1;0;4;995;995;995;995;995;995;995;995;995;995;995;995;995;995;2;995;995;995;995;995;995;995;995;999;1;0;0;1;0;0;0;2;2;995;4;2;2;2;1;3;3;2;2;2;2;3;2;1;2;4;4;995;;MALAUNAY;MALAUNAY;2;2;6;997;997;997;1;999;1;34;1;3;2;34;1;3;34;3;1;2;2;2;;;;;;
1239;2;2;2;2;1;1;1;1;2;1;1;0;0;0;0;0;1;0;2;3;3;3;3;3;3;2;3;3;3;3;3;2;2;2;2;2;2;2;2;2;2;0;0;0;0;1;0;5;995;995;995;995;995;995;995;995;995;995;995;995;995;995;2;995;995;995;995;995;995;995;995;3;1;0;0;0;0;1;0;3;2;995;4;2;2;2;2;2;2;999;999;999;999;999;3;1;2;4;2;995;;PETIT COURONNE;PETITCOURONNE;2;2;10;997;997;997;1;999;2;35;1;5;1;35;1;5;35;5;3;2;2;2;;;;;;
1240;2;2;1;1;3;3;2;2;1;1;1;0;1;1;0;0;0;0;2;5;2;2;5;5;5;4;1;4;4;4;4;3;1;3;3;3;3;3;3;3;3;1;1;0;1;0;0;3;995;995;995;995;995;995;995;995;995;995;995;995;995;995;2;995;995;995;995;995;995;995;995;3;1;0;0;1;0;0;0;2;2;995;4;2;2;1;1;1;3;2;2;2;2;2;3;1;2;4;1;4;;SAINT ETIENNE DU ROUVRAY;SAINTETIENNEDUROUVRAY;1;1;6;997;997;997;1;999;2;37;1;5;1;37;1;5;37;5;3;2;1;2;;;;;;
1241;2;2;3;2;1;1;2;2;2;1;1;0;1;1;0;0;0;0;1;3;2;3;3;2;2;1;1;3;3;3;3;1;1;1;1;2;2;3;3;3;2;0;0;0;0;1;0;2;1;0;0;0;0;0;0;0;0;0;1;0;0;0;1;2;1;0;0;0;0;1;0;3;1;0;0;0;1;0;0;3;2;995;2;2;2;2;1;1;3;2;2;2;2;2;3;1;2;4;999;999;;BOIS GUILLAUME;BOISGUILLAUME;1;1;6;997;997;997;1;999;1;40;1;3;2;40;1;3;40;3;1;3;1;2;;;;;;
1242;2;2;2;1;1;1;1;2;2;1;1;1;0;0;1;0;0;0;1;3;2;3;2;2;5;3;3;3;3;3;4;2;2;2;2;2;3;3;3;5;1;0;0;1;0;1;0;2;2;995;995;995;995;995;995;995;995;995;995;995;995;995;1;2;1;0;0;0;0;0;0;2;2;0;0;1;0;0;0;3;2;995;2;2;2;2;1;2;3;2;2;2;2;3;3;1;2;3;1;7;Allocations familiales;GONZENVILLE;GONZENVILLE;3;2;5;997;997;997;1;999;1;37;1;3;2;37;2;3;37;3;1;2;2;1;;;;;;
1243;2;2;1;3;1;1;2;1;2;1;1;1;0;0;1;0;0;0;1;3;2;2;3;3;4;1;1;1;1;3;1;1;1;1;1;2;2;1;2;1;2;0;0;0;0;1;0;5;995;995;995;995;995;995;995;995;995;995;995;995;995;995;2;995;995;995;995;995;995;995;995;999;2;0;1;0;0;0;0;3;2;995;1;2;2;2;1;2;2;2;2;2;2;2;3;1;1;3;1;7;Repas scolaire;OFFRANVILLE;OFFRANVILLE;3;1;2;997;997;997;1;1;2;32;2;8;1;32;2;8;32;8;4;2;1;1;;;;;;
1244;2;2;2;2;3;3;2;2;2;2;0;0;0;0;0;0;0;0;2;4;3;4;3;3;2;3;3;3;3;2;2;2;2;2;2;2;2;2;2;1;2;0;0;0;0;0;1;5;995;995;995;995;995;995;995;995;995;995;995;995;995;995;2;995;995;995;995;995;995;995;995;2;2;0;0;0;0;1;0;3;2;995;3;2;2;2;2;2;2;2;2;2;2;2;3;1;2;2;2;995;;ELBEUF LE BUQUET;ELBEUFLEBUQUET;3;3;13;997;997;997;1;999;1;38;1;3;2;38;1;3;38;3;1;2;3;3;;;;;;
1245;2;2;2;2;2;2;2;1;2;3;995;995;995;995;995;995;995;995;2;5;3;5;5;5;5;4;3;4;4;4;4;3;1;3;3;3;3;3;2;2;3;0;0;0;0;1;0;5;995;995;995;995;995;995;995;995;995;995;995;995;995;995;2;995;995;995;995;995;995;995;995;4;2;0;0;0;1;0;0;2;2;995;2;2;2;2;2;2;3;2;2;2;2;3;999;999;999;999;1;4;;SOTTEVILLE LES ROUEN;SOTTEVILLELESROUEN;1;2;7;997;997;997;1;2;2;32;1;5;1;32;1;5;32;5;3;2;2;2;;;;;;
1246;2;2;3;1;2;2;2;2;1;2;0;0;0;0;0;0;0;0;1;2;3;3;5;2;5;1;1;1;4;2;4;1;1;1;3;2;3;3;3;2;3;1;1;1;0;0;0;3;995;995;995;995;995;995;995;995;995;995;995;995;995;995;2;995;995;995;995;995;995;995;995;4;1;0;0;0;1;0;0;2;2;995;4;2;2;2;2;2;3;2;2;2;2;2;3;2;995;3;2;995;;THIL MANNEVILLE;THILMANNEVILLE;3;3;8;997;997;997;1;999;2;32;1;5;1;32;1;5;32;5;3;2;3;2;;;;;;
1247;2;2;3;4;3;3;2;1;3;3;995;995;995;995;995;995;995;995;2;5;4;5;5;5;5;4;3;4;4;4;4;3;2;3;3;3;3;2;1;1;3;0;0;0;0;0;1;5;995;995;995;995;995;995;995;995;995;995;995;995;995;995;2;995;995;995;995;995;995;995;995;3;2;0;0;0;1;0;0;3;999;999;999;2;2;1;2;2;3;2;2;2;3;3;2;1;2;2;1;4;; LA MAILLERAYE SUR SEINE;LAMAILLERAYESURSEINE;3;2;16;4;1;997;1;999;2;38;1;5;1;38;1;5;38;5;3;2;2;3;;;;;;
1248;2;2;2;2;2;2;2;2;1;2;0;0;0;0;0;0;0;0;2;1;2;2;2;3;2;2;1;2;2;1;1;1;1;1;1;1;1;4;3;1;2;0;1;0;0;1;0;5;995;995;995;995;995;995;995;995;995;995;995;995;995;995;2;995;995;995;995;995;995;995;995;2;2;0;1;0;0;0;0;2;1;4;999;2;2;2;2;2;3;2;2;2;2;2;3;1;2;3;1;4;;LA RUE SAINT PIERRE;LARUESAINTPIERRE;3;1;1;997;997;997;1;999;2;32;1;5;1;32;1;5;32;5;3;2;1;1;;;;;;
1249;2;2;2;1;1;1;1;1;2;1;1;0;0;1;1;0;1;0;1;3;3;3;3;3;3;3;3;3;3;3;3;2;2;2;2;2;2;4;4;1;3;0;1;1;0;1;0;4;995;995;995;995;995;995;995;995;995;995;995;995;995;995;2;995;995;995;995;995;995;995;995;999;1;0;0;0;1;0;0;3;2;995;3;999;1;999;1;1;1;2;2;2;2;2;999;1;2;3;999;999;;999;999;999;4;22;6;6;6;1;999;2;51;1;5;1;51;1;5;51;5;3;4;4;4;;;;;;
1250;2;2;2;2;1;1;1;1;2;1;0;0;0;1;1;1;0;1;2;2;2;999;2;2;2;3;1;3;3;3;3;2;2;2;2;2;2;2;2;2;2;0;0;1;0;1;0;4;995;995;995;995;995;995;995;995;995;995;995;995;995;995;2;995;995;995;995;995;995;995;995;4;2;0;1;0;0;0;0;3;2;995;2;2;2;2;2;2;3;2;2;2;2;3;2;1;2;3;2;995;;LE HAVRE;LEHAVRE;1;2;21;6;6;997;1;999;1;53;1;6;2;53;1;6;53;6;3;4;2;4;;;;;;
1251;2;2;2;2;1;1;2;2;2;3;995;995;995;995;995;995;995;995;2;5;3;3;5;5;5;4;1;3;4;4;4;3;2;3;3;3;3;2;2;1;3;0;0;0;0;1;0;5;995;995;995;995;995;995;995;995;995;995;995;995;995;995;2;995;995;995;995;995;995;995;995;3;1;0;0;0;1;0;0;2;2;995;4;2;2;1;2;2;3;2;2;2;3;3;3;1;2;3;1;1;;DARNETAL;DARNETAL;1;3;15;2;997;997;1;1;2;54;1;3;1;54;1;3;54;3;1;4;3;3;;;;;;
1252;2;1;3;2;3;1;2;2;1;3;995;995;995;995;995;995;995;995;2;4;2;3;3;3;2;4;3;3;3;3;3;3;2;2;2;2;2;1;2;1;2;0;0;0;0;0;1;4;995;995;995;995;995;995;995;995;995;995;995;995;995;995;2;995;995;995;995;995;995;995;995;3;2;0;0;0;0;0;1;3;2;995;3;2;2;2;2;2;3;2;2;2;2;1;3;1;2;2;1;1;;BOISSAY;BOISSAY;3;2;9;997;997;997;1;999;2;33;2;8;1;33;1;8;33;8;4;2;2;2;;;;;;
1253;2;2;2;1;1;1;1;2;2;1;1;1;0;0;1;0;0;1;1;5;5;5;5;5;2;4;4;4;4;2;999;3;3;3;3;3;1;3;4;4;3;0;1;1;0;0;0;5;995;995;995;995;995;995;995;995;995;995;995;995;995;995;2;995;995;995;995;995;995;995;995;2;2;0;0;0;0;0;0;3;1;4;2;3;3;1;3;3;999;999;999;999;999;999;2;1;2;3;3;995;;SAINTE COLOMBE;SAINTECOLOMBE;3;2;5;997;997;997;1;999;2;29;1;5;1;29;1;5;29;5;3;1;2;1;;;;;;
1254;2;3;1;4;3;3;1;1;3;1;1;1;1;1;1;0;0;0;1;2;5;5;5;5;2;3;4;4;4;4;3;2;3;3;3;3;2;3;3;5;2;1;1;1;0;0;0;4;995;995;995;995;995;995;995;995;995;995;995;995;995;995;2;995;995;995;995;995;995;995;995;4;2;0;0;0;0;1;0;3;1;4;3;2;1;2;2;1;3;2;2;2;2;2;999;1;2;4;1;1;;SOTTEVILLE LES ROUEN;SOTTEVILLELESROUEN;1;2;15;997;2;997;1;999;2;40;1;4;1;40;1;4;40;4;2;3;2;3;;;;;;
1255;2;2;1;1;1;1;2;2;2;1;1;0;1;1;0;0;0;0;1;2;2;2;2;1;1;1;1;1;4;2;2;2;2;2;3;2;2;3;3;5;2;0;0;0;0;1;0;5;995;995;995;995;995;995;995;995;995;995;995;995;995;995;2;995;995;995;995;995;995;995;995;3;2;0;0;1;0;0;0;3;2;995;4;2;2;1;2;2;3;2;2;2;2;2;2;1;2;4;1;6;;LA FRESNAYE;LAFRESNAYE;2;2;4;997;997;997;1;999;2;33;1;6;1;33;1;6;33;6;3;2;2;1;;;;;;
1256;2;2;2;1;2;2;1;1;2;2;0;0;0;0;0;0;0;0;1;3;2;3;3;2;2;3;2;3;3;2;2;1;1;1;1;1;1;3;3;3;3;0;0;0;1;0;0;5;995;995;995;995;995;995;995;995;995;995;995;995;995;995;2;995;995;995;995;995;995;995;995;3;2;0;1;0;0;0;0;2;2;995;2;2;2;1;2;1;3;999;999;999;999;999;3;1;2;3;2;995;;TORCY LE GRAND;TORCYLEGRAND;3;2;4;997;997;997;1;999;2;30;1;5;1;30;1;5;30;5;3;2;2;1;;;;;;
1257;2;2;2;2;3;3;2;2;1;1;1;0;0;1;1;0;0;0;1;2;3;2;2;3;3;2;3;2;2;3;3;2;2;2;2;2;2;3;3;2;2;0;0;0;0;1;0;3;995;995;995;995;995;995;995;995;995;995;995;995;995;995;2;995;995;995;995;995;995;995;995;3;2;0;1;0;0;0;0;2;2;995;2;2;2;2;2;2;2;2;2;2;2;2;2;1;2;2;4;995;;ROUEN;ROUEN;1;8;10;3;3;997;1;2;1;41;1;5;2;41;2;5;41;5;3;3;4;2;;;;;;
1258;2;1;2;2;1;1;1;1;1;2;0;0;0;0;0;0;0;0;1;2;2;1;1;3;2;2;2;2;2;3;2;1;1;1;1;2;1;3;3;1;3;1;0;1;1;0;0;3;995;995;995;995;995;995;995;995;995;995;995;995;995;995;2;995;995;995;995;995;995;995;995;4;2;0;0;0;1;0;0;3;2;995;1;2;2;2;2;2;3;2;2;2;2;2;3;1;2;3;1;3;;SAINT NICOLAS DE LA TAILLE;SAINTNICOLASDELATAILLE;3;2;14;997;997;997;1;1;2;34;1;5;1;34;1;5;34;5;3;2;2;3;;;;;;
1259;2;2;2;2;2;3;1;1;2;1;1;1;1;1;0;0;0;0;1;3;2;4;3;1;1;3;1;3;999;2;1;1;1;1;1;1;1;3;3;5;3;1;1;1;0;0;0;3;995;995;995;995;995;995;995;995;995;995;995;995;995;995;2;995;995;995;995;995;995;995;995;3;1;1;0;0;0;0;0;2;2;995;3;1;1;1;1;1;1;2;2;2;2;3;2;1;2;3;2;995;;LUNERAY;LUNERAY;3;1;3;997;997;997;1;999;2;39;1;3;1;39;1;3;39;3;1;2;1;1;;;;;;
1260;2;2;2;2;1;1;1;2;2;3;995;995;995;995;995;995;995;995;1;4;2;3;3;3;2;3;3;3;3;3;2;1;1;1;1;1;1;3;3;1;3;0;1;0;1;0;0;2;1;0;0;1;0;0;0;0;0;0;0;0;0;0;2;995;995;995;995;995;995;995;995;3;2;0;0;0;1;0;0;2;2;995;4;2;2;2;2;2;2;2;2;2;2;2;2;1;2;4;1;6;;MONTVILLE;MONTVILLE;2;2;14;1;2;997;1;999;2;43;1;3;1;43;1;3;43;3;1;3;2;3;;;;;;
1261;2;1;2;2;1;1;2;2;2;1;0;0;1;1;1;0;0;0;999;5;4;2;5;1;3;3;1;1;3;3;3;1;1;1;1;2;1;3;3;3;3;1;0;1;1;0;0;5;995;995;995;995;995;995;995;995;995;995;995;995;995;995;2;995;995;995;995;995;995;995;995;4;2;0;1;0;0;0;0;2;2;995;4;2;2;1;2;1;3;2;2;2;2;2;2;1;2;4;1;4;;999;999;999;3;17;2;997;997;1;999;2;32;2;8;1;32;2;8;32;8;4;2;3;3;;;;;;
1262;2;2;2;1;2;2;2;2;2;3;995;995;995;995;995;995;995;995;1;2;1;2;2;1;1;3;3;2;3;2;3;1;1;1;1;1;1;4;3;5;3;0;1;0;0;1;0;5;995;995;995;995;995;995;995;995;995;995;995;995;995;995;2;995;995;995;995;995;995;995;995;3;2;0;0;0;1;0;0;3;2;995;3;2;2;2;2;2;2;2;2;2;2;2;3;1;2;3;2;995;;SAINTE FOY;SAINTEFOY;3;2;15;2;997;997;1;999;2;42;1;3;1;42;1;3;42;3;1;3;2;3;;;;;;
1263;2;1;2;2;3;3;1;1;1;1;0;0;0;1;0;1;0;0;1;5;3;1;5;4;4;4;1;2;4;3;3;3;2;1;3;2;2;2;2;2;2;0;0;0;0;1;0;3;995;995;995;995;995;995;995;995;995;995;995;995;995;995;2;995;995;995;995;995;995;995;995;2;1;0;0;0;1;0;0;2;999;999;4;2;2;2;2;2;2;2;2;2;2;2;999;1;2;4;1;4;;999;999;999;1;18;2;997;997;1;999;2;44;1;4;1;44;1;4;44;4;2;3;1;4;;;;;;
1264;2;1;1;1;1;1;2;2;1;1;0;0;1;0;0;0;1;0;999;1;1;1;1;1;1;4;3;3;4;3;1;3;2;2;2;2;1;1;3;1;2;0;0;0;0;1;0;3;995;995;995;995;995;995;995;995;995;995;995;995;995;995;2;995;995;995;995;995;995;995;995;999;2;0;0;0;0;0;0;999;999;999;1;999;1;999;1;1;999;999;999;999;999;999;999;1;2;3;1;2;;FLOQUES;FLOQUES;3;2;5;997;997;997;1;999;2;31;1;5;1;31;1;5;31;5;3;2;2;1;;;;;;
1265;2;2;3;3;3;3;1;2;3;1;0;0;1;0;0;0;0;0;999;5;3;4;5;4;4;4;3;3;4;3;3;3;1;2;3;2;2;2;2;2;3;0;1;1;0;1;0;999;1;0;0;0;0;0;0;0;0;0;0;1;0;0;2;995;995;995;995;995;995;995;995;2;2;0;0;0;1;0;0;2;999;999;4;2;2;2;2;3;3;2;2;2;2;2;3;1;999;2;2;995;;DIEPPE;DIEPPE;2;4;22;6;5;997;1;999;2;48;1;5;1;48;1;5;48;5;3;3;4;4;;;;;;
1266;2;2;2;2;3;3;2;2;2;3;995;995;995;995;995;995;995;995;2;5;5;5;5;5;5;4;4;4;4;4;4;3;3;3;3;3;3;3;2;1;2;0;0;1;0;0;0;4;995;995;995;995;995;995;995;995;995;995;995;995;995;995;2;995;995;995;995;995;995;995;995;2;2;0;0;0;0;1;0;2;2;995;3;2;2;2;2;2;3;2;2;2;2;2;3;1;2;2;2;995;;BEAUMONT LE HARENG;BEAUMONTLEHARENG;3;2;6;997;997;997;1;999;2;30;2;8;1;30;1;8;30;8;4;2;2;2;;;;;;
1267;2;2;3;3;1;1;2;2;2;1;1;0;1;1;0;1;0;0;1;5;2;5;2;5;2;1;1;4;1;3;2;1;1;3;1;3;2;3;2;1;3;0;0;0;1;1;0;3;995;995;995;995;995;995;995;995;995;995;995;995;995;995;2;995;995;995;995;995;995;995;995;3;2;0;0;0;1;0;0;3;2;995;4;2;2;2;2;2;2;2;2;2;2;2;2;1;2;3;4;995;;LA HALLOTIERE;LAHALLOTIERE;3;2;11;997;997;997;1;999;2;42;1;5;1;42;1;5;42;5;3;3;2;2;;;;;;
1268;2;2;2;2;1;1;1;1;1;1;1;0;1;1;0;0;0;0;999;5;5;5;5;5;5;4;4;4;4;4;4;1;1;1;1;1;1;2;2;2;3;0;0;0;0;1;0;5;995;995;995;995;995;995;995;995;995;995;995;995;995;995;2;995;995;995;995;995;995;995;995;999;1;0;1;0;0;0;0;3;2;995;3;2;1;2;1;1;1;2;2;2;2;2;2;1;2;3;1;7;Aux familles qui sont en grande difficulté;LE MESNIL REAUME;LEMESNILREAUME;3;3;5;997;997;997;1;999;2;33;2;8;1;33;1;8;33;8;4;2;3;1;;;;;;
1269;2;1;2;1;2;1;1;1;1;1;0;0;1;1;0;0;0;0;1;5;3;5;5;2;1;4;3;4;4;1;2;3;2;3;3;1;2;3;2;2;2;0;1;0;0;1;0;5;995;995;995;995;995;995;995;995;995;995;995;995;995;995;1;2;0;0;0;0;0;0;0;999;1;0;1;0;0;0;0;1;2;995;3;2;1;2;2;2;999;999;999;999;999;999;3;1;2;4;2;995;;OMONVILLE;OMONVILLE;3;2;2;997;997;997;1;999;2;29;1;5;1;29;1;5;29;5;3;1;2;1;;;;;;
1270;2;2;3;2;1;1;1;1;2;3;995;995;995;995;995;995;995;995;1;5;2;3;5;3;3;4;1;3;4;3;3;3;1;2;3;2;2;4;3;5;3;0;0;1;0;0;0;3;995;995;995;995;995;995;995;995;995;995;995;995;995;995;2;995;995;995;995;995;995;995;995;2;2;0;0;0;0;1;0;3;2;995;4;2;2;2;2;2;3;2;2;2;2;2;3;1;2;4;1;3;;ROCQUEMONT;ROCQUEMONT;3;3;5;997;997;997;1;2;2;31;1;5;1;31;1;5;31;5;3;2;3;1;;;;;;
1271;2;1;3;2;1;1;1;2;2;1;1;0;1;1;0;0;1;1;1;3;2;2;5;2;2;3;3;3;4;3;1;2;2;1;3;2;2;2;2;5;2;1;1;0;0;1;0;2;1;0;0;1;0;0;0;0;0;0;0;0;0;0;2;995;995;995;995;995;995;995;995;3;2;0;0;0;1;0;0;3;2;995;3;1;1;3;1;2;3;2;2;3;2;2;3;1;2;999;4;995;;ROUEN;ROUEN;1;1;2;997;997;997;1;2;2;34;1;3;1;34;1;3;34;3;1;2;1;1;;;;;;
1272;2;2;3;1;1;1;1;1;2;1;1;0;0;1;0;0;0;0;2;2;3;3;2;5;2;2;4;2;2;4;2;2;3;1;1;3;2;2;2;3;3;0;0;0;0;1;0;4;995;995;995;995;995;995;995;995;995;995;995;995;995;995;2;995;995;995;995;995;995;995;995;2;2;0;0;0;1;0;0;3;2;995;2;2;2;2;2;2;3;2;2;2;2;2;3;1;2;2;1;4;;BARENTIN;BARENTIN;2;3;19;5;3;1;1;999;2;43;1;5;1;43;1;5;43;5;3;3;3;4;;;;;;
1273;2;1;2;1;1;1;2;1;2;999;1;0;0;1;0;0;0;0;1;5;2;5;5;5;5;4;2;4;4;4;4;3;1;3;3;3;3;2;4;3;2;1;1;0;1;0;0;5;995;995;995;995;995;995;995;995;995;995;995;995;995;995;2;995;995;995;995;995;995;995;995;4;2;0;0;0;0;1;0;2;2;995;3;3;3;3;3;1;3;2;2;2;2;2;999;1;2;3;4;995;;SAINT ETIENNE DU ROUVRAY;SAINTETIENNEDUROUVRAY;1;3;18;6;1;1;1;1;2;50;2;8;1;50;1;8;50;8;4;4;3;4;;;;;;
1274;2;2;4;2;1;3;1;2;1;1;0;0;0;1;0;0;1;1;1;3;2;1;5;1;2;3;1;3;4;1;1;1;2;1;3;1;2;2;3;5;3;1;0;1;0;1;0;4;995;995;995;995;995;995;995;995;995;995;995;995;995;995;2;995;995;995;995;995;995;995;995;3;2;0;1;0;0;0;0;3;2;995;2;2;2;2;1;3;3;2;2;2;2;2;3;1;2;3;1;2;;SAINT ANTOINE LA FORET;SAINTANTOINELAFORET;3;1;14;997;997;997;1;999;2;42;1;4;1;42;1;4;42;4;2;3;1;3;;;;;;
1275;2;1;3;1;3;3;2;2;1;3;995;995;995;995;995;995;995;995;2;5;3;5;5;5;5;4;3;4;4;4;4;3;2;3;3;3;3;2;3;2;3;0;1;0;0;1;0;5;995;995;995;995;995;995;995;995;995;995;995;995;995;995;2;995;995;995;995;995;995;995;995;2;2;0;0;0;0;0;1;2;2;995;3;2;2;2;2;2;2;2;2;2;2;2;3;1;2;3;1;4;;LE HAVRE;LEHAVRE;1;1;3;997;997;997;1;2;2;33;1;4;1;33;1;4;33;4;2;2;1;1;;;;;;
1276;2;1;4;2;1;3;2;1;1;3;995;995;995;995;995;995;995;995;2;5;2;2;1;3;2;4;3;1;2;3;2;3;2;1;2;1;2;3;3;5;3;0;1;0;0;1;0;2;1;0;0;0;0;0;0;0;1;0;0;0;0;0;1;1;995;995;995;995;995;995;995;3;2;1;0;0;0;0;0;1;2;995;4;1;1;2;1;2;3;2;2;2;1;2;3;1;2;3;1;4;;HAUTOT LE VATOIS;HAUTOTLEVATOIS;3;3;15;2;1;1;1;2;2;43;1;4;1;43;1;4;43;4;2;3;3;3;;;;;;
1277;2;2;2;1;3;3;2;2;2;2;0;0;0;0;0;0;0;0;2;3;2;1;1;2;2;2;2;2;2;2;2;1;1;1;1;1;2;3;3;5;3;1;1;0;0;1;0;3;995;995;995;995;995;995;995;995;995;995;995;995;995;995;2;995;995;995;995;995;995;995;995;3;2;0;0;0;1;0;0;3;2;995;4;2;2;2;2;1;3;2;2;2;2;2;999;999;999;4;2;995;;SAINT SYLVAIN;SAINTSYLVAIN;3;2;22;6;6;997;1;999;2;54;2;8;1;54;2;8;54;8;4;4;2;4;;;;;;
1278;2;2;3;1;3;1;2;2;2;1;1;0;0;1;0;0;0;0;2;3;2;2;3;2;2;3;3;3;3;3;3;2;2;2;2;2;2;2;2;2;3;0;0;0;0;1;0;4;995;995;995;995;995;995;995;995;995;995;995;995;995;995;2;1;995;995;995;995;995;995;995;2;1;0;0;0;1;0;0;2;2;995;999;2;1;2;2;1;3;2;2;2;2;2;2;1;2;3;4;995;;MOTTEVILLE;MOTTEVILLE;3;4;;6;6;6;1;999;1;68;2;7;2;68;1;7;68;7;4;5;4;1;;;;;;
1279;2;2;2;2;1;2;1;1;2;2;0;0;0;0;0;0;0;0;1;5;5;5;5;5;5;4;4;4;4;4;4;3;3;3;3;3;3;3;2;1;2;0;1;1;0;1;0;3;995;995;995;995;995;995;995;995;995;995;995;995;995;995;2;995;995;995;995;995;995;995;995;3;2;0;0;0;1;0;0;2;2;995;2;2;2;2;2;2;2;999;999;999;999;999;3;1;2;3;1;7;Pour médicaments non remboursés pour les enfants;ROUEN;ROUEN;1;2;14;1;997;997;1;999;2;42;1;2;1;42;1;2;42;2;1;3;2;3;;;;;;
1280;2;1;2;3;1;1;1;1;2;1;1;0;0;1;0;0;0;0;1;5;999;2;5;2;2;1;1;1;1;1;1;3;1;1;1;1;1;4;4;4;3;1;1;1;0;0;0;2;1;0;0;1;0;0;0;0;0;0;0;0;0;0;2;995;995;995;995;995;995;995;995;3;2;1;0;0;0;0;0;2;2;995;3;2;2;2;1;1;3;2;2;2;2;2;999;1;2;3;2;995;;ROUEN;ROUEN;1;3;19;3;1;997;1;1;2;35;1;3;1;35;1;3;35;3;1;2;3;4;;;;;;
1281;2;999;3;3;1;3;1;1;999;1;1;0;0;1;0;0;0;0;1;3;3;2;5;2;2;3;1;3;4;1;3;1;1;1;3;1;1;4;1;5;3;0;1;0;1;0;0;2;2;995;995;995;995;995;995;995;995;995;995;995;995;995;2;995;995;995;995;995;995;995;995;3;2;0;0;0;0;1;0;2;2;995;4;1;1;1;1;1;3;2;1;2;1;3;2;1;2;4;2;995;;LILLEBONNE;LILLEBONNE;2;2;21;6;4;997;1;2;2;45;1;5;1;45;1;5;45;5;3;3;2;4;;;;;;
1282;2;2;2;2;1;1;2;2;2;1;1;0;1;0;0;0;0;0;2;5;2;2;5;2;2;4;1;1;4;2;2;3;1;1;3;2;2;3;3;2;2;0;1;0;0;0;0;3;995;995;995;995;995;995;995;995;995;995;995;995;995;995;2;995;995;995;995;995;995;995;995;3;2;0;0;0;0;1;0;3;2;995;3;2;2;2;2;2;1;2;2;2;2;2;3;1;2;4;3;995;;LE HAVRE;LEHAVRE;1;2;22;6;5;997;1;999;1;51;1;4;2;51;1;4;51;4;2;4;2;4;;;;;;
1283;2;1;2;1;3;3;1;1;1;1;0;0;1;0;0;0;1;0;2;3;2;3;2;5;2;2;3;2;2;3;2;1;2;2;1;1;2;3;3;4;2;1;1;0;0;1;0;2;1;0;0;0;1;0;0;0;0;0;0;0;0;0;2;995;995;995;995;995;995;995;995;2;2;0;1;0;0;0;0;2;2;995;2;2;2;2;2;2;1;2;2;2;2;2;3;1;2;3;1;1;;LE HAVRE;LEHAVRE;1;2;10;997;997;997;1;2;2;37;1;5;1;37;1;5;37;5;3;2;2;2;;;;;;
1284;2;2;2;2;1;2;2;2;2;1;1;0;0;0;1;1;0;0;1;2;1;1;5;1;5;1;1;1;4;2;4;1;1;2;3;1;3;3;3;2;1;0;1;1;0;1;0;3;995;995;995;995;995;995;995;995;995;995;995;995;995;995;2;995;995;995;995;995;995;995;995;4;2;1;0;0;0;0;0;2;2;995;4;2;2;2;2;3;3;2;2;2;2;3;2;1;2;4;2;995;;LE HAVRE;LEHAVRE;1;2;19;5;2;997;1;999;1;46;1;4;2;46;2;4;46;4;2;3;2;4;;;;;;
1285;2;2;2;1;3;3;2;2;2;3;995;995;995;995;995;995;995;995;2;2;2;2;2;2;2;3;3;3;3;3;3;2;2;2;2;2;2;1;2;1;3;0;0;0;0;0;1;5;995;995;995;995;995;995;995;995;995;995;995;995;995;995;2;995;995;995;995;995;995;995;995;999;999;0;0;0;0;0;0;999;999;999;999;999;999;999;999;999;999;999;999;999;999;999;3;1;2;4;1;7;Remboursement d'aide pour l'enfant (loisirs, activité extra scolaire, transport, canti;ELBEUF;ELBEUF;2;2;9;997;997;997;1;999;2;35;1;5;1;35;1;5;35;5;3;2;2;2;;;;;;
1286;2;2;4;3;3;3;2;2;2;3;995;995;995;995;995;995;995;995;2;3;3;3;3;3;3;3;3;3;3;3;3;2;2;2;2;2;2;3;2;2;2;0;0;0;0;1;0;3;995;995;995;995;995;995;995;995;995;995;995;995;995;995;2;995;995;995;995;995;995;995;995;999;1;0;0;0;1;0;0;3;2;995;4;2;2;2;2;2;3;2;2;2;2;2;2;1;2;4;4;995;;999;999;999;2;15;3;997;997;1;999;2;42;1;6;1;42;1;6;42;6;3;3;2;3;;;;;;
1287;2;2;2;2;1;1;1;1;2;1;0;0;0;1;0;0;0;0;1;3;3;1;4;1;2;1;1;1;1;1;1;1;1;1;1;1;1;3;3;5;3;1;0;0;0;0;0;5;995;995;995;995;995;995;995;995;995;995;995;995;995;995;2;995;995;995;995;995;995;995;995;4;2;0;0;0;0;0;1;1;2;995;4;3;3;1;1;1;3;1;2;1;1;1;2;1;2;3;2;995;;YQUEBEUF;YQUEBEUF;3;2;13;997;997;997;1;999;2;39;1;5;1;39;1;5;39;5;3;2;2;3;;;;;;
1288;2;1;3;1;1;1;1;1;2;2;0;0;0;0;0;0;0;0;2;2;1;1;5;3;1;1;1;3;4;2;3;1;1;2;3;2;1;3;3;5;3;1;0;1;1;0;0;3;995;995;995;995;995;995;995;995;995;995;995;995;995;995;2;995;995;995;995;995;995;995;995;3;2;0;0;0;0;1;0;2;2;995;4;2;2;1;1;3;3;2;2;2;2;3;999;1;2;4;2;995;;999;999;999;2;14;1;1;997;1;999;1;59;2;7;2;59;1;7;59;7;4;4;2;3;;;;;;
1289;2;2;1;2;1;1;1;1;2;1;1;0;1;1;0;0;1;0;1;5;2;2;5;5;2;4;1;1;4;4;1;3;1;1;3;3;1;4;4;5;3;1;1;1;0;0;0;5;995;995;995;995;995;995;995;995;995;995;995;995;995;995;2;995;995;995;995;995;995;995;995;3;2;0;1;0;0;0;0;2;2;995;4;1;1;1;1;1;999;999;999;999;999;999;3;1;2;3;999;999;;999;999;999;1;14;997;997;997;1;2;2;41;1;5;1;41;1;5;41;5;3;3;1;3;;;;;;
1290;2;2;1;1;1;1;1;1;2;1;1;1;1;1;0;0;0;0;1;1;2;1;3;3;1;1;1;999;1;1;1;1;1;999;1;1;1;4;4;5;2;1;0;0;0;1;0;2;1;1;0;0;0;0;0;0;0;0;0;0;0;0;2;995;995;995;995;995;995;995;995;4;2;0;0;0;1;0;0;2;999;999;4;2;2;2;1;999;999;2;2;2;2;2;3;1;2;4;1;4;;SAINT NICOLAS DE LA HAIE;SAINTNICOLASDELAHAIE;3;3;23;6;6;6;1;999;2;47;1;5;1;47;1;5;47;5;3;3;3;4;;;;;;
1291;2;2;2;2;1;1;1;1;1;1;1;0;1;0;0;0;0;0;1;5;2;5;5;5;2;4;1;4;4;4;1;3;1;3;3;3;1;3;3;5;1;0;1;0;0;1;0;5;995;995;995;995;995;995;995;995;995;995;995;995;995;995;2;995;995;995;995;995;995;995;995;3;2;1;0;0;0;0;0;3;2;995;3;2;2;2;2;2;1;2;2;2;3;3;2;1;2;4;2;995;;CANTELEU;CANTELEU;2;1;21;5;997;997;1;999;2;48;1;5;1;48;2;5;48;5;3;3;1;4;;;;;;
1292;2;2;2;2;1;1;1;1;2;3;995;995;995;995;995;995;995;995;2;1;2;1;1;2;1;3;3;4;4;4;4;2;2;2;2;3;2;3;3;1;2;0;0;0;0;1;0;5;995;995;995;995;995;995;995;995;995;995;995;995;995;995;1;2;1;0;0;0;0;1;0;4;2;1;0;0;0;0;0;3;1;4;4;2;2;2;2;2;3;2;2;2;2;2;2;1;2;2;2;995;;LE PETIT QUEVILLY;LEPETITQUEVILLY;1;1;24;6;997;997;1;999;2;49;1;5;1;49;1;5;49;5;3;3;1;4;;;;;;
1293;2;2;3;2;3;3;2;2;2;3;995;995;995;995;995;995;995;995;2;4;2;3;5;5;3;3;1;3;4;4;2;1;2;2;3;3;2;1;2;1;3;0;0;1;1;1;0;3;995;995;995;995;995;995;995;995;995;995;995;995;995;995;2;995;995;995;995;995;995;995;995;4;2;0;0;0;0;1;0;3;2;995;3;2;2;2;2;2;3;2;2;2;2;3;999;1;2;3;999;999;;LA LONDE;LALONDE;2;2;3;997;997;997;1;999;2;35;1;5;1;35;1;5;35;5;3;2;2;1;;;;;;
1294;2;2;2;2;1;1;1;1;2;1;1;0;1;0;1;1;0;0;2;2;1;2;2;2;2;3;1;2;2;2;2;2;1;2;2;2;2;3;2;1;3;0;0;0;0;1;0;3;995;995;995;995;995;995;995;995;995;995;995;995;995;995;2;995;995;995;995;995;995;995;995;2;1;0;0;0;0;1;0;3;2;995;2;2;2;2;2;3;3;2;2;2;2;3;3;1;2;4;4;995;;PETIT COURONNE;PETITCOURONNE;2;1;13;1;997;997;1;1;1;50;1;5;2;50;1;5;50;5;3;4;1;3;;;;;;
1295;2;1;2;1;1;1;2;1;1;1;0;0;0;1;0;0;0;0;2;3;2;1;1;2;2;3;1;1;3;1;3;1;1;1;1;1;1;3;2;2;3;1;0;1;1;0;0;3;995;995;995;995;995;995;995;995;995;995;995;995;995;995;2;995;995;995;995;995;995;995;995;3;2;0;0;0;1;0;0;2;2;995;4;2;2;2;2;2;3;2;2;2;2;2;3;1;2;3;1;6;;LE HAVRE;LEHAVRE;1;2;10;997;997;997;1;2;2;36;1;5;1;36;1;5;36;5;3;2;2;2;;;;;;
1296;2;2;3;2;1;1;1;1;2;1;1;1;0;1;0;1;0;0;1;3;3;2;2;3;3;1;1;1;1;1;1;1;1;1;1;1;1;3;3;5;3;0;0;0;0;1;0;4;995;995;995;995;995;995;995;995;995;995;995;995;995;995;1;2;1;0;0;0;0;0;0;1;2;0;0;0;1;0;0;2;1;1;4;2;2;1;2;2;3;2;2;2;2;2;3;1;2;3;2;995;;MONT SAINT AIGNAN;MONTSAINTAIGNAN;1;4;;5;6;6;1;999;2;56;1;5;1;56;1;5;56;5;3;4;4;1;;;;;;
1297;2;1;2;2;1;1;2;2;1;1;1;0;1;0;0;0;0;1;2;3;2;3;3;1;1;1;1;1;1;3;1;1;2;2;1;2;2;2;3;2;3;1;0;0;0;1;0;5;995;995;995;995;995;995;995;995;995;995;995;995;995;995;2;995;995;995;995;995;995;995;995;3;2;0;0;0;1;0;0;1;1;3;4;2;2;2;1;2;3;2;2;2;2;3;2;1;2;4;1;3;;GRAND COURONNE;GRANDCOURONNE;2;1;2;997;997;997;1;999;1;33;2;8;2;33;2;8;33;8;4;2;1;1;;;;;;
1298;2;2;2;2;3;3;1;1;2;1;1;1;1;1;0;0;1;0;999;2;2;2;2;3;2;2;2;2;2;3;2;2;2;1;1;2;1;3;3;1;3;1;0;1;1;0;0;3;995;995;995;995;995;995;995;995;995;995;995;995;995;995;2;995;995;995;995;995;995;995;995;4;2;0;0;0;1;0;0;3;2;995;2;2;2;2;1;2;3;2;2;2;2;2;3;1;2;3;4;995;;ROUEN;ROUEN;1;1;13;997;997;997;1;1;2;37;1;5;1;37;1;5;37;5;3;2;1;3;;;;;;
1299;2;2;2;3;1;1;1;1;2;1;1;0;0;1;0;0;1;1;2;3;2;3;3;3;3;3;3;3;3;3;3;3;3;3;3;3;3;2;3;1;3;0;0;0;0;1;0;5;995;995;995;995;995;995;995;995;995;995;995;995;995;995;2;995;995;995;995;995;995;995;995;999;999;0;0;0;0;0;0;999;999;999;999;999;999;999;999;999;999;999;999;999;999;999;3;1;2;3;1;1;;NOTRE DAME DE GRAVENCHON;NOTREDAMEDEGRAVENCHON;3;3;21;5;2;997;1;1;2;40;1;5;1;40;1;5;40;5;3;3;3;4;;;;;;
1300;2;2;2;2;1;1;2;1;2;1;1;1;1;1;1;0;0;0;2;2;2;1;2;5;5;2;2;1;999;4;4;1;1;1;1;3;3;3;3;5;3;1;1;1;0;0;0;4;995;995;995;995;995;995;995;995;995;995;995;995;995;995;2;995;995;995;995;995;995;995;995;3;2;0;1;0;0;0;0;2;2;995;3;999;999;999;1;1;1;2;2;2;2;3;3;1;2;4;1;4;;FECAMP;FECAMP;2;2;15;3;997;997;1;2;2;45;1;5;1;45;1;5;45;5;3;3;2;3;;;;;;
1301;2;1;3;1;3;3;1;1;2;1;0;0;1;1;0;0;0;0;1;2;2;3;5;999;999;3;3;999;999;999;999;1;1;999;999;999;999;3;3;5;3;1;0;0;0;1;0;4;995;995;995;995;995;995;995;995;995;995;995;995;995;995;2;995;995;995;995;995;995;995;995;4;2;1;0;0;0;0;0;3;2;995;4;999;1;1;1;2;999;2;2;2;2;2;3;1;2;3;2;995;;BERNIERES;BERNIERES;3;2;17;2;1;997;1;999;1;43;1;4;2;43;1;4;43;4;2;3;2;3;;;;;;
1302;2;2;1;3;3;1;1;1;2;3;995;995;995;995;995;995;995;995;1;2;3;2;1;3;3;2;3;2;3;3;3;1;1;1;1;1;1;2;3;2;3;0;0;0;0;1;0;5;995;995;995;995;995;995;995;995;995;995;995;995;995;995;2;995;995;995;995;995;995;995;995;3;1;0;0;0;1;0;0;3;2;995;3;2;2;2;2;2;3;999;999;999;999;999;999;1;2;2;4;995;;HARFLEUR;HARFLEUR;1;2;24;6;6;997;1;999;2;49;1;5;1;49;1;5;49;5;3;3;2;4;;;;;;
1303;2;1;1;1;3;3;1;1;1;3;995;995;995;995;995;995;995;995;1;1;3;3;2;3;2;1;1;3;3;3;3;2;2;2;2;2;2;3;3;1;2;1;1;0;0;1;0;4;995;995;995;995;995;995;995;995;995;995;995;995;995;995;2;995;995;995;995;995;995;995;995;4;2;0;0;0;0;1;0;3;2;995;3;2;2;2;1;2;2;999;999;999;999;999;3;1;2;4;1;6;;NOTRE DAME DE GRAVENCHON;NOTREDAMEDEGRAVENCHON;3;3;23;6;6;2;1;999;2;51;2;8;1;51;1;8;51;8;4;4;3;4;;;;;;
1304;2;2;2;2;3;3;2;2;1;1;1;0;0;0;0;1;0;0;2;3;2;2;5;2;2;3;1;1;4;3;1;2;2;2;3;2;2;2;2;1;3;0;0;0;0;0;1;4;995;995;995;995;995;995;995;995;995;995;995;995;995;995;1;995;995;995;995;995;995;995;995;999;999;0;0;0;0;0;0;999;999;999;999;999;999;999;999;999;999;999;999;999;999;999;3;1;1;3;1;3;;GRAND QUEVILLY;GRANDQUEVILLY;1;3;22;6;4;3;1;999;2;46;1;5;1;46;1;5;46;5;3;3;3;4;;;;;;
1305;2;1;3;2;1;1;1;1;2;1;1;0;0;1;0;0;0;0;2;3;2;3;3;2;1;3;3;3;3;3;3;1;1;1;1;1;1;3;3;3;1;0;0;1;0;1;0;2;1;0;0;0;0;0;0;0;0;0;1;0;0;0;999;2;1;1;0;0;0;0;0;2;2;0;0;0;1;0;0;3;2;995;4;2;2;2;1;1;3;2;2;2;2;2;3;1;2;3;4;995;;HARFLEUR;HARFLEUR;1;2;17;6;997;997;1;999;2;38;1;5;1;38;1;5;38;5;3;2;2;3;;;;;;
1306;2;2;2;999;3;3;1;1;2;3;995;995;995;995;995;995;995;995;1;4;4;4;4;4;4;3;3;3;3;3;3;2;2;2;2;2;2;2;3;5;2;0;0;0;0;0;1;5;995;995;995;995;995;995;995;995;995;995;995;995;995;995;2;995;995;995;995;995;995;995;995;1;2;0;0;0;0;1;0;3;2;995;4;2;2;2;1;1;2;2;2;2;2;3;3;1;2;3;2;995;;CRIQUETOT L'ESNEVAL;CRIQUETOTLESNEVAL;3;3;17;2;2;997;1;999;2;41;1;3;1;41;1;3;41;3;1;3;3;3;;;;;;
1307;2;2;3;2;1;1;1;1;2;1;0;1;0;1;0;1;0;0;999;999;999;999;999;999;999;999;999;999;999;999;999;999;999;999;999;999;999;3;3;5;3;0;0;1;0;1;0;5;995;995;995;995;995;995;995;995;995;995;995;995;995;995;2;995;995;995;995;995;995;995;995;999;999;0;0;0;0;0;0;999;999;999;4;2;2;2;2;2;3;999;999;999;999;999;3;1;2;4;2;995;;SAINTE MARGUERITE SUR DUCLAIR;SAINTEMARGUERITESURDUCLAIR;3;2;6;997;997;997;1;999;2;29;1;5;1;29;1;5;29;5;3;1;2;2;;;;;;
1308;2;2;2;3;1;1;1;1;1;1;0;0;1;0;1;0;0;0;1;3;2;2;5;2;5;3;1;2;4;2;2;2;1;1;3;1;1;2;2;2;3;1;1;0;0;1;0;5;995;995;995;995;995;995;995;995;995;995;995;995;995;995;2;995;995;995;995;995;995;995;995;4;2;0;0;0;1;0;0;3;2;995;4;2;2;2;2;2;3;2;2;2;2;3;999;999;999;999;1;4;;LE HAVRE;LEHAVRE;1;2;24;6;5;997;1;999;1;58;1;3;2;58;1;3;58;3;1;4;2;4;;;;;;
1309;2;2;2;3;2;3;2;1;2;2;0;0;0;0;0;0;0;0;2;3;2;3;3;3;2;3;3;3;3;3;3;2;2;2;2;2;2;2;2;2;3;0;0;0;1;0;0;3;995;995;995;995;995;995;995;995;995;995;995;995;995;995;2;995;995;995;995;995;995;995;995;3;1;0;0;0;0;0;1;3;1;2;1;2;2;2;1;2;2;2;2;2;2;2;3;1;2;1;2;995;;GONFREVILLE L'ORCHER;GONFREVILLELORCHER;1;2;22;6;2;997;1;999;1;49;1;3;2;49;1;3;49;3;1;3;2;4;;;;;;
1310;2;3;3;3;1;1;2;1;3;1;0;0;1;1;0;0;0;0;2;4;3;4;5;5;5;3;2;2;4;4;4;3;3;3;3;3;3;2;2;1;3;0;0;0;0;1;0;4;995;995;995;995;995;995;995;995;995;995;995;995;995;995;2;995;995;995;995;995;995;995;995;3;1;0;0;0;1;0;0;3;999;999;2;2;2;2;2;2;3;999;999;999;999;999;3;1;2;3;4;995;;SAINT NICOLAS DALIERMONT;SAINTNICOLASDALIERMONT;3;3;15;2;997;997;1;1;2;35;2;8;1;35;1;8;35;8;4;2;3;3;;;;;;
1311;2;1;1;2;1;1;1;2;1;1;1;0;0;0;1;1;1;0;999;5;2;5;5;5;2;1;1;4;4;4;3;1;1;3;3;3;1;4;3;5;3;1;0;0;0;1;0;4;995;995;995;995;995;995;995;995;995;995;995;995;995;995;2;995;995;995;995;995;995;995;995;4;1;0;0;0;1;0;0;1;2;995;4;999;999;999;999;1;999;2;2;2;2;2;3;2;995;4;4;995;;LE HAVRE;LEHAVRE;1;2;14;997;997;997;1;2;2;39;1;5;1;39;1;5;39;5;3;2;2;3;;;;;;
1312;2;2;2;1;3;3;2;2;2;1;0;0;1;1;0;0;0;0;2;2;3;3;3;2;2;3;3;3;3;3;3;2;2;2;2;2;2;2;2;1;3;1;0;0;1;1;0;5;995;995;995;995;995;995;995;995;995;995;995;995;995;995;2;995;995;995;995;995;995;995;995;4;1;0;0;0;1;0;0;3;2;995;4;2;2;2;1;1;3;2;2;2;2;2;3;2;995;4;1;1;;PETIT COURONNE;PETITCOURONNE;2;2;7;997;997;997;1;2;2;25;1;6;1;25;2;6;25;6;3;1;2;2;;;;;;
1313;2;2;3;1;1;1;1;2;2;3;995;995;995;995;995;995;995;995;1;5;3;2;3;3;2;4;1;1;1;1;2;3;1;1;1;1;1;4;3;5;3;0;0;1;0;0;0;5;995;995;995;995;995;995;995;995;995;995;995;995;995;995;1;2;0;0;0;0;0;1;0;2;2;0;0;0;0;1;0;3;1;4;3;2;1;2;1;1;3;2;2;2;2;2;999;1;1;4;1;4;;999;999;999;4;14;997;997;997;1;999;1;39;1;5;2;39;2;5;39;5;3;2;4;3;;;;;;
1314;2;1;2;2;3;3;1;1;2;1;1;0;1;0;0;1;0;0;999;999;999;999;999;999;999;999;999;999;999;999;999;999;999;999;999;999;999;3;3;5;3;0;0;0;0;1;0;5;995;995;995;995;995;995;995;995;995;995;995;995;995;995;2;995;995;995;995;995;995;995;995;999;2;0;0;0;1;0;0;2;2;995;3;999;999;999;1;1;999;999;999;999;999;999;3;2;995;3;1;4;;GRAND COURONNE;GRANDCOURONNE;2;3;6;997;997;997;1;999;2;34;2;8;1;34;1;8;34;8;4;2;3;2;;;;;;
1315;2;2;2;3;1;1;2;2;2;2;0;0;0;0;0;0;0;0;2;4;2;1;2;3;1;3;2;1;1;1;2;1;2;2;2;1;2;2;2;1;2;0;0;0;0;1;0;5;995;995;995;995;995;995;995;995;995;995;995;995;995;995;1;1;995;995;995;995;995;995;995;2;2;0;0;0;0;1;0;3;1;4;3;2;2;2;2;2;2;2;2;2;2;2;3;1;2;2;1;1;;SAINT ETIENNE DU ROUVRAY;SAINTETIENNEDUROUVRAY;1;2;22;6;5;997;1;2;2;44;1;5;1;44;1;5;44;5;3;3;2;4;;;;;;
1316;2;2;3;1;3;1;2;2;2;1;1;1;1;0;0;0;0;0;2;2;2;2;1;999;3;3;3;3;3;999;2;2;2;2;2;999;2;3;2;5;1;0;0;0;1;1;0;5;995;995;995;995;995;995;995;995;995;995;995;995;995;995;2;995;995;995;995;995;995;995;995;999;2;1;0;0;0;0;0;3;2;995;2;2;2;2;2;2;2;2;2;2;2;2;3;1;2;4;2;995;;LE GRAND QUEVILLY;LEGRANDQUEVILLY;1;1;16;2;997;997;1;999;2;45;1;5;1;45;1;5;45;5;3;3;1;3;;;;;;
1317;2;1;3;2;1;1;1;1;2;1;1;0;1;1;1;1;0;0;2;2;2;2;2;2;2;1;1;1;1;1;1;1;2;2;1;2;2;2;2;2;3;0;0;0;1;1;0;4;995;995;995;995;995;995;995;995;995;995;995;995;995;995;2;995;995;995;995;995;995;995;995;999;2;1;0;0;0;0;0;3;2;995;4;2;1;1;1;2;3;2;2;2;2;2;3;1;2;3;2;995;;BLAINVILLE CREVON;BLAINVILLECREVON;3;2;17;3;997;997;1;2;2;44;1;4;1;44;1;4;44;4;2;3;2;3;;;;;;
1318;2;2;3;2;1;1;2;2;2;3;995;995;995;995;995;995;995;995;2;4;3;3;2;999;3;3;1;3;3;2;3;2;2;1;1;2;2;2;2;2;2;0;0;0;0;1;0;3;995;995;995;995;995;995;995;995;995;995;995;995;995;995;1;2;1;0;0;0;0;0;0;2;2;0;1;0;0;0;0;3;2;995;4;2;2;2;1;2;3;2;2;2;2;2;3;1;2;4;1;4;;FONTAINE SOUS PREAUX;FONTAINESOUSPREAUX;2;2;20;5;2;997;1;999;2;43;1;5;1;43;1;5;43;5;3;3;2;4;;;;;;
1319;2;2;4;4;3;3;2;2;2;1;1;0;1;1;0;0;0;0;1;5;2;2;5;4;5;4;1;3;4;3;4;3;1;2;3;2;3;3;3;2;2;0;0;0;0;1;0;3;995;995;995;995;995;995;995;995;995;995;995;995;995;995;2;995;995;995;995;995;995;995;995;1;2;0;0;0;0;1;0;3;2;995;4;2;2;2;2;2;3;2;2;2;2;2;3;1;2;4;2;995;;LE TORP MESNIL;LETORPMESNIL;3;4;24;6;6;6;1;999;1;59;1;5;2;59;2;5;59;5;3;4;4;4;;;;;;
1320;2;2;3;3;1;3;2;2;3;1;1;0;1;0;1;1;0;0;2;5;3;3;2;2;2;4;3;3;3;3;2;3;2;2;2;2;2;3;2;2;3;0;0;1;0;1;0;5;995;995;995;995;995;995;995;995;995;995;995;995;995;995;2;995;995;995;995;995;995;995;995;3;1;0;0;0;1;0;0;2;2;995;4;2;2;2;2;2;2;2;2;2;2;2;3;1;2;4;2;995;;LE MESNIL ESNARD;LEMESNILESNARD;1;2;19;5;2;997;1;999;1;50;1;6;2;50;1;6;50;6;3;4;2;4;;;;;;
1321;2;2;3;2;3;1;2;1;2;1;0;0;1;0;0;0;0;0;1;3;2;2;5;3;5;4;1;3;4;1;4;1;1;1;3;1;3;4;4;5;2;1;0;1;0;0;0;1;1;0;0;0;0;0;0;0;0;0;0;1;0;0;2;995;995;995;995;995;995;995;995;3;2;0;0;1;0;0;0;2;2;995;4;2;2;2;2;2;3;2;2;2;2;2;3;1;2;4;999;999;;SAINT PIERRE LES ELBEUF;SAINTPIERRELESELBEUF;2;5;;6;6;6;1;1;1;51;2;7;2;51;1;7;51;7;4;4;4;1;;;;;;
1322;2;2;3;2;1;1;1;1;2;1;1;0;1;1;0;0;0;0;1;2;3;2;2;2;2;1;1;1;1;1;1;1;1;1;1;1;1;3;2;1;2;1;0;0;1;1;0;3;995;995;995;995;995;995;995;995;995;995;995;995;995;995;2;995;995;995;995;995;995;995;995;4;2;0;1;0;0;0;0;2;1;1;4;2;2;1;1;1;2;2;2;2;1;2;3;1;2;3;1;1;;MONTIVILLIERS;MONTIVILLIERS;2;2;8;997;997;997;1;999;1;39;1;4;2;39;1;4;39;4;2;2;2;2;;;;;;
1323;2;1;2;2;2;2;1;1;1;2;0;0;0;0;0;0;0;0;1;3;1;2;5;2;5;2;2;2;4;4;4;1;1;1;3;3;3;3;3;3;1;1;0;0;0;0;0;5;995;995;995;995;995;995;995;995;995;995;995;995;995;995;2;995;995;995;995;995;995;995;995;4;2;0;0;0;0;0;1;2;2;995;4;1;1;1;1;1;3;2;2;2;3;3;999;999;999;999;2;995;;SOTTEVILLE LES ROUEN;SOTTEVILLELESROUEN;1;2;5;997;997;997;1;999;2;32;1;4;1;32;1;4;32;4;2;2;2;1;;;;;;
1324;2;2;2;2;1;1;2;2;2;3;995;995;995;995;995;995;995;995;2;5;3;3;5;2;3;4;3;3;4;3;3;3;2;1;3;2;2;3;3;2;2;0;0;1;1;1;0;4;995;995;995;995;995;995;995;995;995;995;995;995;995;995;2;995;995;995;995;995;995;995;995;3;1;0;0;0;1;0;0;2;2;995;3;2;2;2;1;2;3;2;2;2;2;3;3;1;2;4;2;995;;MAUCOMBLE;MAUCOMBLE;3;3;24;6;5;1;1;999;1;53;1;6;2;53;1;6;53;6;3;4;3;4;;;;;;
1325;2;2;2;2;1;1;1;1;3;1;1;0;1;1;0;0;0;0;1;1;2;2;2;2;3;1;1;1;999;1;1;1;1;1;999;1;1;3;3;5;3;0;0;0;1;1;0;5;995;995;995;995;995;995;995;995;995;995;995;995;995;995;2;995;995;995;995;995;995;995;995;999;2;0;0;0;1;0;0;2;2;995;4;3;3;1;1;1;1;2;2;2;2;2;999;1;2;4;1;1;;MONTIVILLIERS;MONTIVILLIERS;2;4;22;6;6;6;1;2;2;54;2;8;1;54;1;8;54;8;4;4;4;4;;;;;;
1326;2;2;3;2;3;1;2;1;2;3;995;995;995;995;995;995;995;995;2;4;3;2;5;5;1;3;2;2;4;4;2;1;2;2;3;3;2;2;2;5;2;0;0;0;0;0;1;5;995;995;995;995;995;995;995;995;995;995;995;995;995;995;2;995;995;995;995;995;995;995;995;3;2;0;0;0;0;1;0;2;2;995;4;2;2;2;2;1;3;2;2;2;2;3;999;1;2;4;1;4;;VILLAINVILLE;VILLAINVILLE;3;3;22;6;5;2;1;999;2;46;1;4;1;46;1;4;46;4;2;3;3;4;;;;;;
1327;2;2;3;3;1;1;2;2;2;3;995;995;995;995;995;995;995;995;2;5;3;3;4;3;3;4;3;3;3;3;3;2;2;2;2;2;2;3;3;2;2;0;0;1;1;0;0;3;995;995;995;995;995;995;995;995;995;995;995;995;995;995;2;995;995;995;995;995;995;995;995;4;1;0;0;0;1;0;0;2;2;995;4;2;2;1;2;2;3;2;2;2;2;3;999;1;1;4;2;995;;NOINTOT;NOINTOT;3;1;8;997;997;997;1;999;1;35;1;5;2;35;1;5;35;5;3;2;1;2;;;;;;
1328;2;1;3;1;3;1;2;1;1;1;1;0;1;1;0;0;0;0;1;4;2;2;5;3;4;3;2;2;4;2;3;3;2;2;3;2;2;3;3;3;3;1;1;0;0;1;0;2;1;0;0;0;0;0;0;0;0;0;0;1;0;0;2;995;995;995;995;995;995;995;995;999;2;0;1;0;0;0;0;2;2;995;1;2;1;2;1;2;3;2;2;2;2;2;999;999;999;999;1;4;;LE HAVRE;LEHAVRE;1;3;17;3;997;997;1;999;2;47;1;3;1;47;1;3;47;3;1;3;3;3;;;;;;
1329;2;999;999;999;999;999;999;999;999;999;0;0;0;0;0;0;0;0;999;999;999;999;999;999;999;999;999;2;999;999;999;1;1;1;2;2;1;1;3;5;3;1;1;0;0;0;0;2;1;1;0;0;0;0;0;0;0;0;0;0;0;0;999;2;0;0;1;0;0;0;1;999;2;1;0;0;0;0;0;3;999;999;4;1;2;1;1;1;2;999;999;999;999;999;3;1;2;4;2;995;;AUPPEGARD;AUPPEGARD;3;3;24;6;6;3;1;999;2;49;1;5;1;49;1;5;49;5;3;3;3;4;;;;;;
1330;2;2;3;3;1;1;1;1;2;1;0;1;0;1;0;0;0;0;1;5;2;2;5;5;5;4;2;1;4;4;4;3;1;1;3;3;3;2;3;5;2;0;1;0;0;1;0;5;995;995;995;995;995;995;995;995;995;995;995;995;995;995;1;2;1;0;0;0;0;1;0;4;2;0;0;0;1;0;0;2;2;995;4;2;2;2;2;3;3;2;2;2;2;3;3;1;2;2;2;995;;SOTTEVILLE LES ROUEN;SOTTEVILLELESROUEN;1;2;24;5;3;997;1;999;2;47;1;5;1;47;1;5;47;5;3;3;2;4;;;;;;
1331;2;2;3;2;1;3;1;2;2;1;0;1;1;1;0;0;0;0;2;3;4;4;4;4;5;4;3;3;4;3;4;3;2;1;3;1;3;2;2;1;3;0;0;0;0;1;0;4;995;995;995;995;995;995;995;995;995;995;995;995;995;995;2;995;995;995;995;995;995;995;995;2;2;0;0;0;0;0;1;2;2;995;4;2;2;2;2;2;3;2;2;2;2;2;999;2;995;4;999;999;;YMARE;YMARE;3;1;24;6;997;997;1;999;2;46;1;5;1;46;1;5;46;5;3;3;1;4;;;;;;
1332;2;4;2;3;3;3;2;2;3;3;995;995;995;995;995;995;995;995;2;4;4;3;3;3;2;3;3;3;3;3;3;2;2;2;2;2;2;3;2;2;1;1;0;1;1;0;0;2;1;0;0;0;1;0;0;0;0;0;0;0;0;0;2;995;995;995;995;995;995;995;995;999;2;0;0;0;0;0;1;3;2;995;3;2;2;2;2;1;1;2;2;2;2;2;3;1;2;3;1;1;;GOUY;GOUY;3;2;4;997;997;997;1;999;2;32;1;4;1;32;1;4;32;4;2;2;2;1;;;;;;
1333;2;2;3;2;1;1;1;1;3;3;995;995;995;995;995;995;995;995;2;5;3;3;5;3;5;4;3;3;4;3;4;3;2;2;3;2;3;3;2;1;2;0;0;0;0;1;0;4;995;995;995;995;995;995;995;995;995;995;995;995;995;995;2;995;995;995;995;995;995;995;995;4;2;0;0;0;0;1;0;3;2;995;2;2;2;2;2;2;3;2;2;2;2;3;3;1;2;3;4;995;;ROUEN;ROUEN;1;2;10;997;997;997;1;999;1;42;1;5;2;42;1;5;42;5;3;3;2;2;;;;;;
1334;2;2;2;2;3;3;2;2;2;1;0;1;1;1;0;0;0;0;2;5;4;5;5;3;5;4;3;3;4;3;4;3;3;2;3;2;3;3;3;5;3;0;1;0;1;1;0;5;995;995;995;995;995;995;995;995;995;995;995;995;995;995;2;995;995;995;995;995;995;995;995;2;2;0;1;0;0;0;0;3;2;995;4;2;2;2;1;2;3;2;2;2;2;3;3;2;995;3;2;995;;ELBEUF;ELBEUF;2;2;9;997;997;997;1;999;2;38;1;5;1;38;1;5;38;5;3;2;2;2;;;;;;
1335;2;999;1;3;1;1;1;2;2;3;995;995;995;995;995;995;995;995;2;2;3;3;3;4;2;3;3;3;3;3;3;2;2;2;2;2;2;2;1;1;3;0;0;0;0;1;0;5;995;995;995;995;995;995;995;995;995;995;995;995;995;995;2;995;995;995;995;995;995;995;995;3;1;0;0;0;0;1;0;3;2;995;3;2;2;2;2;2;2;2;2;2;2;2;2;1;2;3;1;4;;CRIEL SUR MER;CRIELSURMER;3;1;23;5;997;997;1;999;2;47;1;3;1;47;1;3;47;3;1;3;1;4;;;;;;
1336;2;4;3;2;1;1;1;1;1;1;1;1;1;1;1;0;0;0;1;3;2;2;3;3;2;3;1;1;1;1;1;2;1;1;1;1;1;4;4;5;3;1;1;1;0;0;0;5;995;995;995;995;995;995;995;995;995;995;995;995;995;995;2;995;995;995;995;995;995;995;995;4;2;0;0;0;1;0;0;1;2;995;3;2;2;2;1;1;999;2;2;2;1;1;3;1;1;3;1;6;;MARTIGNY;MARTIGNY;3;3;16;3;997;997;1;999;2;38;2;8;1;38;1;8;38;8;4;2;3;3;;;;;;
1337;2;2;2;2;2;2;2;2;1;1;1;1;0;1;0;1;0;1;2;3;2;2;5;4;5;1;2;2;4;3;4;2;2;1;3;2;3;3;3;5;2;0;0;0;1;1;0;5;995;995;995;995;995;995;995;995;995;995;995;995;995;995;1;1;995;995;995;995;995;995;995;4;1;1;0;0;0;0;0;999;2;995;2;2;2;2;2;2;3;2;2;2;3;3;3;1;2;3;1;4;;LES GRANDES VENTES;LESGRANDESVENTES;3;3;5;997;997;997;1;999;2;26;2;8;1;26;1;8;26;8;4;1;3;1;;;;;;
1338;2;1;1;1;1;1;2;1;2;1;0;0;1;1;0;0;0;0;2;1;2;2;2;3;3;1;999;2;3;2;1;2;2;2;2;2;1;2;2;1;2;0;0;0;0;1;0;4;995;995;995;995;995;995;995;995;995;995;995;995;995;995;999;2;0;1;0;0;0;1;0;4;2;0;0;0;1;0;0;2;999;4;2;2;2;2;2;2;2;999;999;999;999;999;999;1;2;4;4;995;;TOURVILLE LA CHAPELLE;TOURVILLELACHAPELLE;3;4;15;3;997;997;1;999;2;38;1;5;1;38;1;5;38;5;3;2;4;3;;;;;;
1339;2;2;3;2;3;999;1;1;2;999;1;0;1;0;0;0;0;0;1;4;3;3;3;4;3;4;3;3;3;4;3;1;2;2;1;3;2;2;999;2;2;0;0;1;0;0;0;3;995;995;995;995;995;995;995;995;995;995;995;995;995;995;2;995;995;995;995;995;995;995;995;4;2;0;0;0;0;1;0;3;2;995;4;2;2;2;2;2;3;2;2;2;2;2;3;1;2;3;2;995;;ROUEN;ROUEN;1;2;23;6;3;997;1;999;2;47;2;8;1;47;1;8;47;8;4;3;2;4;;;;;;
1340;2;2;4;2;3;3;1;999;2;2;0;0;0;0;0;0;0;0;2;5;3;2;5;2;5;4;3;4;4;1;4;3;2;2;3;2;3;2;2;5;1;0;0;0;0;1;0;2;2;995;995;995;995;995;995;995;995;995;995;995;995;995;2;995;995;995;995;995;995;995;995;2;2;0;0;0;1;0;0;3;2;995;4;2;2;2;1;3;3;2;2;2;2;2;3;1;2;2;1;1;;SAINT AUBIN LES ELBEUF;SAINTAUBINLESELBEUF;2;2;9;997;997;997;1;999;2;32;1;5;1;32;1;5;32;5;3;2;2;2;;;;;;
1341;2;2;2;2;2;2;2;2;2;1;1;0;0;0;0;0;0;0;2;3;2;2;2;3;3;3;3;2;2;3;3;2;2;2;2;2;2;3;2;1;2;1;0;0;0;0;1;5;995;995;995;995;995;995;995;995;995;995;995;995;995;995;2;995;995;995;995;995;995;995;995;999;1;0;0;0;0;1;0;2;2;995;2;3;3;3;3;3;3;3;3;3;3;3;3;1;2;3;4;995;;LE PETIT QUEVILLY;LEPETITQUEVILLY;1;2;12;997;997;997;1;999;2;38;1;5;1;38;1;5;38;5;3;2;2;3;;;;;;
1342;2;3;1;3;2;1;2;1;2;3;995;995;995;995;995;995;995;995;2;4;4;2;5;3;3;3;3;2;4;3;3;1;2;2;3;2;2;2;2;2;1;0;0;0;0;0;1;3;995;995;995;995;995;995;995;995;995;995;995;995;995;995;2;995;995;995;995;995;995;995;995;3;2;0;0;0;1;0;0;3;2;995;2;2;2;2;2;2;3;2;2;2;2;3;3;1;2;3;2;995;;YMARE;YMARE;3;2;11;997;997;997;1;2;2;38;1;3;1;38;1;3;38;3;1;2;2;2;;;;;;
1343;2;1;2;1;1;1;1;1;1;1;0;0;1;1;1;0;0;0;2;3;3;2;3;2;3;3;1;1;3;1;1;2;1;2;2;1;2;3;3;5;3;1;0;0;1;1;0;2;2;995;995;995;995;995;995;995;995;995;995;995;995;995;2;995;995;995;995;995;995;995;995;3;2;0;1;0;0;0;0;3;2;995;4;1;1;1;1;1;3;2;2;2;2;2;3;1;2;4;1;4;;LE GRAND QUEVILLY;LEGRANDQUEVILLY;1;3;18;2;997;997;1;999;2;43;1;5;1;43;1;5;43;5;3;3;3;4;;;;;;
1344;2;1;2;2;1;1;1;1;1;1;1;0;0;1;0;0;0;0;2;2;2;3;5;4;3;3;3;3;4;3;3;1;2;2;3;1;1;3;4;5;3;1;0;1;1;0;0;3;995;995;995;995;995;995;995;995;995;995;995;995;995;995;1;2;0;0;0;0;0;1;0;3;1;0;0;0;1;0;0;1;1;4;1;2;2;2;2;2;3;2;2;2;2;2;3;1;2;3;2;995;;THEROULDEVILLE;THEROULDEVILLE;3;3;23;6;6;1;1;999;2;42;1;5;1;42;1;5;42;5;3;3;3;4;;;;;;
1345;2;1;999;999;1;1;999;999;1;1;0;0;1;1;0;0;0;0;999;5;999;2;2;999;999;4;1;1;999;3;999;999;999;999;999;999;999;999;3;1;3;1;1;1;0;0;0;3;995;995;995;995;995;995;995;995;995;995;995;995;995;995;999;2;0;0;0;0;0;0;0;4;1;0;0;0;1;0;0;1;2;995;4;2;2;2;3;1;3;2;2;2;3;2;3;1;2;4;4;995;;999;999;999;2;7;997;997;997;1;999;2;36;1;5;1;36;1;5;36;5;3;2;2;2;;;;;;
1346;2;1;2;1;1;1;1;1;1;1;0;1;0;1;0;1;1;0;2;2;2;3;3;3;3;3;1;3;3;3;1;1;1;1;1;1;1;3;3;5;2;1;1;1;0;0;0;2;1;1;0;0;0;0;0;0;0;0;0;0;0;0;2;995;995;995;995;995;995;995;995;4;2;1;0;0;0;0;0;2;2;995;3;2;2;2;1;1;1;2;2;2;2;2;2;1;2;3;2;995;;YERVILLE;YERVILLE;3;2;11;997;997;997;1;2;1;44;1;4;2;44;2;4;44;4;2;3;2;2;;;;;;
1347;2;3;3;3;1;1;1;1;2;999;0;0;1;1;0;0;0;0;1;5;4;3;5;5;3;4;3;3;4;4;3;3;2;2;3;3;2;3;3;999;999;0;0;0;0;1;0;2;1;1;0;0;0;0;0;0;0;0;0;0;0;0;999;2;0;1;0;0;0;0;0;3;1;0;0;0;0;1;0;2;2;995;2;999;999;999;999;999;1;999;999;999;999;999;999;999;999;4;3;995;;LE HAVRE;LEHAVRE;1;2;17;2;1;997;1;999;2;46;1;5;1;46;1;5;46;5;3;3;2;3;;;;;;
1348;2;2;3;3;3;3;2;2;2;3;995;995;995;995;995;995;995;995;2;5;3;2;5;2;3;4;3;2;4;2;4;3;2;2;3;2;2;3;2;5;3;0;0;0;0;1;0;3;995;995;995;995;995;995;995;995;995;995;995;995;995;995;2;995;995;995;995;995;995;995;995;999;2;0;1;0;0;0;0;2;2;995;2;2;2;2;2;2;2;2;2;2;2;2;2;1;2;4;4;995;;CRIQUETOT L'ESNEVAL;CRIQUETOTLESNEVAL;3;2;11;997;997;997;1;999;2;40;1;5;1;40;1;5;40;5;3;3;2;2;;;;;;
1349;2;1;2;1;1;1;1;1;2;1;0;0;1;1;0;0;0;0;1;2;1;3;5;3;2;3;1;1;4;3;1;1;1;1;3;1;1;3;4;5;3;1;1;1;0;0;0;5;995;995;995;995;995;995;995;995;995;995;995;995;995;995;2;995;995;995;995;995;995;995;995;3;2;1;0;0;0;0;0;1;2;995;4;2;2;2;1;1;3;2;2;2;2;2;3;1;2;3;2;995;;LE HAVRE;LEHAVRE;1;4;;6;6;6;1;999;1;59;1;5;2;59;1;5;59;5;3;4;4;1;;;;;;
1350;2;3;2;1;1;1;1;1;2;2;0;0;0;0;0;0;0;0;1;2;999;2;2;3;2;2;999;2;2;3;2;1;1;1;1;1;1;4;3;5;3;0;0;1;1;1;0;4;995;995;995;995;995;995;995;995;995;995;995;995;995;995;999;2;1;0;0;0;0;1;0;4;2;0;0;0;1;0;0;2;2;995;4;2;999;2;1;1;2;2;999;2;2;1;2;1;2;4;1;1;;999;999;999;2;18;5;997;997;1;999;2;44;1;5;1;44;1;5;44;5;3;3;2;4;;;;;;
1351;2;2;1;1;1;1;2;2;2;1;1;0;0;1;0;0;1;0;2;999;999;999;999;999;999;999;999;999;999;999;999;999;999;999;999;999;999;3;3;1;999;1;0;0;0;1;0;2;1;0;0;0;0;0;0;0;1;0;0;0;0;0;2;995;995;995;995;995;995;995;995;999;999;0;0;0;0;0;0;999;999;999;999;999;999;999;999;999;999;999;999;999;999;999;999;999;999;999;2;995;;LE HAVRE;LEHAVRE;1;2;21;6;6;997;1;999;2;49;1;5;1;49;2;5;49;5;3;3;2;4;;;;;;
1352;2;1;3;1;3;3;2;1;1;1;1;1;1;1;1;0;0;0;2;5;2;3;5;5;4;4;999;3;4;4;3;3;2;1;3;3;1;1;3;2;3;0;0;0;0;1;0;5;995;995;995;995;995;995;995;995;995;995;995;995;995;995;2;995;995;995;995;995;995;995;995;3;2;0;0;0;0;1;0;2;999;999;2;2;2;2;3;2;3;2;2;2;2;3;3;1;2;3;1;1;;MENTHEVILLE;MENTHEVILLE;3;1;3;997;997;997;1;2;2;32;1;5;1;32;1;5;32;5;3;2;1;1;;;;;;
1353;2;2;2;1;1;1;1;1;2;2;0;0;0;0;0;0;0;0;1;3;3;3;3;4;3;1;3;3;3;3;3;1;2;1;1;2;2;3;3;2;3;0;0;0;0;1;0;3;995;995;995;995;995;995;995;995;995;995;995;995;995;995;2;995;995;995;995;995;995;995;995;2;1;0;0;0;1;0;0;3;2;995;3;2;2;2;1;2;3;2;2;2;2;2;3;1;2;3;2;995;;GRAINVILLE YMAUVILLE;GRAINVILLEYMAUVILLE;3;3;14;997;997;997;1;999;2;46;2;7;1;46;1;7;46;7;4;3;3;3;;;;;;
1354;2;1;3;3;1;1;2;2;1;2;0;0;0;0;0;0;0;0;2;5;4;2;5;3;3;4;3;2;4;3;2;3;2;2;3;2;2;3;3;4;3;0;0;0;0;1;0;5;995;995;995;995;995;995;995;995;995;995;995;995;995;995;2;995;995;995;995;995;995;995;995;999;999;0;0;0;0;0;0;999;999;999;999;999;999;999;999;999;999;999;999;999;999;999;999;999;999;999;3;995;;BRAQUEMONT;BRAQUEMONT;3;2;11;997;997;997;1;999;2;41;1;4;1;41;1;4;41;4;2;3;2;2;;;;;;
1355;2;1;2;1;1;1;2;2;1;1;1;0;0;1;0;0;0;0;1;1;2;2;2;2;5;3;1;3;3;1;4;1;2;1;1;2;3;2;2;5;3;0;0;0;0;0;1;5;995;995;995;995;995;995;995;995;995;995;995;995;995;995;2;995;995;995;995;995;995;995;995;3;1;0;0;0;1;0;0;2;2;995;3;2;2;2;2;2;3;2;2;2;2;3;3;1;2;3;1;2;;MONTVILLE;MONTVILLE;2;2;5;997;997;997;1;999;2;32;1;5;1;32;1;5;32;5;3;2;2;1;;;;;;
1356;2;1;2;1;1;1;1;1;1;2;0;0;0;0;0;0;0;0;2;3;2;3;5;3;3;1;1;3;4;3;4;1;1;1;3;1;3;2;2;2;3;1;1;0;0;0;0;5;995;995;995;995;995;995;995;995;995;995;995;995;995;995;2;995;995;995;995;995;995;995;995;4;1;0;0;0;0;1;0;3;2;995;2;999;999;999;999;999;999;999;999;999;999;999;999;1;2;3;1;4;;MONTREUIL EN CAUX;MONTREUILENCAUX;3;3;5;997;997;997;1;2;2;36;1;5;1;36;1;5;36;5;3;2;3;1;;;;;;
1357;2;1;3;2;1;1;1;2;2;2;0;0;0;0;0;0;0;0;2;3;2;3;5;3;3;3;2;3;4;3;3;1;999;1;3;1;1;3;3;5;3;1;1;0;1;0;0;4;995;995;995;995;995;995;995;995;995;995;995;995;995;995;2;995;995;995;995;995;995;995;995;3;1;0;0;0;0;1;0;3;2;995;4;2;1;1;2;1;3;2;2;2;2;3;3;1;2;3;2;995;;SAINT AUBIN LES ELBEUF;SAINTAUBINLESELBEUF;2;1;17;2;997;997;1;1;2;42;1;4;1;42;1;4;42;4;2;3;1;3;;;;;;
1358;2;2;3;3;1;3;1;2;2;1;1;0;1;0;0;0;1;0;1;5;3;3;5;5;2;4;3;3;4;4;2;3;2;2;3;3;2;2;3;2;3;0;0;0;0;1;0;3;995;995;995;995;995;995;995;995;995;995;995;995;995;995;2;995;995;995;995;995;995;995;995;999;999;0;0;0;0;0;0;999;999;999;999;999;999;999;999;999;999;999;999;999;999;999;999;999;999;999;1;2;;LE HAVRE;LEHAVRE;1;2;11;997;997;997;1;999;2;33;1;5;1;33;1;5;33;5;3;2;2;2;;;;;;
1359;2;1;1;2;1;1;1;2;1;1;1;1;1;1;0;0;0;0;2;2;2;2;1;1;2;1;1;1;1;1;1;2;2;1;2;1;2;3;3;4;3;0;0;0;1;0;0;3;995;995;995;995;995;995;995;995;995;995;995;995;995;995;2;995;995;995;995;995;995;995;995;3;2;0;0;0;0;1;0;1;2;995;4;1;1;1;1;1;999;2;2;2;2;2;999;1;2;4;2;995;;SAINT PIERRE EN VAL;SAINTPIERREENVAL;3;1;15;1;997;997;1;1;1;47;1;6;2;47;1;6;47;6;3;3;1;3;;;;;;
1360;2;1;2;1;1;1;1;1;1;1;1;1;1;1;0;0;0;0;1;5;2;2;5;3;2;4;1;2;4;2;1;3;1;1;3;1;1;3;4;4;3;1;1;0;1;0;0;3;995;995;995;995;995;995;995;995;995;995;995;995;995;995;2;995;995;995;995;995;995;995;995;999;999;0;0;0;0;0;0;999;999;999;999;999;999;999;999;999;999;999;999;999;999;999;999;999;999;999;1;1;;FRESNOY-FOLNY;FRESNOYFOLNY;3;3;5;997;997;997;1;999;2;29;2;8;1;29;1;8;29;8;4;1;3;1;;;;;;
1361;2;2;2;3;3;3;2;1;2;2;0;0;0;0;0;0;0;0;2;5;3;2;5;3;3;4;3;2;4;3;3;3;2;2;3;2;2;1;2;2;1;0;0;0;0;1;0;3;995;995;995;995;995;995;995;995;995;995;995;995;995;995;2;995;995;995;995;995;995;995;995;2;2;0;0;0;1;0;0;2;999;999;2;2;2;2;1;2;3;2;2;2;2;2;2;1;2;4;1;1;;MONTMAIN;MONTMAIN;3;3;10;1;997;997;1;999;2;37;1;3;1;37;1;3;37;3;1;2;3;2;;;;;;
1362;2;1;2;1;1;2;1;2;2;1;1;0;1;1;0;0;0;1;1;2;1;2;1;3;2;2;3;3;2;3;1;2;3;2;3;3;2;3;3;2;3;1;0;1;1;0;0;4;995;995;995;995;995;995;995;995;995;995;995;995;995;995;2;995;995;995;995;995;995;995;995;3;2;1;0;0;0;0;0;2;1;2;4;1;2;1;1;1;3;999;999;999;999;999;999;1;2;3;1;7;Allocation transport scolaire;TRIQUERVILLE;TRIQUERVILLE;3;2;18;5;1;997;1;999;1;44;1;3;2;44;1;3;44;3;1;3;2;4;;;;;;
1363;2;2;2;3;3;3;2;1;2;3;995;995;995;995;995;995;995;995;2;4;3;5;5;5;3;3;3;4;4;4;3;2;2;3;3;3;2;3;3;2;2;0;0;1;0;0;0;3;995;995;995;995;995;995;995;995;995;995;995;995;995;995;2;995;995;995;995;995;995;995;995;3;2;0;0;0;0;1;0;2;2;995;2;2;2;2;1;2;1;999;999;999;999;999;999;1;2;3;4;995;;SOTTEVILLE LES ROUEN;SOTTEVILLELESROUEN;1;1;2;997;997;997;1;999;2;33;1;5;1;33;1;5;33;5;3;2;1;1;;;;;;
1364;2;2;2;2;1;3;2;1;2;3;995;995;995;995;995;995;995;995;2;2;2;4;5;1;4;3;2;2;4;2;3;2;2;1;3;2;2;1;2;1;3;0;0;0;0;0;1;5;995;995;995;995;995;995;995;995;995;995;995;995;995;995;1;1;995;995;995;995;995;995;995;4;2;0;1;0;0;0;0;2;2;995;2;2;2;2;2;2;2;2;2;2;2;2;2;1;2;2;3;995;;LE HAVRE;LEHAVRE;1;2;13;1;997;997;1;1;2;37;1;3;1;37;1;3;37;3;1;2;2;3;;;;;;
1365;2;2;2;2;1;1;1;1;1;1;0;0;0;0;0;0;0;1;2;3;3;2;999;3;2;1;1;1;1;1;3;1;1;1;1;1;2;4;4;5;3;1;0;1;1;0;0;5;995;995;995;995;995;995;995;995;995;995;995;995;995;995;2;995;995;995;995;995;995;995;995;4;2;0;0;0;0;1;0;1;2;995;3;2;2;2;2;1;3;2;2;2;2;3;3;1;2;4;1;4;;999;999;999;2;12;997;997;997;1;2;2;35;1;5;1;35;1;5;35;5;3;2;2;3;;;;;;
1366;2;2;3;2;3;3;2;2;2;1;1;1;1;1;0;1;0;0;1;2;2;999;1;5;2;3;999;4;4;4;1;999;2;3;3;3;2;3;3;4;3;1;1;1;0;0;0;4;995;995;995;995;995;995;995;995;995;995;995;995;995;995;2;995;995;995;995;995;995;995;995;999;2;0;0;0;1;0;0;1;2;995;3;2;2;2;2;2;999;999;999;999;999;999;3;1;2;3;1;2;;FECAMP;FECAMP;2;4;;6;6;6;1;2;1;56;1;6;2;56;2;6;56;6;3;4;4;1;;;;;;
1367;2;1;3;1;1;1;1;1;2;3;995;995;995;995;995;995;995;995;2;5;2;3;5;3;2;4;3;3;4;1;2;3;1;1;3;1;1;3;3;5;3;1;0;0;0;0;0;2;1;0;0;0;0;0;0;0;0;0;0;1;0;0;2;995;995;995;995;995;995;995;995;3;2;0;1;0;0;0;0;1;2;995;2;2;3;2;2;2;3;2;3;2;2;3;3;1;2;4;1;2;;TOUSSAINT;TOUSSAINT;2;2;13;997;997;997;1;2;2;36;1;5;1;36;1;5;36;5;3;2;2;3;;;;;;
1368;2;1;1;1;1;1;2;2;1;1;1;0;0;1;1;0;0;0;1;2;2;2;1;2;2;1;1;1;1;1;1;1;1;1;1;1;1;4;4;3;999;1;1;1;0;0;0;3;995;995;995;995;995;995;995;995;995;995;995;995;995;995;2;995;995;995;995;995;995;995;995;4;2;0;0;0;1;0;0;2;2;995;4;1;1;1;1;1;3;1;1;1;1;3;3;1;2;999;3;995;;AMFREVILLE LA MIVOIE;AMFREVILLELAMIVOIE;1;3;21;3;6;997;1;1;2;44;2;8;1;44;1;8;44;8;4;3;3;4;;;;;;
1369;2;1;2;2;1;1;1;1;1;1;0;1;1;0;0;0;0;0;999;2;3;2;1;2;2;3;1;2;2;3;3;2;1;2;2;2;2;2;2;1;3;0;0;1;0;1;0;5;995;995;995;995;995;995;995;995;995;995;995;995;995;995;2;995;995;995;995;995;995;995;995;999;2;1;0;0;0;0;0;1;2;995;2;2;2;2;2;2;3;999;999;999;999;999;999;1;2;3;2;995;;LE HAVRE;LEHAVRE;1;2;24;5;2;997;1;999;2;50;1;5;1;50;1;5;50;5;3;4;2;4;;;;;;
1370;2;2;4;4;1;1;2;1;2;1;1;0;0;1;0;0;0;0;999;4;2;4;5;5;5;3;3;4;4;3;4;1;2;3;3;2;3;3;3;5;3;0;0;0;0;1;0;2;2;995;995;995;995;995;995;995;995;995;995;995;995;995;2;995;995;995;995;995;995;995;995;999;999;0;0;0;0;0;0;999;999;999;999;999;999;999;999;999;999;999;999;999;999;999;999;999;999;999;1;1;;TOUFFREVILLE LA CABLE;TOUFFREVILLELACABLE;3;1;2;997;997;997;1;999;2;29;1;5;1;29;1;5;29;5;3;1;1;1;;;;;;
1371;2;2;3;3;3;3;2;2;2;1;1;0;1;0;0;0;0;0;999;5;3;3;5;5;5;4;1;1;4;4;4;3;2;2;3;3;3;4;4;4;2;1;1;1;0;0;0;2;1;0;0;1;0;0;0;0;0;0;0;0;0;0;2;995;995;995;995;995;995;995;995;2;2;0;0;0;1;0;0;2;2;995;3;1;2;2;1;3;3;2;2;2;3;3;3;1;2;4;1;6;;SAUCHAY;SAUCHAY;3;1;3;997;997;997;1;1;1;36;1;6;2;36;2;6;36;6;3;2;1;1;;;;;;
1372;2;2;3;3;1;3;1;1;1;3;995;995;995;995;995;995;995;995;2;3;3;2;3;3;1;3;3;2;2;3;2;1;1;1;2;1;2;2;3;5;2;1;0;0;0;1;0;4;995;995;995;995;995;995;995;995;995;995;995;995;995;995;1;2;1;0;0;0;0;0;0;1;1;0;0;0;1;0;0;3;2;995;4;2;2;2;2;2;3;2;2;2;2;2;3;1;2;4;3;995;;BELBEUF;BELBEUF;2;2;23;5;5;997;1;2;2;46;1;4;1;46;1;4;46;4;2;3;2;4;;;;;;
1373;2;2;999;999;999;1;999;1;2;1;1;0;1;1;0;0;1;0;2;5;3;3;5;2;5;4;1;3;4;3;4;3;2;2;3;2;3;2;2;5;2;0;0;1;0;0;0;5;995;995;995;995;995;995;995;995;995;995;995;995;995;995;999;999;995;995;995;995;995;995;995;999;1;0;0;0;1;0;0;2;2;995;1;2;2;2;1;1;3;2;2;2;2;2;2;1;2;3;4;995;;PETIT QUEVILLY;PETITQUEVILLY;1;2;6;997;997;997;1;2;2;34;1;5;1;34;1;5;34;5;3;2;2;2;;;;;;
1374;2;1;2;1;1;1;2;1;1;1;1;0;0;1;0;0;0;0;1;1;2;1;5;1;2;1;1;1;4;1;1;1;1;1;3;1;1;4;4;2;3;1;0;0;1;0;0;3;995;995;995;995;995;995;995;995;995;995;995;995;995;995;2;995;995;995;995;995;995;995;995;3;2;1;0;0;0;0;0;2;999;999;4;2;1;1;1;2;3;2;1;1;2;2;3;1;2;4;1;6;;LE GRAND QUEVILLY;LEGRANDQUEVILLY;1;2;9;997;997;997;1;2;2;47;2;8;1;47;1;8;47;8;4;3;2;2;;;;;;
1375;2;2;999;999;999;999;999;999;2;1;1;0;0;0;0;0;0;0;999;5;2;2;2;3;999;4;3;3;3;3;3;3;999;999;999;999;999;3;999;999;999;0;0;0;0;1;0;3;995;995;995;995;995;995;995;995;995;995;995;995;995;995;999;999;995;995;995;995;995;995;995;999;2;0;1;0;0;0;0;1;2;995;3;1;999;1;999;1;999;1;999;1;999;1;999;1;2;4;1;4;;999;999;999;2;23;6;997;997;1;999;2;46;1;5;1;46;1;5;46;5;3;3;2;4;;;;;;
1376;2;999;2;1;2;2;1;999;1;2;0;0;0;0;0;0;0;0;1;1;2;2;3;3;2;3;999;2;3;3;2;1;2;1;1;2;2;3;3;5;2;0;1;1;0;1;0;5;995;995;995;995;995;995;995;995;995;995;995;995;995;995;2;995;995;995;995;995;995;995;995;999;1;0;0;0;0;0;1;2;2;995;1;2;2;1;1;3;3;2;2;1;2;2;3;1;2;3;1;4;;GRAND QUEVILLY;GRANDQUEVILLY;1;2;17;2;997;997;1;2;2;40;1;5;1;40;1;5;40;5;3;3;2;3;;;;;;
1377;2;2;2;3;1;1;2;2;1;1;1;0;1;1;0;0;0;0;999;2;2;3;3;3;2;3;1;3;3;3;1;1;1;1;1;1;1;3;3;2;3;0;0;1;0;0;0;5;995;995;995;995;995;995;995;995;995;995;995;995;995;995;2;995;995;995;995;995;995;995;995;4;1;0;1;0;0;0;0;3;1;5;4;1;1;1;1;1;3;2;2;2;2;2;3;1;2;4;999;999;;SAINT PIERRE DE VARENGEVILLE;SAINTPIERREDEVARENGEVILLE;3;3;21;5;5;997;1;999;2;44;1;5;1;44;999;5;44;5;3;3;3;4;;;;;;
1378;2;2;1;1;1;1;2;2;1;1;1;0;0;1;0;0;0;0;2;2;2;3;3;3;2;3;1;3;3;1;1;2;2;2;2;2;2;3;3;5;3;1;0;0;1;1;0;4;995;995;995;995;995;995;995;995;995;995;995;995;995;995;2;995;995;995;995;995;995;995;995;3;1;0;0;0;1;0;0;2;2;995;4;2;1;1;1;2;3;2;2;2;2;2;3;1;2;3;1;2;;BOSC MESNIL;BOSCMESNIL;3;2;7;997;997;997;1;2;2;32;1;4;1;32;1;4;32;4;2;2;2;2;;;;;;
1379;2;3;2;3;1;1;1;1;3;1;0;0;1;0;0;0;0;0;2;3;3;2;2;3;3;3;3;3;2;3;3;1;2;2;1;1;2;2;2;3;2;0;0;0;1;0;0;5;995;995;995;995;995;995;995;995;995;995;995;995;995;995;2;995;995;995;995;995;995;995;995;3;2;0;0;0;0;0;1;2;2;995;3;2;2;2;2;2;3;2;2;2;2;2;3;1;2;2;3;995;;AUBERVILLE LA RENAULT;AUBERVILLELARENAULT;3;2;18;5;2;997;1;999;1;48;1;6;2;48;1;6;48;6;3;3;2;4;;;;;;
1380;2;1;2;2;3;1;1;1;2;1;0;0;1;1;0;0;0;0;1;999;3;2;2;3;4;999;1;3;3;1;1;999;1;1;1;1;1;3;3;5;2;0;1;0;0;1;0;3;995;995;995;995;995;995;995;995;995;995;995;995;995;995;2;995;995;995;995;995;995;995;995;3;1;1;0;0;0;0;0;2;2;995;4;2;2;1;1;2;3;2;2;1;2;1;3;1;2;3;1;1;;MONTVILLE;MONTVILLE;2;4;23;5;3;1;1;1;2;44;1;5;1;44;1;5;44;5;3;3;4;4;;;;;;
1381;2;2;3;2;3;3;2;2;2;1;1;0;1;0;0;0;0;0;1;2;3;2;2;3;2;999;999;999;999;999;999;999;999;999;999;999;999;1;2;2;3;0;0;0;0;1;0;3;995;995;995;995;995;995;995;995;995;995;995;995;995;995;2;995;995;995;995;995;995;995;995;3;1;0;0;0;0;1;0;3;2;995;2;2;2;2;2;2;3;2;2;2;2;3;3;1;2;3;4;995;;CANTELEU;CANTELEU;2;1;19;5;997;997;1;999;2;47;1;5;1;47;1;5;47;5;3;3;1;4;;;;;;
1382;2;2;2;3;1;3;2;2;2;1;0;1;1;1;0;0;1;0;2;3;2;2;5;3;2;1;2;2;4;3;1;2;2;2;3;2;2;3;2;2;2;1;1;0;0;0;0;3;995;995;995;995;995;995;995;995;995;995;995;995;995;995;2;995;995;995;995;995;995;995;995;999;2;0;0;0;1;0;0;2;2;995;2;2;2;2;1;1;3;2;2;2;2;2;3;1;2;3;1;4;;ETALONDES;ETALONDES;3;3;23;6;5;3;1;999;2;44;2;8;1;44;1;8;44;8;4;3;3;4;;;;;;
1383;2;2;3;3;1;1;1;1;2;1;1;0;0;0;0;0;1;0;1;4;2;3;3;3;5;3;3;3;3;3;4;2;2;2;2;2;3;3;3;2;1;0;1;1;0;0;0;5;995;995;995;995;995;995;995;995;995;995;995;995;995;995;2;995;995;995;995;995;995;995;995;3;2;0;0;0;0;1;0;3;2;995;3;2;2;2;1;2;3;2;2;2;2;2;3;1;2;4;1;1;;YERVILLE;YERVILLE;3;2;6;997;997;997;1;999;2;30;1;2;1;30;1;2;30;2;1;2;2;2;;;;;;
1384;2;3;2;2;1;1;1;1;1;1;1;0;1;1;1;1;0;0;1;2;1;1;2;1;1;4;3;1;4;1;1;1;1;1;1;1;1;4;4;5;3;1;0;0;0;0;0;5;995;995;995;995;995;995;995;995;995;995;995;995;995;995;2;995;995;995;995;995;995;995;995;1;2;0;1;0;0;0;0;1;2;995;3;1;1;1;1;1;3;2;2;2;2;2;3;1;2;4;1;1;;PETIT COURONNE;PETITCOURONNE;2;2;10;997;997;997;1;999;2;36;1;5;1;36;1;5;36;5;3;2;2;2;;;;;;
1385;2;2;3;2;1;1;1;1;2;1;1;0;0;1;1;0;0;0;1;3;2;2;5;1;2;1;1;2;4;1;1;1;1;1;3;1;1;3;3;3;2;0;1;0;1;1;0;5;995;995;995;995;995;995;995;995;995;995;995;995;995;995;2;995;995;995;995;995;995;995;995;4;2;0;0;0;0;1;0;2;2;995;3;2;2;2;2;2;2;2;2;2;2;2;2;1;2;4;1;4;;FAUVILLE EN CAUX;FAUVILLEENCAUX;3;2;11;997;997;997;1;999;2;41;2;8;1;41;1;8;41;8;4;3;2;2;;;;;;
1386;2;1;2;1;3;1;1;1;1;1;1;0;1;1;0;0;0;0;2;3;3;2;2;3;3;3;3;1;1;3;3;1;1;1;1;1;1;3;3;5;3;1;1;0;1;0;0;4;995;995;995;995;995;995;995;995;995;995;995;995;995;995;2;995;995;995;995;995;995;995;995;999;2;0;0;0;1;0;0;1;2;995;4;999;999;999;1;1;3;999;999;999;999;1;3;1;2;4;2;995;;BERTREVILLE SAINT OUEN;BERTREVILLESAINTOUEN;3;2;10;997;997;997;1;2;2;35;1;5;1;35;1;5;35;5;3;2;2;2;;;;;;
1387;2;1;3;2;1;1;1;2;1;1;1;0;1;0;0;0;0;1;1;5;2;3;5;5;5;4;1;4;4;4;4;3;1;1;3;3;3;3;3;5;3;1;0;0;0;1;0;5;995;995;995;995;995;995;995;995;995;995;995;995;995;995;2;995;995;995;995;995;995;995;995;2;2;0;0;1;0;0;0;1;2;995;4;2;1;2;1;1;1;999;999;999;999;999;999;1;2;4;1;1;;HARFLEUR;HARFLEUR;1;2;8;997;997;997;1;1;2;30;1;5;1;30;1;5;30;5;3;2;2;2;;;;;;
1388;2;1;999;1;999;1;999;1;1;1;1;1;0;1;1;1;0;0;1;5;1;5;5;2;1;4;1;4;4;3;1;3;1;3;3;2;1;4;1;3;1;1;1;1;0;0;0;2;2;995;995;995;995;995;995;995;995;995;995;995;995;995;2;995;995;995;995;995;995;995;995;4;1;0;0;1;0;0;0;3;2;995;4;1;1;1;2;2;3;2;2;2;2;3;3;1;2;4;1;1;;CRIQUETOT SUR OUVILLE;CRIQUETOTSUROUVILLE;3;2;5;997;997;997;1;999;2;31;1;5;1;31;1;5;31;5;3;2;2;1;;;;;;
1389;2;2;2;2;3;1;2;1;3;1;1;0;0;1;0;0;0;0;2;4;2;3;2;2;2;3;1;1;1;3;2;2;1;1;2;2;2;2;2;2;3;0;0;1;0;1;0;4;995;995;995;995;995;995;995;995;995;995;995;995;995;995;2;995;995;995;995;995;995;995;995;4;2;0;0;0;0;1;0;2;2;995;2;2;2;2;1;2;999;2;2;2;2;2;3;1;2;3;2;995;;SAINT ANTOINE LA FORET;SAINTANTOINELAFORET;3;2;13;1;5;997;1;999;2;33;1;5;1;33;1;5;33;5;3;2;2;3;;;;;;
1390;2;1;3;3;3;3;2;2;1;3;995;995;995;995;995;995;995;995;2;999;999;999;999;999;999;4;3;999;999;999;3;999;999;999;999;999;999;1;1;1;3;0;0;0;0;0;1;5;995;995;995;995;995;995;995;995;995;995;995;995;995;995;2;995;995;995;995;995;995;995;995;2;2;0;0;0;0;1;0;3;2;995;4;2;2;2;2;2;2;2;2;2;2;2;2;1;2;4;2;995;;BOIS GUILLAUME;BOISGUILLAUME;1;4;;6;6;6;1;1;1;54;1;3;2;54;1;3;54;3;1;4;4;1;;;;;;
1391;2;2;1;1;1;1;2;2;2;1;1;1;1;1;1;0;0;0;2;1;1;5;5;5;2;3;3;4;4;4;3;2;2;3;3;3;2;3;3;2;2;1;0;1;0;1;0;5;995;995;995;995;995;995;995;995;995;995;995;995;995;995;2;995;995;995;995;995;995;995;995;3;999;0;1;0;0;0;0;3;2;995;3;999;999;999;1;1;999;999;999;999;1;1;999;1;2;2;1;1;;LE HAVRE;LEHAVRE;1;3;25;6;6;6;1;999;2;50;1;5;1;50;1;5;50;5;3;4;3;4;;;;;;
1392;2;1;2;2;1;1;1;1;1;1;1;1;1;0;0;1;0;0;1;4;2;2;2;1;2;3;1;1;1;1;3;2;2;1;1;1;1;3;3;2;3;0;0;0;0;1;0;5;995;995;995;995;995;995;995;995;995;995;995;995;995;995;2;995;995;995;995;995;995;995;995;999;1;0;1;0;0;0;0;2;2;995;4;2;2;2;2;2;3;2;2;2;2;3;3;1;2;4;2;995;;LE HAVRE;LEHAVRE;1;1;11;1;997;997;1;999;2;53;1;5;1;53;1;5;53;5;3;4;1;2;;;;;;
1393;2;2;2;2;1;1;2;2;3;3;995;995;995;995;995;995;995;995;2;5;3;2;5;5;5;4;3;3;3;3;4;3;2;2;3;3;3;1;3;1;3;0;0;0;0;1;0;5;995;995;995;995;995;995;995;995;995;995;995;995;995;995;2;995;995;995;995;995;995;995;995;999;1;0;1;0;0;0;0;3;2;995;2;2;2;2;2;2;3;2;2;2;3;3;3;1;2;2;1;4;;ROUEN;ROUEN;1;1;5;997;997;997;1;999;1;58;1;3;2;58;1;3;58;3;1;4;1;1;;;;;;
1394;2;1;1;1;1;1;1;1;1;1;1;1;1;1;0;0;0;0;1;2;2;2;1;2;3;1;1;3;3;3;3;1;1;2;2;2;2;3;4;999;3;1;1;1;0;0;0;999;995;995;995;995;995;995;995;995;995;995;995;995;995;995;2;995;995;995;995;995;995;995;995;999;999;0;0;0;0;0;0;999;999;999;999;999;999;999;999;999;999;999;999;999;999;999;999;999;999;999;4;995;;ROUEN;ROUEN;1;2;23;6;5;997;1;999;1;48;1;6;2;48;1;6;48;6;3;3;2;4;;;;;;
1395;2;5;2;1;1;1;1;1;1;1;1;1;1;1;0;0;0;0;2;2;2;2;5;5;2;1;1;1;4;4;1;2;2;1;3;3;2;3;1;1;3;0;0;0;0;1;0;2;2;995;995;995;995;995;995;995;995;995;995;995;995;995;2;995;995;995;995;995;995;995;995;3;1;0;1;0;0;0;0;2;2;995;3;2;2;1;1;1;1;2;2;2;2;2;2;1;2;4;1;1;;LA CERLANGUE;LACERLANGUE;3;3;15;4;997;997;1;1;2;36;1;5;1;36;1;5;36;5;3;2;3;3;;;;;;
1396;2;2;2;2;1;1;1;1;1;2;0;0;0;0;0;0;0;0;2;5;5;5;5;5;5;4;4;4;4;4;4;3;3;3;3;3;3;2;2;2;2;0;0;0;0;1;0;5;995;995;995;995;995;995;995;995;995;995;995;995;995;995;2;995;995;995;995;995;995;995;995;2;1;0;0;0;1;0;0;2;2;995;2;2;2;2;2;2;3;3;3;3;3;3;3;1;2;2;2;995;;ANGIENS;ANGIENS;3;2;24;6;6;997;1;999;2;53;1;2;1;53;1;2;53;2;1;4;2;4;;;;;;
1397;2;2;3;2;1;1;2;1;2;2;0;0;0;0;0;0;0;0;2;5;3;5;5;2;5;4;1;4;4;3;4;3;1;3;3;1;3;3;2;5;3;0;0;0;1;1;0;3;995;995;995;995;995;995;995;995;995;995;995;995;995;995;2;995;995;995;995;995;995;995;995;2;2;1;0;0;0;0;0;3;2;995;2;2;1;1;2;2;3;2;2;2;3;3;3;1;2;2;2;995;;BIVILLE LA RIVIERE;BIVILLELARIVIERE;3;2;3;997;997;997;1;2;1;29;1;3;2;29;1;3;29;3;1;1;2;1;;;;;;
1398;2;1;2;1;1;1;2;2;2;1;1;0;1;1;0;1;1;0;2;2;3;2;2;3;3;3;1;1;1;1;3;2;2;2;2;2;2;3;2;2;3;1;0;0;1;1;0;3;995;995;995;995;995;995;995;995;995;995;995;995;995;995;2;995;995;995;995;995;995;995;995;4;2;0;0;0;1;0;0;2;2;995;3;2;2;2;2;1;3;2;2;2;2;2;3;1;2;4;4;995;;NOTRE DAME DE GRAVENCHON;NOTREDAMEDEGRAVENCHON;3;4;22;5;5;997;1;1;1;49;1;3;2;49;1;3;49;3;1;3;4;4;;;;;;
1399;2;1;2;2;3;1;2;2;1;3;995;995;995;995;995;995;995;995;2;3;3;3;3;3;3;3;3;3;3;3;3;2;2;2;2;2;2;1;2;1;3;0;0;0;0;0;1;5;995;995;995;995;995;995;995;995;995;995;995;995;995;995;2;995;995;995;995;995;995;995;995;999;999;0;0;0;0;0;0;999;999;999;999;999;999;999;999;999;999;999;999;999;999;999;999;999;999;999;1;6;;LE HAVRE;LEHAVRE;1;2;5;997;997;997;1;999;1;39;1;5;2;39;1;5;39;5;3;2;2;1;;;;;;
1400;2;2;2;2;1;1;1;1;1;1;1;0;1;0;0;0;0;0;2;3;2;2;5;5;3;3;3;1;4;4;3;3;2;1;3;3;3;3;2;2;3;0;0;0;0;1;0;4;995;995;995;995;995;995;995;995;995;995;995;995;995;995;2;995;995;995;995;995;995;995;995;999;1;0;0;0;0;1;0;3;2;995;2;2;2;2;2;2;3;2;2;2;2;2;3;1;2;4;999;999;;PAVILLY;PAVILLY;2;1;17;2;997;997;1;999;1;42;1;5;2;42;1;5;42;5;3;3;1;3;;;;;;
1401;2;3;3;3;3;3;2;2;2;1;1;1;1;0;0;1;0;0;2;2;3;2;3;2;3;1;3;3;3;3;3;1;2;1;1;2;2;1;2;2;1;0;0;0;0;0;1;4;995;995;995;995;995;995;995;995;995;995;995;995;995;995;2;995;995;995;995;995;995;995;995;999;1;0;1;0;0;0;0;2;2;995;2;2;2;2;2;2;3;2;2;2;2;2;3;1;2;2;1;5;;MORGNY LA POMMERAYE;MORGNYLAPOMMERAYE;3;3;19;5;5;997;1;999;1;46;1;2;2;46;1;2;46;2;1;3;3;4;;;;;;
1402;2;2;2;2;1;1;2;2;2;1;0;0;1;0;0;0;1;0;999;5;3;3;5;2;5;4;2;2;4;2;4;3;1;1;3;2;3;2;2;2;3;0;0;0;0;1;0;5;995;995;995;995;995;995;995;995;995;995;995;995;995;995;2;995;995;995;995;995;995;995;995;2;1;0;0;0;1;0;0;2;2;995;4;2;2;2;2;2;3;2;2;2;2;3;3;1;2;3;1;4;;FONTAINE LA MALLET;FONTAINELAMALLET;2;2;4;997;997;997;1;999;2;37;1;5;1;37;1;5;37;5;3;2;2;1;;;;;;
1403;2;1;4;3;1;1;1;1;1;1;1;0;0;1;1;0;1;0;2;2;2;2;1;2;2;1;3;3;3;1;1;1;2;2;1;1;2;3;3;2;3;1;1;0;0;1;0;2;1;0;0;0;0;0;0;0;1;0;0;0;0;0;2;995;995;995;995;995;995;995;995;3;2;0;1;0;0;0;0;3;1;3;4;2;1;1;1;1;3;2;2;2;2;2;3;1;2;4;2;995;;RAFFETOT;RAFFETOT;3;5;24;5;5;4;1;1;1;48;1;4;2;48;1;4;48;4;2;3;4;4;;;;;;
1404;2;2;999;999;1;1;2;2;2;1;1;0;1;1;0;0;0;0;1;1;1;2;5;1;1;3;1;3;4;3;3;2;2;2;3;2;2;3;4;1;3;1;1;1;0;0;0;4;995;995;995;995;995;995;995;995;995;995;995;995;995;995;999;999;995;995;995;995;995;995;995;3;2;1;0;0;0;0;0;3;2;995;4;1;1;1;1;1;3;1;1;1;1;1;3;1;2;3;1;6;;FECAMP;FECAMP;2;3;16;2;4;997;1;2;2;34;1;6;1;34;1;6;34;6;3;2;3;3;;;;;;
1405;2;2;3;3;1;1;1;1;2;1;0;1;1;0;0;0;1;0;1;5;2;3;5;3;5;4;1;3;4;3;4;3;1;1;3;1;3;3;3;5;3;0;1;0;0;1;0;5;995;995;995;995;995;995;995;995;995;995;995;995;995;995;999;999;995;995;995;995;995;995;995;999;1;1;0;0;0;0;0;3;999;999;4;1;1;1;1;1;3;2;2;2;2;2;3;1;2;3;4;995;;OUAINVILLE;OUAINVILLE;3;2;7;997;997;997;1;999;2;29;2;8;1;29;1;8;29;8;4;1;2;2;;;;;;
1406;2;1;3;2;1;1;1;1;2;1;1;1;1;0;0;1;0;1;1;5;4;999;2;5;3;3;3;3;2;3;3;1;1;1;2;3;3;3;3;5;2;1;0;1;0;1;0;3;995;995;995;995;995;995;995;995;995;995;995;995;995;995;999;2;0;0;0;0;0;1;0;4;999;0;0;0;0;0;1;2;1;995;3;3;1;3;3;3;3;3;3;3;3;3;3;1;2;3;4;995;;999;999;999;3;23;5;6;5;1;999;2;44;1;5;1;44;1;5;44;5;3;3;3;4;;;;;;
1407;2;2;2;2;1;1;1;1;2;1;1;0;0;1;0;0;1;0;1;4;4;4;4;4;4;1;1;1;1;1;1;1;1;1;1;1;1;3;3;5;3;1;0;1;0;1;0;5;995;995;995;995;995;995;995;995;995;995;995;995;995;995;2;995;995;995;995;995;995;995;995;1;1;0;0;0;1;0;0;3;2;995;2;2;2;2;2;2;999;2;2;2;2;2;999;1;2;4;4;995;;SAINT LAURENT DE BREVEDENT;SAINTLAURENTDEBREVEDENT;2;1;13;997;997;997;1;999;2;56;2;7;1;56;2;7;56;7;4;4;1;3;;;;;;
1408;2;2;2;2;3;3;2;2;2;3;995;995;995;995;995;995;995;995;2;2;3;3;5;3;2;1;1;3;4;3;1;2;1;1;3;2;1;2;3;2;2;0;0;1;0;1;0;3;995;995;995;995;995;995;995;995;995;995;995;995;995;995;2;995;995;995;995;995;995;995;995;2;1;0;1;0;0;0;0;2;2;995;2;2;2;2;2;2;3;2;2;2;2;2;3;1;2;3;1;3;;TRINITE DU MONT;TRINITEDUMONT;2;2;3;997;997;997;1;2;2;27;2;8;1;27;1;8;27;8;4;1;2;1;;;;;;
1409;2;2;3;2;3;1;2;1;2;3;995;995;995;995;995;995;995;995;2;5;3;5;5;5;5;4;3;4;4;4;4;3;2;3;3;3;3;2;3;2;3;0;0;1;0;1;0;5;995;995;995;995;995;995;995;995;995;995;995;995;995;995;2;995;995;995;995;995;995;995;995;3;2;0;0;0;1;0;0;2;2;995;2;2;2;2;2;2;3;2;2;2;2;2;3;1;1;3;1;2;;GONNEVILLE SUR SCIE;GONNEVILLESURSCIE;3;1;2;997;997;997;1;999;2;33;1;5;1;33;1;5;33;5;3;2;1;1;;;;;;
1410;2;1;2;999;1;1;1;1;1;1;1;0;0;1;0;0;0;0;1;5;2;5;5;2;2;4;1;4;4;3;3;3;1;3;3;2;2;3;3;2;2;1;0;0;0;1;0;5;995;995;995;995;995;995;995;995;995;995;995;995;995;995;2;995;995;995;995;995;995;995;995;4;2;0;0;0;1;0;0;2;2;995;3;2;2;2;1;1;3;2;2;2;2;2;3;1;999;4;4;995;;999;999;999;1;4;997;997;997;1;999;2;30;1;5;1;30;1;5;30;5;3;2;1;1;;;;;;
1411;2;2;2;3;3;3;2;2;2;1;0;0;1;0;0;0;0;0;999;3;2;3;2;3;3;3;3;3;2;999;999;2;2;2;2;2;2;2;2;2;2;0;0;1;0;1;0;3;995;995;995;995;995;995;995;995;995;995;995;995;995;995;2;995;995;995;995;995;995;995;995;2;1;0;0;0;0;1;0;3;2;995;2;2;2;2;2;2;3;2;2;2;2;2;3;1;2;3;1;2;;BARENTIN;BARENTIN;2;2;18;3;997;997;1;2;1;47;1;5;2;47;1;5;47;5;3;3;2;4;;;;;;
1412;2;1;1;1;3;3;1;1;1;1;1;0;1;1;0;1;0;0;1;3;1;1;1;1;1;3;2;2;2;1;1;1;1;1;1;1;1;4;4;4;3;1;1;1;0;0;0;5;995;995;995;995;995;995;995;995;995;995;995;995;995;995;1;1;995;995;995;995;995;995;995;3;2;0;0;0;0;1;0;2;2;995;4;1;1;1;1;1;3;2;2;2;2;3;3;1;2;4;1;6;;MONTVILLE;MONTVILLE;2;2;13;997;997;997;1;999;2;40;1;5;1;40;1;5;40;5;3;3;2;3;;;;;;
1413;2;2;2;3;1;1;1;2;2;1;1;0;1;1;0;0;0;0;2;5;3;3;5;5;5;4;1;3;4;4;4;3;2;2;3;3;3;3;3;2;3;0;1;1;0;1;0;3;995;995;995;995;995;995;995;995;995;995;995;995;995;995;2;995;995;995;995;995;995;995;995;4;1;0;0;0;1;0;0;2;2;995;3;2;2;1;2;1;3;2;2;2;2;3;3;1;2;3;2;995;;GRUCHET LE VALASSE;GRUCHETLEVALASSE;2;2;4;997;997;997;1;999;2;31;1;5;1;31;1;5;31;5;3;2;2;1;;;;;;
1414;2;2;3;2;3;1;2;1;2;1;1;0;0;0;0;1;0;0;999;2;4;4;5;5;5;3;3;3;4;4;4;2;2;2;3;3;3;3;3;5;3;0;0;0;0;1;0;5;995;995;995;995;995;995;995;995;995;995;995;995;995;995;2;995;995;995;995;995;995;995;995;3;2;0;1;0;0;0;0;3;2;995;3;2;2;2;1;1;3;2;2;2;3;3;3;1;2;3;2;995;;LA MAILLERAYE;LAMAILLERAYE;3;1;4;997;997;997;1;999;2;40;1;5;1;40;1;5;40;5;3;3;1;1;;;;;;
1415;2;2;2;2;3;3;2;2;2;3;995;995;995;995;995;995;995;995;2;5;2;3;5;5;5;4;1;3;4;4;4;3;1;2;3;3;3;3;3;5;2;1;0;0;0;1;0;5;995;995;995;995;995;995;995;995;995;995;995;995;995;995;2;995;995;995;995;995;995;995;995;4;1;0;0;0;0;1;0;2;2;995;4;2;2;2;2;2;3;2;2;2;2;3;3;1;2;3;1;1;;GRUCHET LE VALASSE;GRUCHETLEVALASSE;2;1;3;997;997;997;1;999;2;28;1;5;1;28;1;5;28;5;3;1;1;1;;;;;;
1416;2;1;1;1;1;1;1;1;1;1;1;0;1;1;1;0;0;0;1;2;1;2;5;3;2;2;2;2;4;2;2;2;2;2;3;3;2;3;4;5;3;1;1;1;0;0;0;5;995;995;995;995;995;995;995;995;995;995;995;995;995;995;2;995;995;995;995;995;995;995;995;4;2;0;0;0;1;0;0;1;2;995;4;1;1;1;2;1;1;2;2;2;2;2;2;1;2;4;1;1;;INCHEVILLE;INCHEVILLE;3;3;6;997;997;997;1;999;1;33;1;6;2;33;1;6;33;6;3;2;3;2;;;;;;
1417;2;1;2;2;1;1;2;2;1;999;1;0;0;0;1;0;1;0;1;3;2;2;1;4;2;2;2;2;1;1;3;2;1;999;2;1;2;3;3;3;2;0;1;1;0;0;0;3;995;995;995;995;995;995;995;995;995;995;995;995;995;995;2;995;995;995;995;995;995;995;995;3;2;1;0;0;0;0;0;2;999;4;4;2;1;2;1;1;3;2;2;2;2;2;3;1;2;3;999;3;;ROSAY;ROSAY;3;2;17;4;997;997;1;2;2;45;2;8;1;45;1;8;45;8;4;3;2;3;;;;;;
1418;2;2;3;3;3;1;2;1;2;1;1;0;1;0;0;1;0;0;2;5;4;4;5;4;5;4;3;3;4;3;4;3;1;1;3;1;3;3;3;5;2;1;1;0;1;0;0;2;2;995;995;995;995;995;995;995;995;995;995;995;995;995;2;995;995;995;995;995;995;995;995;4;2;1;0;0;0;0;0;3;2;995;2;2;2;2;2;2;3;2;2;2;2;2;3;1;2;3;1;2;;NEUFBOSC;NEUFBOSC;3;3;10;997;997;997;1;2;2;36;1;5;1;36;1;5;36;5;3;2;3;2;;;;;;
1419;2;2;3;1;1;2;1;2;1;1;1;1;1;1;0;0;0;0;2;2;2;2;999;5;2;3;1;3;3;4;2;2;1;2;2;3;2;3;2;1;2;1;1;0;1;0;0;999;2;995;995;995;995;995;995;995;995;995;995;995;995;995;2;995;995;995;995;995;995;995;995;4;2;0;0;0;1;0;0;2;1;4;2;2;2;2;2;2;999;2;2;2;2;2;3;1;2;4;4;995;;CRITOT;CRITOT;3;3;20;6;3;3;1;999;2;42;1;5;1;42;1;5;42;5;3;3;3;4;;;;;;
1420;2;2;3;2;1;999;1;2;1;1;1;0;0;0;0;0;0;1;1;4;2;3;5;3;2;3;1;3;4;3;1;2;1;1;3;1;1;3;2;1;2;0;0;0;0;1;0;3;995;995;995;995;995;995;995;995;995;995;995;995;995;995;2;995;995;995;995;995;995;995;995;2;2;0;0;0;0;0;1;3;2;995;4;2;2;2;2;2;2;2;2;2;2;2;2;1;2;2;2;995;;FONTAINE LA MALLET;FONTAINELAMALLET;2;2;6;997;997;997;1;999;2;33;1;4;1;33;1;4;33;4;2;2;2;2;;;;;;
1421;2;2;1;1;3;1;2;2;2;1;1;1;1;0;0;0;0;1;2;1;2;1;2;1;1;3;3;3;3;3;3;2;2;2;2;2;2;2;2;2;3;0;0;0;1;0;0;3;995;995;995;995;995;995;995;995;995;995;995;995;995;995;2;995;995;995;995;995;995;995;995;3;2;0;0;0;1;0;0;3;2;995;2;2;2;1;2;2;999;2;2;2;2;2;2;1;2;3;1;6;;MONTIVILLIERS;MONTIVILLIERS;2;3;23;6;5;5;1;2;2;52;2;8;1;52;1;8;52;8;4;4;3;4;;;;;;
1422;2;2;3;2;3;1;2;2;2;1;0;0;0;0;1;1;1;0;1;3;2;3;5;2;1;3;1;1;4;3;1;2;1;1;3;2;1;2;2;1;2;0;0;0;0;0;1;5;995;995;995;995;995;995;995;995;995;995;995;995;995;995;2;995;995;995;995;995;995;995;995;2;2;1;0;0;0;0;0;2;2;995;2;2;2;2;2;2;3;2;2;2;2;2;3;1;2;3;1;4;;SAINTE BEUVE EN RIVIERE;SAINTEBEUVEENRIVIERE;3;3;14;1;997;997;1;999;2;39;1;4;1;39;1;4;39;4;2;2;3;3;;;;;;
1423;2;2;1;1;1;1;1;1;1;1;1;0;0;1;0;0;1;0;1;3;2;2;2;3;4;2;2;2;1;1;2;2;2;2;3;1;1;3;3;5;2;0;1;0;0;1;0;5;995;995;995;995;995;995;995;995;995;995;995;995;995;995;2;995;995;995;995;995;995;995;995;2;2;0;0;0;1;0;0;3;1;4;2;2;999;999;999;999;999;999;999;999;999;999;999;1;2;2;1;2;;LE HAVRE;LEHAVRE;1;4;18;2;6;997;1;1;1;42;2;8;2;42;2;8;42;8;4;3;4;4;;;;;;
1424;2;2;2;2;1;2;1;1;2;1;0;1;1;1;0;0;0;0;1;5;2;3;5;3;5;4;1;2;4;2;4;3;1;1;3;2;3;3;2;2;2;0;1;0;0;0;0;4;995;995;995;995;995;995;995;995;995;995;995;995;995;995;2;995;995;995;995;995;995;995;995;3;1;0;0;0;1;0;0;2;2;995;2;2;2;2;2;2;2;2;2;2;2;2;2;1;2;2;1;2;;ROSAY;ROSAY;3;2;2;997;997;997;1;999;2;28;1;3;1;28;1;3;28;3;1;1;2;1;;;;;;
1425;2;1;1;1;1;1;1;1;1;1;1;0;1;1;0;1;0;0;2;1;1;2;2;2;1;1;1;2;2;1;1;2;2;2;2;2;2;3;4;2;3;1;1;1;0;0;0;5;995;995;995;995;995;995;995;995;995;995;995;995;995;995;2;995;995;995;995;995;995;995;995;3;2;1;0;0;0;0;0;2;2;995;3;2;1;1;2;2;999;999;999;999;999;999;2;1;1;4;2;995;;OCTEVILLE SUR MER;OCTEVILLESURMER;2;2;15;1;1;997;1;999;1;38;2;8;2;38;1;8;38;8;4;2;2;3;;;;;;
1426;2;1;2;1;1;1;1;1;1;2;1;0;1;1;1;0;0;1;1;5;3;2;2;3;2;4;3;2;2;3;2;3;1;1;1;1;1;3;3;5;3;1;0;0;0;1;0;3;1;0;0;0;0;0;0;0;0;0;1;0;0;0;2;995;995;995;995;995;995;995;995;3;2;0;0;0;1;0;0;1;2;999;2;2;2;2;2;2;3;2;2;2;2;2;3;1;2;3;4;6;;NOTRE DAME DE GRAVENCHON;NOTREDAMEDEGRAVENCHON;3;2;10;997;997;997;1;999;2;35;1;6;1;35;1;6;35;6;3;2;2;2;;;;;;
1427;2;2;3;3;2;2;2;2;2;1;0;1;0;1;0;0;0;0;1;2;3;2;5;3;2;2;1;2;4;3;1;2;1;2;3;2;1;3;3;5;3;1;0;1;0;1;0;5;995;995;995;995;995;995;995;995;995;995;995;995;995;995;2;995;995;995;995;995;995;995;995;3;2;0;0;0;0;1;0;2;2;995;4;2;2;2;1;1;1;2;3;2;1;3;3;1;2;3;1;1;;NOTRE DAME DE GRAVENCHON;NOTREDAMEDEGRAVENCHON;3;2;14;997;997;997;1;999;2;43;1;1;1;43;1;1;43;1;1;3;2;3;;;;;;
1428;2;2;3;1;2;2;1;2;2;2;0;0;0;0;0;0;0;0;1;999;999;999;999;999;999;999;999;999;999;999;999;999;999;999;999;999;999;2;2;999;3;0;0;0;0;0;1;5;995;995;995;995;995;995;995;995;995;995;995;995;995;995;2;995;995;995;995;995;995;995;995;4;999;0;0;0;0;0;0;999;999;999;3;2;2;2;2;2;999;999;999;999;999;999;999;1;2;3;4;995;;ALVIMARE;ALVIMARE;3;3;22;6;6;6;1;999;2;50;1;5;1;50;1;5;50;5;3;4;3;4;;;;;;
1429;2;2;3;4;3;3;1;1;2;1;1;0;1;0;0;0;1;0;2;5;3;2;5;4;5;4;3;3;3;1;4;3;2;1;3;2;2;1;2;1;2;0;0;0;0;1;0;5;995;995;995;995;995;995;995;995;995;995;995;995;995;995;2;995;995;995;995;995;995;995;995;3;2;0;0;0;1;0;0;3;2;995;3;2;2;2;2;2;3;2;2;2;2;2;2;1;2;3;1;3;;SAINT NICOLAS DE LA TAILLE;SAINTNICOLASDELATAILLE;3;2;9;997;997;997;1;999;2;39;1;5;1;39;1;4;39;4;2;2;2;2;;;;;;
1430;2;1;2;2;3;1;1;1;1;1;0;0;1;1;0;1;0;0;2;5;3;2;5;2;2;4;2;2;4;2;2;3;1;1;3;2;1;3;3;5;3;0;0;1;0;1;0;3;995;995;995;995;995;995;995;995;995;995;995;995;995;995;2;995;995;995;995;995;995;995;995;999;2;0;1;0;0;0;0;2;2;995;4;2;2;2;1;2;3;2;2;2;2;2;3;1;2;4;1;6;;999;999;999;2;15;2;1;997;1;999;2;40;1;4;1;40;1;4;40;4;2;3;2;3;;;;;;
1431;2;1;2;2;3;3;2;2;1;3;995;995;995;995;995;995;995;995;1;1;1;1;1;1;1;999;999;999;999;999;999;999;999;999;999;999;999;999;4;1;1;1;0;0;0;0;0;5;995;995;995;995;995;995;995;995;995;995;995;995;995;995;1;1;995;995;995;995;995;995;995;2;2;0;0;0;0;1;0;3;2;995;1;999;999;999;999;999;999;999;999;999;999;999;999;2;995;2;4;995;;999;999;999;4;22;6;6;3;1;2;2;43;2;8;1;43;1;8;43;8;4;3;4;4;;;;;;
1432;2;2;1;2;1;1;1;1;2;1;1;0;0;1;1;0;0;0;1;2;3;3;4;4;3;3;1;3;3;3;3;1;1;1;1;1;1;4;3;3;3;1;1;1;0;0;0;4;995;995;995;995;995;995;995;995;995;995;995;995;995;995;2;995;995;995;995;995;995;995;995;2;2;0;0;1;0;0;0;2;2;995;4;2;2;1;1;1;3;2;2;2;2;2;3;1;1;3;4;995;;BAILLEUL  NEUVILLE;BAILLEULNEUVILLE;3;2;21;6;2;997;1;2;2;44;1;5;1;44;1;5;44;5;3;3;2;4;;;;;;
1433;2;1;2;2;1;1;2;2;1;1;1;0;1;1;0;0;0;0;2;2;1;2;5;2;3;3;3;3;4;3;1;2;2;2;3;2;1;2;2;2;3;0;0;1;0;1;0;3;995;995;995;995;995;995;995;995;995;995;995;995;995;995;1;2;1;0;1;0;0;0;0;2;2;0;0;0;1;0;0;3;2;995;4;2;2;2;2;2;1;2;2;2;2;2;2;1;2;4;2;995;;NOTRE DAME DE GRAVENCHON;NOTREDAMEDEGRAVENCHON;3;3;18;997;997;2;1;999;2;57;1;4;1;57;1;4;57;4;2;4;3;4;;;;;;
1434;2;2;3;3;1;1;1;2;1;1;0;0;1;1;0;0;0;0;2;5;3;2;5;2;2;4;2;2;3;2;1;3;2;2;2;2;2;3;3;999;3;0;1;1;0;1;0;5;995;995;995;995;995;995;995;995;995;995;995;995;995;995;2;995;995;995;995;995;995;995;995;999;2;0;0;0;1;0;0;3;2;995;3;2;1;2;1;1;2;2;2;2;2;2;2;1;2;3;1;3;;NEUFCHATEL EN BRAY;NEUFCHATELENBRAY;3;3;15;2;1;997;1;999;2;38;1;5;1;38;1;5;38;5;3;2;3;3;;;;;;
1435;2;2;2;2;1;1;1;1;1;1;1;0;1;1;0;0;0;0;1;2;2;1;5;5;2;1;1;1;4;4;1;1;1;1;3;3;1;4;4;4;3;1;1;0;1;0;0;4;995;995;995;995;995;995;995;995;995;995;995;995;995;995;2;995;995;995;995;995;995;995;995;3;2;0;0;0;0;0;0;1;2;995;3;1;1;1;1;1;3;2;2;2;2;3;3;1;1;4;2;995;;LE TRAIT;LETRAIT;3;2;10;997;997;997;1;999;2;34;1;5;1;34;2;5;34;5;3;2;2;2;;;;;;
1436;2;2;2;2;1;2;1;2;2;3;995;995;995;995;995;995;995;995;1;5;2;3;5;2;5;4;3;3;4;3;4;3;1;1;3;2;3;3;2;2;3;0;0;0;0;0;1;5;995;995;995;995;995;995;995;995;995;995;995;995;995;995;2;995;995;995;995;995;995;995;995;2;1;0;1;0;0;0;0;3;999;999;4;2;2;2;2;2;3;2;2;2;2;2;3;1;2;2;2;995;;EPREVILLE;EPREVILLE;3;2;8;997;997;997;1;999;2;29;1;4;1;29;1;4;29;4;2;1;2;2;;;;;;
1437;2;2;3;1;1;1;1;1;1;1;1;0;1;0;1;1;0;0;1;5;2;2;5;2;5;4;1;3;4;3;4;3;1;2;3;2;3;3;3;5;3;1;0;1;1;0;0;4;995;995;995;995;995;995;995;995;995;995;995;995;995;995;2;995;995;995;995;995;995;995;995;2;2;0;0;0;1;0;0;3;2;995;2;2;2;2;2;3;3;2;2;2;2;3;3;1;2;2;2;995;;ELETOT3;ELETOT3;3;3;11;997;997;997;1;999;2;35;1;6;1;35;1;6;35;6;3;2;3;2;;;;;;
1438;2;2;2;2;2;2;2;1;1;1;1;0;1;1;1;0;0;0;1;3;2;2;5;2;5;3;2;3;4;2;4;1;2;1;3;1;3;3;3;5;3;1;1;0;0;1;0;5;995;995;995;995;995;995;995;995;995;995;995;995;995;995;2;995;995;995;995;995;995;995;995;4;2;0;0;0;0;1;0;1;2;995;4;2;2;2;1;2;3;2;2;2;2;2;3;1;2;3;1;1;;VALMONT;VALMONT;3;2;5;997;997;997;1;2;2;33;1;5;1;33;1;5;33;5;3;2;2;1;;;;;;
1439;2;1;1;1;1;1;1;1;1;1;0;1;1;1;1;0;1;0;1;2;2;1;1;3;1;1;1;1;1;1;2;1;2;1;1;1;2;4;4;5;2;1;1;1;0;0;0;2;1;0;0;1;0;0;0;0;0;0;0;0;0;0;2;995;995;995;995;995;995;995;995;4;2;0;0;0;1;0;0;1;1;1;2;2;2;2;1;1;3;2;2;2;2;2;3;1;2;4;1;4;;DENESTANVILLE;DENESTANVILLE;3;2;21;5;1;997;1;999;2;47;1;4;1;47;999;4;47;4;2;3;2;4;;;;;;
1440;2;1;2;2;1;1;2;1;1;1;1;0;1;1;0;0;0;0;2;999;999;999;999;999;999;999;999;999;999;999;999;999;999;999;999;999;999;999;3;2;3;1;0;0;1;1;0;5;995;995;995;995;995;995;995;995;995;995;995;995;995;995;1;2;1;0;0;0;0;0;0;999;999;0;0;0;0;0;0;999;999;999;3;999;999;1;1;1;999;999;999;999;999;999;999;1;2;4;4;995;;BORDEAUX SAINT CLAIR;BORDEAUXSAINTCLAIR;3;1;23;6;997;997;1;2;2;54;1;5;1;54;1;5;54;5;3;4;1;4;;;;;;
1441;2;2;3;2;3;1;2;1;2;3;995;995;995;995;995;995;995;995;2;5;3;5;5;5;5;4;3;4;4;4;4;3;2;3;3;3;3;2;2;2;3;0;0;0;0;1;0;5;995;995;995;995;995;995;995;995;995;995;995;995;995;995;2;995;995;995;995;995;995;995;995;3;2;0;0;0;0;1;0;3;2;995;2;2;2;2;2;2;3;2;2;2;2;3;3;1;2;3;1;4;;LA HOUSSAYE BERANGER;LAHOUSSAYEBERANGER;3;1;2;997;997;997;1;999;2;31;1;5;1;31;1;5;31;5;3;2;1;1;;;;;;
1442;2;3;2;2;1;1;1;1;2;1;1;1;0;1;0;0;0;0;1;3;1;2;2;5;5;3;1;1;1;1;1;1;1;1;1;1;1;3;3;5;3;1;0;0;1;1;0;4;995;995;995;995;995;995;995;995;995;995;995;995;995;995;2;995;995;995;995;995;995;995;995;999;999;0;0;0;0;0;0;999;999;999;999;999;999;999;999;999;999;999;999;999;999;999;999;999;999;999;2;995;;LE HAVRE ROUELLE;LEHAVREROUELLE;1;2;21;6;3;997;1;999;2;43;1;5;1;43;1;5;43;5;3;3;2;4;;;;;;
1443;2;2;3;1;3;1;2;2;1;1;0;1;1;0;0;1;0;0;2;5;2;3;5;2;4;4;3;3;4;3;3;3;2;2;3;2;2;1;2;3;1;1;0;1;1;0;0;5;995;995;995;995;995;995;995;995;995;995;995;995;995;995;2;995;995;995;995;995;995;995;995;2;2;0;0;0;1;0;0;2;2;995;2;2;2;2;1;1;3;2;2;2;2;2;3;1;2;3;1;1;;SAINT PAER;SAINTPAER;3;2;8;997;997;997;1;999;1;34;1;5;2;34;1;5;34;5;3;2;2;2;;;;;;
1444;2;2;2;2;3;3;1;1;2;1;0;0;1;0;0;0;0;0;2;5;2;3;5;4;5;4;1;3;4;3;4;3;2;2;3;2;3;2;3;3;3;0;0;0;0;1;0;4;995;995;995;995;995;995;995;995;995;995;995;995;995;995;2;995;995;995;995;995;995;995;995;3;2;0;0;0;1;0;0;999;999;999;2;2;2;2;2;2;3;2;2;2;2;2;3;1;2;3;1;2;;MARTIGNY;MARTIGNY;3;2;9;997;997;997;1;999;2;31;1;6;1;31;1;6;31;6;3;2;2;2;;;;;;
1445;2;2;2;2;1;1;1;1;2;1;1;1;1;0;0;0;0;0;1;3;3;3;3;3;3;3;3;3;3;3;3;3;3;3;3;3;3;3;3;2;3;0;0;1;0;0;0;4;995;995;995;995;995;995;995;995;995;995;995;995;995;995;1;995;995;995;995;995;995;995;995;999;999;0;0;0;0;0;0;999;999;999;999;999;999;999;999;999;999;999;999;999;999;999;999;999;999;999;1;1;;TOURVILLE SUR ARQUES;TOURVILLESURARQUES;3;2;19;6;2;997;1;999;2;50;1;5;1;50;1;5;50;5;3;4;2;4;;;;;;
1446;2;1;2;1;1;1;1;2;1;1;0;1;0;0;0;1;0;0;1;2;3;2;3;3;2;1;1;3;3;3;3;1;1;1;1;1;1;2;3;1;3;0;1;1;0;0;0;5;995;995;995;995;995;995;995;995;995;995;995;995;995;995;2;995;995;995;995;995;995;995;995;2;2;1;0;0;0;0;0;1;2;995;4;2;2;2;1;999;999;2;2;2;1;3;3;1;2;3;1;1;;PENLY;PENLY;3;3;18;2;4;1;1;999;2;39;1;5;1;39;1;8;39;8;4;2;3;4;;;;;;
1447;2;4;2;3;1;1;1;1;3;1;0;1;1;1;0;0;0;0;1;999;999;999;999;999;999;999;999;999;999;999;999;999;999;999;999;999;999;3;3;1;3;0;0;0;0;1;0;5;995;995;995;995;995;995;995;995;995;995;995;995;995;995;2;995;995;995;995;995;995;995;995;4;2;0;0;0;1;0;0;1;2;995;4;2;2;2;2;1;999;2;2;2;2;2;999;1;2;4;1;4;;SAINT AUBIN SUR SCIE;SAINTAUBINSURSCIE;2;2;23;6;5;997;1;999;2;55;1;2;1;55;1;2;55;2;1;4;2;4;;;;;;
1448;2;2;3;2;3;1;1;1;1;1;1;0;0;1;1;0;0;0;1;5;2;5;999;5;5;4;1;4;4;4;4;3;1;3;3;3;3;3;3;5;2;1;0;0;0;1;0;5;995;995;995;995;995;995;995;995;995;995;995;995;995;995;1;2;1;0;0;0;0;0;0;2;2;0;0;0;1;0;0;3;999;999;3;2;2;2;2;2;2;999;999;999;999;999;999;1;2;4;1;1;;OFFRANVILLE;OFFRANVILLE;3;2;3;997;997;997;1;999;2;31;1;5;1;31;1;5;31;5;3;2;2;1;;;;;;
1449;2;2;3;2;3;3;2;2;1;3;995;995;995;995;995;995;995;995;2;5;1;1;5;4;1;4;3;2;3;3;2;3;2;2;3;2;2;3;4;4;2;1;1;0;1;0;0;4;995;995;995;995;995;995;995;995;995;995;995;995;995;995;2;995;995;995;995;995;995;995;995;1;2;1;0;0;0;0;0;3;2;995;2;2;1;2;1;1;2;2;1;2;1;1;2;1;1;4;1;1;;SAINT PIERRE DES JONQUIERES;SAINTPIERREDESJONQUIERES;3;4;19;4;997;997;1;2;2;38;1;6;1;38;1;6;38;6;3;2;4;4;;;;;;
1450;2;2;1;1;1;1;2;2;1;1;1;0;1;1;0;0;0;0;2;3;3;3;3;3;3;3;1;1;3;3;3;1;2;1;2;1;1;1;3;5;3;1;0;0;1;1;0;3;995;995;995;995;995;995;995;995;995;995;995;995;995;995;2;995;995;995;995;995;995;995;995;2;2;0;0;0;0;1;0;1;1;4;4;2;2;1;1;1;1;2;2;1;1;1;1;1;2;4;2;995;;LE HAVRE;LEHAVRE;1;5;23;6;6;6;1;2;2;54;2;8;1;54;2;8;54;8;4;4;4;4;;;;;;
1451;2;2;2;2;1;1;2;2;2;1;0;1;0;0;1;1;0;0;999;999;3;3;3;3;2;999;3;3;3;3;3;2;2;2;2;2;2;2;3;1;3;0;0;1;0;0;0;4;995;995;995;995;995;995;995;995;995;995;995;995;995;995;2;995;995;995;995;995;995;995;995;3;2;0;0;0;0;1;0;3;2;995;2;2;2;2;1;2;1;999;999;999;999;999;999;1;2;3;1;1;;LILLEBONNE;LILLEBONNE;2;3;20;6;5;1;1;1;2;50;1;4;1;50;1;4;50;4;2;4;3;4;;;;;;
1452;2;1;3;2;1;1;1;1;1;1;1;1;0;0;1;0;0;0;1;3;3;2;1;3;3;1;1;1;1;3;1;1;1;1;1;1;1;2;2;1;3;0;0;1;0;1;0;5;995;995;995;995;995;995;995;995;995;995;995;995;995;995;2;995;995;995;995;995;995;995;995;3;1;0;0;0;0;1;0;3;1;4;1;2;3;2;2;2;3;2;3;2;2;2;3;1;2;4;2;995;;NOTRE DAME DE GRAVENCHON;NOTREDAMEDEGRAVENCHON;3;2;20;5;2;997;1;2;2;47;2;8;1;47;1;8;47;8;4;3;2;4;;;;;;
1453;2;1;1;3;1;3;1;1;1;1;1;0;0;1;0;0;0;0;1;4;3;4;4;4;2;3;3;3;3;3;1;1;2;2;2;2;1;4;4;4;3;1;1;1;0;0;0;5;995;995;995;995;995;995;995;995;995;995;995;995;995;995;1;1;995;995;995;995;995;995;995;2;2;1;0;0;0;0;0;2;1;4;2;2;2;2;2;2;2;2;2;2;2;2;2;1;2;4;1;4;;INCHEVILLE;INCHEVILLE;3;3;16;2;997;997;1;999;1;39;2;8;2;39;2;8;39;8;4;2;3;3;;;;;;
1454;2;2;3;1;3;2;2;2;3;3;995;995;995;995;995;995;995;995;1;5;3;2;5;5;5;4;3;3;4;4;4;3;2;1;3;3;3;2;1;1;1;0;0;1;0;1;0;5;995;995;995;995;995;995;995;995;995;995;995;995;995;995;2;995;995;995;995;995;995;995;995;4;1;0;0;1;0;0;0;3;2;995;4;2;2;2;2;2;3;2;2;2;2;2;3;1;2;3;1;6;;SAINT PIERRE LES ELBEUF;SAINTPIERRELESELBEUF;2;2;8;997;997;997;1;2;2;33;1;5;1;33;1;5;33;5;3;2;2;2;;;;;;
1455;2;2;2;2;1;1;1;1;2;1;1;0;1;0;0;0;0;0;1;2;2;999;1;2;2;2;2;999;999;999;1;1;1;999;999;999;999;1;3;3;2;1;0;0;1;0;0;999;2;995;995;995;995;995;995;995;995;995;995;995;995;995;2;995;995;995;995;995;995;995;995;999;999;0;0;0;0;0;0;999;999;999;999;999;999;999;1;1;999;2;2;2;2;2;2;1;2;3;2;995;;LA CHAUSSEE;LACHAUSSEE;3;1;18;997;997;997;1;2;2;48;1;5;1;48;1;5;48;5;3;3;1;4;;;;;;
1456;2;2;999;2;1;1;1;1;2;1;1;0;0;1;0;0;0;0;2;999;2;1;1;3;2;2;3;2;2;3;3;1;999;1;1;3;1;3;3;5;3;1;0;0;1;0;0;4;995;995;995;995;995;995;995;995;995;995;995;995;995;995;2;995;995;995;995;995;995;995;995;3;1;0;0;0;1;0;0;2;2;995;2;2;2;2;2;2;3;2;2;2;2;2;3;1;2;4;2;995;;LE HAVRE;LEHAVRE;1;1;17;5;997;997;1;2;2;49;2;8;1;49;1;8;49;8;4;3;1;3;;;;;;
1457;2;2;999;999;3;1;2;2;2;3;995;995;995;995;995;995;995;995;2;5;3;3;5;5;3;4;3;3;4;4;3;3;1;1;3;3;1;2;2;2;3;0;1;0;0;0;0;5;995;995;995;995;995;995;995;995;995;995;995;995;995;995;2;995;995;995;995;995;995;995;995;4;1;0;0;0;1;0;0;3;2;995;4;2;2;2;2;2;2;2;2;2;2;2;2;1;2;4;2;995;;CLEON;CLEON;2;1;13;1;997;997;1;2;2;50;1;6;1;50;1;6;50;6;3;4;1;3;;;;;;
1458;2;2;3;2;1;1;1;1;2;1;1;1;0;1;0;0;1;0;1;3;1;3;5;2;1;3;1;3;4;3;1;2;1;2;3;2;1;3;3;5;2;1;1;0;0;1;0;1;1;0;1;0;0;0;0;0;0;0;0;0;0;0;2;995;995;995;995;995;995;995;995;2;2;0;0;0;1;0;0;2;1;4;3;1;1;1;1;2;3;2;2;2;2;2;3;1;2;2;1;3;;BRETTEVILLE DU GRAND CAUX;BRETTEVILLEDUGRANDCAUX;3;2;17;3;997;997;1;999;2;38;1;5;1;38;1;5;38;5;3;2;2;3;;;;;;
1459;2;2;2;2;1;1;1;1;2;1;1;1;0;0;0;0;0;0;1;5;5;5;5;5;5;4;4;4;4;4;4;3;3;3;3;3;3;3;3;5;2;0;0;0;1;0;0;5;995;995;995;995;995;995;995;995;995;995;995;995;995;995;999;999;995;995;995;995;995;995;995;999;2;0;0;0;0;0;1;999;2;995;2;3;3;3;3;3;3;3;3;3;3;3;3;1;2;2;2;995;;SASSETOT LE MAUCONDUIT;SASSETOTLEMAUCONDUIT;3;2;21;6;6;997;1;2;2;46;2;8;1;46;1;8;46;8;4;3;2;4;;;;;;
1460;2;1;2;1;1;1;1;1;2;1;1;1;1;0;1;0;0;0;1;999;2;1;1;1;1;1;1;2;2;2;2;1;1;2;2;2;2;2;2;1;3;0;0;0;0;1;0;5;995;995;995;995;995;995;995;995;995;995;995;995;995;995;2;995;995;995;995;995;995;995;995;2;2;0;0;0;1;0;0;2;2;995;999;2;2;2;2;2;3;2;2;2;2;2;3;1;2;3;999;999;;SOTTEVILLE LES ROUEN;SOTTEVILLELESROUEN;1;2;20;6;1;997;1;2;1;52;1;5;2;52;1;5;52;5;3;4;2;4;;;;;;
1461;2;2;1;1;3;1;2;2;2;1;1;1;1;0;0;0;0;1;2;1;2;1;2;1;1;3;3;3;3;3;3;2;2;2;2;2;2;2;2;2;3;0;0;0;1;0;0;3;995;995;995;995;995;995;995;995;995;995;995;995;995;995;2;995;995;995;995;995;995;995;995;3;2;0;0;0;1;0;0;3;2;995;2;2;2;1;2;2;999;2;2;2;2;2;2;1;2;3;1;6;;MONTIVILLIERS;MONTIVILLIERS;2;3;23;6;5;5;1;2;2;52;2;8;1;52;1;8;52;8;4;4;3;4;;;;;;
1462;2;2;2;2;1;1;1;1;2;1;1;0;0;1;0;0;0;0;2;2;2;3;2;2;2;2;2;3;2;2;2;2;1;2;2;1;1;1;1;1;3;0;0;0;0;1;0;4;995;995;995;995;995;995;995;995;995;995;995;995;995;995;1;2;1;0;0;0;0;0;0;999;1;0;1;0;0;0;0;1;2;995;3;2;2;2;2;2;3;2;2;2;2;2;3;1;2;3;1;4;;LILLEBONNE;LILLEBONNE;2;2;24;5;6;997;1;2;2;46;1;5;1;46;1;5;46;5;3;3;2;4;;;;;;
1463;2;2;1;1;1;1;1;1;1;1;1;0;1;1;0;0;0;0;1;3;2;3;3;3;3;3;3;3;3;3;3;2;2;2;2;2;2;3;3;2;3;0;0;1;0;0;0;5;995;995;995;995;995;995;995;995;995;995;995;995;995;995;2;995;995;995;995;995;995;995;995;4;2;0;0;0;0;1;0;3;2;995;4;2;2;2;2;2;999;999;999;999;999;999;3;1;2;3;4;995;;PAVILLY;PAVILLY;2;3;14;997;997;997;1;2;2;35;1;5;1;35;1;5;35;5;3;2;3;3;;;;;;
1464;2;1;2;2;1;1;2;2;1;1;1;0;1;1;0;0;0;0;999;5;2;2;5;5;5;3;3;3;4;4;4;2;2;2;3;3;3;2;4;5;2;1;1;1;0;0;0;2;1;1;0;0;0;0;0;0;0;0;0;0;0;0;1;1;995;995;995;995;995;995;995;3;2;0;0;0;1;0;0;3;2;995;4;1;2;2;1;3;3;2;2;2;2;3;3;1;2;3;2;995;;FECAMP;FECAMP;2;2;7;997;997;997;1;1;2;27;2;8;1;27;1;8;27;8;4;1;2;2;;;;;;
1465;2;2;3;2;3;3;2;2;1;1;1;0;1;0;0;0;0;0;2;5;5;5;5;5;5;4;4;4;4;4;4;3;3;3;3;3;3;2;3;2;3;0;0;0;0;1;0;3;995;995;995;995;995;995;995;995;995;995;995;995;995;995;2;995;995;995;995;995;995;995;995;2;2;0;0;0;0;0;0;3;2;995;4;2;2;2;1;1;999;2;2;2;3;3;999;1;2;3;3;995;;PISSY POVILLE;PISSYPOVILLE;3;2;22;6;6;997;1;999;2;51;1;4;1;51;2;4;51;4;2;4;2;4;;;;;;
1466;2;1;1;1;1;1;1;1;1;1;1;1;1;1;0;0;0;0;1;1;1;1;1;1;1;3;3;3;3;3;3;2;2;2;2;2;2;3;1;1;1;1;1;1;0;0;0;4;995;995;995;995;995;995;995;995;995;995;995;995;995;995;2;995;995;995;995;995;995;995;995;2;2;0;0;0;0;1;0;3;1;4;2;2;2;2;2;2;2;2;2;2;2;2;2;1;2;4;1;6;;LE HAVRE;LEHAVRE;1;3;15;3;1;997;1;999;1;37;1;6;2;37;2;6;37;6;3;2;3;3;;;;;;
1467;2;999;2;2;3;1;2;2;2;3;995;995;995;995;995;995;995;995;2;2;3;3;2;2;3;3;3;3;3;3;3;2;2;1;1;2;2;2;2;1;2;0;1;1;0;0;0;5;995;995;995;995;995;995;995;995;995;995;995;995;995;995;2;995;995;995;995;995;995;995;995;3;1;0;0;0;1;0;0;2;2;995;4;2;2;2;2;2;3;2;2;2;2;3;3;1;2;3;1;1;;SAINT AUBIN LES ELBEUF;SAINTAUBINLESELBEUF;2;2;19;5;997;997;1;1;1;48;1;5;2;48;1;5;48;5;3;3;2;4;;;;;;
1468;2;1;1;1;1;1;1;1;1;1;1;0;1;1;0;0;0;0;1;1;1;1;1;5;1;1;1;1;1;1;1;1;1;1;1;1;1;4;4;4;3;1;1;1;0;0;0;2;1;1;0;0;0;0;0;0;0;0;0;0;0;0;2;995;995;995;995;995;995;995;995;3;2;0;0;0;1;0;0;2;2;995;4;2;2;2;1;1;3;2;2;2;2;2;3;1;2;4;4;995;;FONTAINE LE BOURG;FONTAINELEBOURG;3;2;16;1;997;997;1;2;2;42;1;5;1;42;1;5;42;5;3;3;2;3;;;;;;
1469;2;1;4;3;3;3;2;2;1;2;0;0;0;0;0;0;0;0;1;5;2;5;5;5;5;4;2;3;4;3;4;3;1;3;3;2;3;3;3;3;3;1;1;1;0;0;0;4;995;995;995;995;995;995;995;995;995;995;995;995;995;995;2;995;995;995;995;995;995;995;995;4;1;0;1;0;0;0;0;3;2;995;2;2;2;2;2;2;2;999;999;999;999;999;999;1;2;4;1;4;;BACQUEVILLE EN CAUX;BACQUEVILLEENCAUX;3;2;4;997;997;997;1;999;2;36;1;5;1;36;1;5;36;5;3;2;2;1;;;;;;
1470;2;2;2;2;1;1;1;2;1;2;0;0;0;0;0;0;0;0;1;2;2;1;999;2;1;3;1;2;999;1;2;2;1;2;1;1;2;3;3;2;2;1;1;0;0;1;0;3;995;995;995;995;995;995;995;995;995;995;995;995;995;995;1;2;0;0;0;0;0;1;0;3;2;1;0;0;0;0;0;2;1;1;3;1;1;999;1;999;3;2;2;2;2;2;3;1;2;3;2;995;;SERQUEUX;SERQUEUX;3;4;17;2;1;997;1;1;2;39;2;8;1;39;1;8;39;8;4;2;4;3;;;;;;
1471;2;1;3;1;1;2;1;2;1;2;0;0;0;0;0;0;0;0;2;5;3;2;2;1;3;4;1;2;2;2;3;3;1;1;1;1;2;3;4;5;3;1;1;1;0;0;0;4;995;995;995;995;995;995;995;995;995;995;995;995;995;995;2;995;995;995;995;995;995;995;995;4;2;0;0;1;0;0;0;2;2;995;2;2;2;2;1;3;3;2;2;2;3;3;3;1;2;4;1;6;;NOTRE DAME DE BONDEVILLE;NOTREDAMEDEBONDEVILLE;1;3;11;1;997;997;1;999;2;43;1;4;1;43;1;4;43;4;2;3;3;2;;;;;;
1472;2;999;3;2;1;1;2;1;2;1;0;0;1;1;0;0;0;0;1;3;2;1;1;3;3;3;2;2;2;3;3;1;2;1;1;2;2;3;3;2;3;1;0;1;1;0;0;5;995;995;995;995;995;995;995;995;995;995;995;995;995;995;2;995;995;995;995;995;995;995;995;3;2;0;0;0;1;0;0;3;2;995;2;2;2;2;2;2;3;2;2;2;2;2;3;1;2;3;1;3;;ELBEUF SUR SEINE;ELBEUFSURSEINE;3;2;13;997;997;997;1;999;1;39;1;5;2;39;1;5;39;5;3;2;2;3;;;;;;
1473;2;2;3;1;3;3;1;2;3;3;995;995;995;995;995;995;995;995;2;5;3;3;5;3;5;4;3;3;4;3;4;3;2;2;3;2;3;2;2;2;3;0;0;0;0;0;1;5;995;995;995;995;995;995;995;995;995;995;995;995;995;995;2;995;995;995;995;995;995;995;995;999;2;0;0;0;1;0;0;2;2;995;3;2;2;2;2;2;3;2;2;2;2;2;3;1;2;999;2;995;;CLERES;CLERES;3;2;12;997;997;997;1;2;1;41;1;5;2;41;1;5;41;5;3;3;2;3;;;;;;
1474;2;1;3;3;1;1;1;1;1;1;0;0;1;0;0;0;1;0;1;5;1;1;5;3;5;4;1;2;4;3;4;3;1;2;3;3;3;2;2;5;2;0;0;0;0;0;1;5;995;995;995;995;995;995;995;995;995;995;995;995;995;995;2;995;995;995;995;995;995;995;995;999;2;0;0;0;0;0;0;999;999;999;999;2;2;2;2;2;3;2;2;2;2;2;3;1;2;1;999;999;;FESQUES;FESQUES;3;3;7;997;997;997;1;999;2;34;1;5;1;34;1;5;34;5;3;2;3;2;;;;;;
1475;2;3;3;1;1;1;2;1;2;1;0;0;1;1;0;0;0;0;999;3;2;2;5;2;3;3;1;3;4;2;3;1;2;2;3;2;2;3;3;5;3;1;0;0;0;0;0;3;995;995;995;995;995;995;995;995;995;995;995;995;995;995;1;2;1;0;0;0;0;0;0;3;2;0;0;0;0;1;0;2;2;995;4;2;2;2;2;2;3;2;2;2;2;2;3;1;2;3;1;1;;NEUVILLE LES DIEPPE;NEUVILLELESDIEPPE;3;3;7;997;997;997;1;999;2;34;1;3;1;34;1;3;34;3;1;2;3;2;;;;;;
1476;2;1;2;1;3;2;2;1;1;1;1;0;1;0;0;0;0;0;1;2;2;1;5;3;2;2;1;2;2;2;3;1;1;1;2;3;1;3;3;2;2;0;0;0;0;0;1;3;995;995;995;995;995;995;995;995;995;995;995;995;995;995;2;995;995;995;995;995;995;995;995;1;2;0;0;0;0;1;0;3;2;995;2;1;1;2;1;2;3;1;1;2;1;2;3;1;2;4;999;999;;LA BOUILLE;LABOUILLE;3;2;11;1;997;997;1;2;2;39;1;5;1;39;1;5;39;5;3;2;2;2;;;;;;
1477;2;1;3;1;1;1;1;1;2;1;0;1;0;1;0;0;0;0;2;2;1;1;3;1;3;2;2;2;2;2;1;1;2;2;2;2;1;4;3;5;3;1;1;0;0;1;0;3;995;995;995;995;995;995;995;995;995;995;995;995;995;995;1;2;0;0;0;0;0;1;0;4;1;0;0;0;1;0;0;3;2;995;3;2;1;1;1;1;999;2;2;2;2;2;3;1;1;3;1;7;Sans condition de ressources pour tout le monde;SAINT QUENTIN AU BOSC;SAINTQUENTINAUBOSC;3;2;9;997;997;997;1;999;1;31;2;8;2;31;1;8;31;8;4;2;2;2;;;;;;
1478;2;1;2;2;1;1;2;1;1;1;0;0;1;1;0;0;0;0;2;5;5;5;5;5;5;4;4;4;4;4;4;3;3;3;3;3;3;3;3;5;2;0;1;1;1;0;0;5;995;995;995;995;995;995;995;995;995;995;995;995;995;995;2;995;995;995;995;995;995;995;995;4;1;0;0;0;1;0;0;2;2;995;4;1;1;1;2;1;1;2;2;2;2;2;3;1;1;4;2;995;;MALAUNAY;MALAUNAY;2;2;22;6;6;997;1;1;2;47;2;8;1;47;1;8;47;8;4;3;2;4;;;;;;
1479;2;2;3;3;1;3;2;2;2;1;1;0;0;0;0;0;0;0;2;5;5;5;5;5;5;4;4;4;4;4;4;3;3;3;3;3;3;2;2;2;3;1;0;0;0;1;0;3;995;995;995;995;995;995;995;995;995;995;995;995;995;995;2;995;995;995;995;995;995;995;995;3;2;0;0;0;0;1;0;2;2;995;2;2;2;2;2;2;1;2;2;2;2;2;3;1;2;3;4;995;;ROUEN;ROUEN;1;3;23;6;6;6;1;1;2;53;1;4;1;53;2;4;53;4;2;4;3;4;;;;;;
1480;2;1;1;1;1;1;1;1;1;1;1;1;1;0;0;1;0;0;1;2;2;2;2;2;2;1;1;1;1;1;1;1;1;1;1;1;1;3;3;3;3;0;0;0;0;1;0;2;1;1;0;0;0;0;0;0;0;0;0;0;0;0;1;995;995;995;995;995;995;995;995;999;999;0;0;0;0;0;0;999;999;999;999;999;999;999;999;999;999;999;999;999;999;999;999;999;999;999;2;995;;GRAND QUEVILLY;GRANDQUEVILLY;1;2;19;6;3;997;1;999;1;54;1;5;2;54;1;5;54;5;3;4;2;4;;;;;;
1481;2;1;2;2;1;1;1;1;1;3;995;995;995;995;995;995;995;995;1;5;1;2;5;1;1;4;1;1;4;1;1;3;1;1;1;1;1;3;3;5;3;0;0;0;0;1;0;5;995;995;995;995;995;995;995;995;995;995;995;995;995;995;2;995;995;995;995;995;995;995;995;4;2;0;0;1;0;0;0;2;2;995;4;2;2;1;1;1;3;2;2;2;3;3;3;1;1;3;1;1;;GRAND QUEVILLY;GRANDQUEVILLY;1;2;2;997;997;997;1;999;1;30;1;6;2;30;1;6;30;6;3;2;2;1;;;;;;
1482;2;1;2;2;1;1;2;1;1;999;1;0;0;1;0;0;0;0;1;3;1;2;5;2;2;3;2;2;4;2;1;1;2;1;1;1;1;3;3;2;3;1;0;1;1;0;0;4;995;995;995;995;995;995;995;995;995;995;995;995;995;995;2;995;995;995;995;995;995;995;995;2;2;0;0;0;0;0;1;2;2;995;3;2;1;1;2;1;3;2;2;2;2;2;3;1;2;4;1;4;;DEVILLE LES ROUEN;DEVILLELESROUEN;1;2;15;2;997;997;1;999;2;42;1;5;1;42;1;5;42;5;3;3;2;3;;;;;;
1483;2;1;1;1;2;1;2;1;1;2;0;0;0;0;0;0;0;0;2;2;1;1;2;3;1;1;3;3;3;4;2;1;2;2;2;3;2;4;2;1;2;0;0;0;0;1;0;4;995;995;995;995;995;995;995;995;995;995;995;995;995;995;2;995;995;995;995;995;995;995;995;999;2;0;0;1;0;0;0;2;2;995;1;2;2;2;2;3;3;999;999;999;999;999;999;1;2;3;3;995;;HARFLEUR;HARFLEUR;1;1;17;3;997;997;1;999;2;37;1;5;1;37;1;5;37;5;3;2;1;3;;;;;;
1484;2;1;2;1;3;1;1;1;1;1;1;0;1;1;0;0;0;0;1;2;2;2;2;2;2;1;1;1;1;3;3;1;1;1;1;2;2;3;2;2;3;0;0;1;0;1;0;5;995;995;995;995;995;995;995;995;995;995;995;995;995;995;2;995;995;995;995;995;995;995;995;2;2;0;0;0;1;0;0;2;2;995;1;2;2;2;2;2;3;2;2;2;2;2;3;1;2;4;2;995;;LE HAVRE;LEHAVRE;1;2;15;2;997;997;1;999;2;40;1;5;1;40;1;5;40;5;3;3;2;3;;;;;;
1485;2;4;4;4;3;3;1;1;3;3;995;995;995;995;995;995;995;995;2;2;2;2;2;2;2;2;2;2;2;3;2;1;1;1;1;1;1;1;2;1;1;0;0;0;0;0;1;4;995;995;995;995;995;995;995;995;995;995;995;995;995;995;2;995;995;995;995;995;995;995;995;1;2;0;0;0;0;1;0;3;1;3;2;2;2;2;2;2;2;999;999;999;999;999;999;1;2;1;3;995;;999;999;999;2;20;5;5;997;1;999;1;51;1;3;2;51;1;3;51;3;1;4;2;4;;;;;;
1486;2;2;3;999;1;1;1;1;2;1;1;1;0;1;0;0;0;0;2;3;3;2;5;5;2;999;999;999;999;999;999;2;2;1;3;3;2;2;3;5;2;1;0;1;0;1;0;3;995;995;995;995;995;995;995;995;995;995;995;995;995;995;2;995;995;995;995;995;995;995;995;4;2;0;0;0;0;1;0;2;2;995;2;2;2;2;2;1;1;2;2;2;2;1;3;1;2;3;2;995;;BIHOREL;BIHOREL;1;3;23;6;6;1;1;2;2;47;1;5;1;47;1;5;47;5;3;3;3;4;;;;;;
1487;2;2;2;3;3;3;2;2;3;1;1;0;1;1;0;1;1;0;2;4;2;3;5;2;4;3;3;3;4;1;3;1;2;1;3;2;1;1;2;2;3;0;0;1;0;0;0;5;995;995;995;995;995;995;995;995;995;995;995;995;995;995;2;995;995;995;995;995;995;995;995;1;1;0;0;0;1;0;0;2;2;995;3;2;2;2;1;3;3;2;2;2;2;3;3;1;2;3;2;995;;SAINT PIERRE LES ELBEUF;SAINTPIERRELESELBEUF;2;2;16;2;997;997;1;1;2;46;1;3;1;46;1;3;46;3;1;3;2;3;;;;;;
1488;2;1;1;1;1;1;1;1;1;1;1;0;1;1;0;1;1;0;1;1;1;1;1;1;1;999;2;2;2;1;1;1;1;1;1;1;1;3;3;2;3;0;1;0;0;0;0;3;995;995;995;995;995;995;995;995;995;995;995;995;995;995;2;995;995;995;995;995;995;995;995;3;2;0;0;0;0;0;0;999;2;995;1;1;1;1;1;1;1;999;999;999;999;999;999;1;2;4;999;999;;999;999;999;2;19;6;2;997;1;999;1;47;1;5;2;47;1;5;47;5;3;3;2;4;;;;;;
1489;2;2;4;2;3;1;1;2;3;1;0;0;0;1;0;0;0;1;2;5;5;5;5;5;5;4;4;4;4;4;4;3;3;3;3;3;3;1;2;2;3;0;0;1;0;0;0;5;995;995;995;995;995;995;995;995;995;995;995;995;995;995;2;995;995;995;995;995;995;995;995;2;2;0;0;0;0;0;1;2;2;995;4;2;1;2;1;2;3;3;3;3;3;3;3;1;2;4;3;995;;MONT SAINT AIGNAN;MONTSAINTAIGNAN;1;3;23;6;6;6;1;1;1;49;1;5;2;49;2;5;49;5;3;3;3;4;;;;;;
1490;2;2;3;2;1;1;1;1;1;1;1;0;1;0;0;0;0;0;1;2;1;3;3;2;3;1;1;1;1;1;1;3;1;3;3;1;3;3;3;5;3;1;1;0;0;1;0;4;995;995;995;995;995;995;995;995;995;995;995;995;995;995;2;995;995;995;995;995;995;995;995;2;1;0;1;0;0;0;0;1;2;995;2;2;2;2;2;3;3;2;2;2;2;3;3;2;995;4;1;1;;BOIS GUILLAUME;BOISGUILLAUME;1;2;5;997;997;997;1;999;2;28;1;5;1;28;1;5;28;5;3;1;2;1;;;;;;
1491;2;2;2;2;3;3;1;1;2;1;1;0;1;1;0;0;0;0;2;3;3;2;5;3;4;3;1;1;4;3;3;1;1;1;3;2;2;3;3;999;3;0;1;0;1;1;0;4;995;995;995;995;995;995;995;995;995;995;995;995;995;995;2;995;995;995;995;995;995;995;995;3;2;0;0;0;1;0;0;3;2;995;4;1;1;1;1;1;1;2;2;2;2;2;2;1;1;4;1;4;;SAINT AUBIN LES ELBEUF;SAINTAUBINLESELBEUF;2;2;20;3;2;997;1;999;2;46;1;5;1;46;1;5;46;5;3;3;2;4;;;;;;
1492;2;2;3;3;3;3;1;2;2;1;1;0;0;0;0;1;0;0;1;5;3;3;5;2;5;4;2;2;4;1;4;3;1;1;3;1;3;2;2;2;1;0;0;0;0;1;0;5;995;995;995;995;995;995;995;995;995;995;995;995;995;995;1;2;1;0;0;0;0;0;0;3;1;0;1;0;0;0;0;3;999;999;4;1;2;2;2;2;3;2;2;2;2;2;3;1;2;3;2;995;;OISSEL;OISSEL;2;2;7;997;997;997;1;999;2;30;1;5;1;30;1;5;30;5;3;2;2;2;;;;;;
1493;2;2;2;2;1;1;1;1;2;1;0;0;1;1;0;1;0;0;2;1;2;2;2;2;3;3;1;3;3;1;3;2;2;1;1;2;1;3;2;2;2;0;0;1;1;0;0;4;995;995;995;995;995;995;995;995;995;995;995;995;995;995;2;995;995;995;995;995;995;995;995;3;1;0;1;0;0;0;0;2;1;1;2;2;2;2;2;2;2;2;2;2;3;3;3;1;2;999;2;995;;SAINT JACQUES SUR DARNETAL;SAINTJACQUESSURDARNETAL;3;3;20;5;5;5;1;999;2;55;1;3;1;55;1;3;55;3;1;4;3;4;;;;;;
1494;2;1;2;1;1;1;1;1;1;1;1;0;0;1;1;0;0;0;1;5;1;5;5;5;3;4;1;4;4;4;1;3;1;3;3;3;1;4;3;5;3;0;0;0;1;1;0;5;995;995;995;995;995;995;995;995;995;995;995;995;995;995;2;995;995;995;995;995;995;995;995;4;2;0;0;0;0;0;1;1;2;995;4;2;1;2;2;2;3;2;2;2;2;2;3;1;2;4;4;995;;REALCAMP;REALCAMP;3;1;19;6;997;997;1;2;2;52;2;8;1;52;1;8;52;8;4;4;1;4;;;;;;
1495;2;1;1;1;1;1;1;1;1;1;0;0;1;1;0;0;0;0;1;5;1;5;5;5;5;4;2;4;4;4;4;3;1;3;3;3;3;4;4;5;3;1;1;1;0;0;0;4;995;995;995;995;995;995;995;995;995;995;995;995;995;995;2;995;995;995;995;995;995;995;995;3;2;0;0;0;0;0;0;999;999;999;4;2;2;1;2;1;2;2;2;2;2;2;2;2;995;4;2;995;;LE PETIT QUEVILLY;LEPETITQUEVILLY;1;1;1;997;997;997;1;999;1;29;1;6;2;29;1;6;29;6;3;1;1;1;;;;;;
1496;2;1;2;1;2;1;2;2;1;1;0;0;1;1;0;0;0;1;2;3;1;2;3;3;3;3;2;3;999;2;3;1;2;3;3;1;3;4;3;3;3;1;1;0;0;0;0;5;995;995;995;995;995;995;995;995;995;995;995;995;995;995;2;995;995;995;995;995;995;995;995;3;1;0;0;0;0;1;0;1;2;995;3;1;2;1;2;2;2;1;1;1;2;2;2;1;2;2;1;1;;ROUEN;ROUEN;1;2;2;997;997;997;1;1;2;26;2;8;1;26;1;8;26;8;4;1;2;1;;;;;;
1497;2;1;1;1;3;1;2;2;2;1;1;0;0;0;0;0;0;0;1;5;2;3;5;3;5;4;1;1;4;3;4;3;1;1;3;1;3;3;3;2;3;0;0;1;0;1;0;4;995;995;995;995;995;995;995;995;995;995;995;995;995;995;2;995;995;995;995;995;995;995;995;2;2;0;0;0;1;0;0;3;2;995;4;2;2;2;2;2;3;2;2;2;2;2;3;1;2;3;4;995;;LE HAVRE;LEHAVRE;1;2;19;6;997;997;1;999;2;40;1;5;1;40;1;5;40;5;3;3;2;4;;;;;;
1498;2;2;2;2;1;1;1;1;2;1;1;1;0;1;0;0;0;0;1;999;1;2;999;2;2;1;1;1;4;1;1;3;1;1;3;1;1;4;4;5;3;1;1;0;1;0;0;5;995;995;995;995;995;995;995;995;995;995;995;995;995;995;2;995;995;995;995;995;995;995;995;2;2;0;0;0;0;0;1;3;2;995;3;1;1;1;1;1;2;1;2;2;2;2;3;1;2;3;1;6;;OURVILLE EN CAUX;OURVILLEENCAUX;3;3;13;997;997;997;1;999;2;34;1;5;1;34;1;5;34;5;3;2;3;3;;;;;;
1499;2;2;2;2;1;1;1;1;2;1;1;1;0;1;0;0;0;0;1;999;1;2;999;2;2;1;1;1;4;1;1;3;1;1;3;1;1;4;4;5;3;1;1;0;1;0;0;5;995;995;995;995;995;995;995;995;995;995;995;995;995;995;2;995;995;995;995;995;995;995;995;2;2;0;0;0;0;0;1;3;2;995;3;1;1;1;1;1;2;1;2;2;2;2;3;1;2;3;1;6;;OURVILLE EN CAUX;OURVILLEENCAUX;3;3;13;997;997;997;1;999;2;34;1;5;1;34;1;5;34;5;3;2;3;3;;;;;;
1500;2;2;2;2;1;1;1;1;1;1;1;1;1;1;0;1;0;0;1;3;2;3;2;3;2;2;2;2;3;3;2;2;1;2;2;1;1;3;3;4;3;1;1;0;0;1;0;2;1;0;0;1;0;0;0;0;0;0;0;0;0;0;2;995;995;995;995;995;995;995;995;3;2;0;0;0;0;1;0;3;1;4;3;2;2;2;2;2;3;2;2;2;2;2;3;999;999;4;1;2;;MONTVILLE;MONTVILLE;2;3;24;3;6;6;1;999;2;50;1;5;1;50;1;5;50;5;3;4;3;4;;;;;;
1501;2;2;3;3;1;1;2;1;1;1;0;0;1;1;0;0;1;0;2;3;2;2;5;3;2;1;3;1;3;1;3;1;2;2;1;1;2;3;3;1;2;0;0;1;0;0;0;3;995;995;995;995;995;995;995;995;995;995;995;995;995;995;1;2;1;0;0;0;0;0;0;2;1;0;0;0;1;0;0;1;2;995;3;2;2;2;2;2;3;2;2;2;2;2;3;1;2;2;2;995;;MALAUNAY;MALAUNAY;2;2;18;2;1;997;1;999;2;48;1;4;1;48;1;4;48;4;2;3;2;4;;;;;;
1502;2;2;2;2;3;1;2;1;2;1;0;0;1;1;0;0;0;0;1;5;3;2;5;5;5;4;1;3;4;4;4;3;1;1;3;3;3;3;3;5;3;1;1;0;1;0;0;1;1;0;0;0;0;1;0;0;0;0;0;0;0;0;2;995;995;995;995;995;995;995;995;3;2;0;1;0;0;0;0;2;2;995;2;2;2;1;2;3;3;2;2;1;2;3;3;1;2;3;1;6;;SAINT AUBIN LES ELBEUF;SAINTAUBINLESELBEUF;2;2;6;997;997;997;1;999;2;27;1;5;1;27;1;5;27;5;3;1;2;2;;;;;;
1503;2;2;2;2;1;1;2;1;2;1;0;0;1;1;0;0;1;0;2;5;3;5;5;5;5;4;1;4;4;4;4;3;1;3;3;3;3;3;3;5;3;1;0;0;1;0;0;3;995;995;995;995;995;995;995;995;995;995;995;995;995;995;2;995;995;995;995;995;995;995;995;3;2;0;1;0;0;0;0;2;2;995;2;1;1;1;2;3;3;2;2;2;2;3;3;1;2;3;1;2;;SAINT ETIENNE DU ROUVRAY;SAINTETIENNEDUROUVRAY;1;1;0;997;997;997;1;2;2;26;1;5;1;26;1;5;26;5;3;1;1;1;;;;;;
1504;2;2;2;1;1;1;1;1;1;1;1;1;1;1;0;0;1;0;1;5;2;3;5;2;3;4;1;1;4;1;1;3;1;1;3;1;1;4;4;5;999;1;0;1;1;0;0;2;1;0;0;1;0;0;0;0;0;0;0;0;0;0;1;1;995;995;995;995;995;995;995;3;2;0;1;0;0;0;0;3;2;995;4;1;1;1;1;2;3;2;2;2;2;3;3;1;2;3;1;4;;GRAND COURONNE;GRANDCOURONNE;2;2;6;997;997;997;1;999;2;31;1;5;1;31;1;5;31;5;3;2;2;2;;;;;;
1505;2;1;3;1;1;1;1;1;2;1;1;0;0;1;0;0;0;0;1;5;3;2;5;4;3;4;3;1;4;3;3;3;2;2;3;2;2;1;3;1;3;0;0;0;0;1;0;4;995;995;995;995;995;995;995;995;995;995;995;995;995;995;2;995;995;995;995;995;995;995;995;1;2;0;1;0;0;0;0;2;1;4;4;2;1;1;1;1;1;3;3;3;3;3;3;1;2;4;2;995;;999;999;999;5;;6;6;6;1;1;2;48;1;5;1;48;1;5;48;5;3;3;4;1;;;;;;
1506;2;2;3;2;3;1;2;2;1;1;1;1;1;1;0;1;0;0;999;1;3;2;5;2;2;3;3;3;4;2;4;1;1;2;3;2;2;2;3;2;1;1;0;1;0;1;0;2;1;0;0;0;0;0;0;0;1;0;0;0;0;0;1;2;1;0;0;0;0;0;0;2;1;0;0;1;0;0;0;2;2;995;4;2;2;1;1;2;3;2;2;2;2;2;3;1;2;4;1;2;;ROUEN;ROUEN;1;2;8;997;997;997;1;999;1;37;1;4;2;37;1;4;37;4;2;2;2;2;;;;;;
1507;2;999;2;2;1;1;1;1;2;1;0;0;1;1;0;1;0;0;1;5;3;3;5;2;5;4;1;3;4;3;4;3;1;2;3;2;3;3;3;3;3;0;0;1;0;1;0;5;995;995;995;995;995;995;995;995;995;995;995;995;995;995;2;995;995;995;995;995;995;995;995;3;2;0;0;0;0;1;0;2;2;995;2;2;2;2;2;2;3;2;2;2;2;2;3;1;2;3;2;995;;MONT SAINT AIGNAN;MONTSAINTAIGNAN;1;2;12;997;997;997;1;999;1;44;1;3;2;44;1;3;44;3;1;3;2;3;;;;;;
1508;2;1;3;1;2;2;1;1;1;1;1;1;1;1;0;0;0;0;1;2;2;2;5;1;2;2;1;2;4;2;2;1;1;1;3;1;1;4;4;3;3;1;1;0;1;0;0;2;1;0;0;0;0;0;0;0;0;0;0;1;0;0;2;995;995;995;995;995;995;995;995;3;2;0;1;0;0;0;0;3;2;995;4;2;2;2;1;1;3;2;2;2;2;2;3;1;1;3;4;995;;AUBERVILLE LA RENAULT;AUBERVILLELARENAULT;3;4;15;4;997;997;1;2;2;42;1;5;1;42;1;5;42;5;3;3;4;3;;;;;;
1509;2;2;3;2;1;1;2;2;2;2;0;0;0;0;0;0;0;0;2;2;3;3;5;3;2;2;3;3;4;3;2;2;2;2;3;2;2;2;2;1;3;0;0;0;0;0;1;5;995;995;995;995;995;995;995;995;995;995;995;995;995;995;1;2;1;0;0;0;0;0;0;2;1;0;0;0;1;0;0;3;2;995;2;2;2;2;2;2;3;2;2;2;2;2;3;1;2;2;1;3;;ROUEN;ROUEN;1;1;18;5;997;997;1;999;2;54;1;5;1;54;1;5;54;5;3;4;1;4;;;;;;
1510;2;1;999;2;999;1;2;999;1;2;0;0;0;0;0;0;0;0;1;999;999;1;999;999;999;999;2;2;999;999;999;999;999;2;999;999;999;3;3;2;3;1;0;1;1;0;0;5;995;995;995;995;995;995;995;995;995;995;995;995;995;995;2;995;995;995;995;995;995;995;995;3;2;1;0;0;0;0;0;2;2;995;3;1;999;1;1;999;999;1;999;1;1;999;999;1;2;4;999;1;;LE TREPORT;LETREPORT;2;3;24;6;6;1;1;999;2;50;1;5;1;50;1;5;50;5;3;4;3;4;;;;;;
1511;2;2;3;3;1;1;2;2;1;1;1;0;1;0;0;0;1;0;2;5;5;5;5;5;5;4;4;4;4;4;4;3;3;3;3;3;3;3;2;2;3;0;1;0;0;1;0;5;995;995;995;995;995;995;995;995;995;995;995;995;995;995;2;995;995;995;995;995;995;995;995;4;2;0;0;0;0;0;0;3;1;4;4;999;1;999;1;999;1;999;999;999;999;999;999;1;2;4;999;999;;BONSECOURS;BONSECOURS;1;2;24;6;6;997;1;1;2;50;1;5;1;50;2;5;50;5;3;4;2;4;;;;;;
1512;2;2;2;1;1;1;1;2;1;999;1;0;0;1;0;0;1;0;999;3;2;2;2;2;2;1;1;2;2;2;2;2;2;2;3;2;2;3;3;5;3;1;0;1;1;0;0;3;995;995;995;995;995;995;995;995;995;995;995;995;995;995;2;995;995;995;995;995;995;995;995;3;2;0;0;0;0;1;0;2;2;995;3;2;2;2;2;2;3;2;2;2;2;2;3;1;2;4;1;7;Bon pour la santé, le transport;FECAMP;FECAMP;2;2;11;997;997;997;1;999;1;42;1;5;2;42;1;5;42;5;3;3;2;2;;;;;;
1513;2;1;2;1;1;1;1;1;1;1;1;0;1;1;0;0;0;0;1;2;1;2;2;2;2;1;1;1;1;1;1;1;1;1;1;1;1;4;1;3;3;1;0;0;0;0;0;5;995;995;995;995;995;995;995;995;995;995;995;995;995;995;2;995;995;995;995;995;995;995;995;4;2;1;0;0;0;0;0;1;2;995;4;1;1;1;1;2;999;2;2;2;2;999;999;1;2;4;1;4;;LA VIEUX RUE;LAVIEUXRUE;3;3;11;997;997;997;1;999;2;42;2;8;1;42;1;8;42;8;4;3;3;2;;;;;;
1514;2;3;2;2;1;1;2;1;2;1;0;0;1;1;0;1;0;0;1;5;2;999;2;1;5;4;1;3;1;3;4;3;1;2;1;2;3;3;2;3;3;0;0;0;0;1;0;3;995;995;995;995;995;995;995;995;995;995;995;995;995;995;2;995;995;995;995;995;995;995;995;2;2;0;0;0;0;1;0;2;2;995;3;2;2;2;1;2;3;2;2;2;2;2;2;1;2;3;1;3;;SOTTEVILLE LES ROUEN;SOTTEVILLELESROUEN;1;2;10;997;997;997;1;999;2;39;1;5;1;39;1;5;39;5;3;2;2;2;;;;;;
1515;2;2;1;2;1;1;1;1;2;1;1;0;1;1;0;0;0;0;1;1;1;3;2;1;2;2;2;3;2;2;2;1;1;1;2;2;2;3;4;3;2;0;0;0;1;1;0;4;995;995;995;995;995;995;995;995;995;995;995;995;995;995;1;1;995;995;995;995;995;995;995;1;2;1;0;0;0;0;0;2;1;4;3;999;2;2;2;1;2;999;2;2;2;2;2;1;2;4;4;995;;YVETOT;YVETOT;2;3;18;997;1;997;1;1;2;37;2;8;1;37;2;8;37;8;4;2;3;4;;;;;;
1516;2;2;2;1;1;1;1;1;2;1;1;0;0;0;0;1;1;0;1;2;3;2;3;2;2;2;1;1;1;2;3;1;1;1;1;1;1;3;2;5;1;0;1;0;1;1;0;5;995;995;995;995;995;995;995;995;995;995;995;995;995;995;2;995;995;995;995;995;995;995;995;1;2;0;0;0;0;1;0;3;2;995;4;2;2;2;2;1;3;2;2;2;2;3;3;1;2;3;1;2;;QUINCAMPOIX;QUINCAMPOIX;2;2;15;2;997;997;1;999;1;46;1;5;2;46;999;5;46;5;3;3;2;3;;;;;;
1517;2;2;2;2;1;1;1;1;1;2;0;0;0;0;0;0;0;0;1;5;2;2;5;2;2;4;1;1;4;2;2;3;1;1;3;1;1;4;3;3;2;1;1;1;0;0;0;4;995;995;995;995;995;995;995;995;995;995;995;995;995;995;2;995;995;995;995;995;995;995;995;2;1;0;0;0;0;0;1;2;2;995;3;1;1;1;2;2;3;2;2;2;2;2;2;1;2;4;1;4;;ALLOUVILLE BELLEFOSSE;ALLOUVILLEBELLEFOSSE;3;2;13;997;997;997;1;2;2;38;1;5;1;38;1;5;38;5;3;2;2;3;;;;;;
1518;2;1;1;1;1;1;2;1;1;1;0;1;1;1;1;0;1;0;1;5;2;3;5;3;5;4;1;3;4;3;4;3;1;1;1;999;3;2;3;2;3;0;0;1;0;1;0;5;995;995;995;995;995;995;995;995;995;995;995;995;995;995;2;995;995;995;995;995;995;995;995;2;1;0;1;0;0;0;0;2;2;995;3;2;2;2;2;1;3;2;2;2;2;3;3;1;2;4;1;6;;CROIX MARE;CROIXMARE;3;2;10;997;997;997;1;999;2;38;1;4;1;38;1;4;38;4;2;2;2;2;;;;;;
1519;2;1;1;1;1;1;1;1;1;1;1;1;1;1;0;0;1;0;1;5;5;5;5;5;5;4;4;4;4;4;4;3;3;3;3;3;3;4;4;4;3;1;0;1;1;0;0;2;1;1;0;0;0;0;0;0;0;0;0;0;0;0;2;995;995;995;995;995;995;995;995;999;2;0;0;0;0;1;0;3;2;995;4;1;1;1;1;1;3;999;999;999;999;999;999;2;995;4;2;995;;MONT SAINT AIGNAN;MONTSAINTAIGNAN;1;1;22;4;997;997;1;999;1;51;1;6;2;51;2;6;51;6;3;4;1;4;;;;;;
1520;2;2;1;1;3;1;1;1;2;1;1;0;1;0;0;1;0;0;1;5;2;2;5;1;1;3;1;1;4;1;1;2;1;2;3;2;2;2;2;5;1;0;0;1;0;0;0;5;995;995;995;995;995;995;995;995;995;995;995;995;995;995;2;995;995;995;995;995;995;995;995;999;1;0;0;0;1;0;0;1;2;995;4;2;2;2;2;1;3;2;1;2;2;3;3;1;2;3;1;3;;BLAINVILLE CREVON;BLAINVILLECREVON;3;2;8;997;997;997;1;999;1;43;1;3;2;43;1;3;43;3;1;3;2;2;;;;;;
1521;2;2;2;2;2;2;1;1;2;2;0;0;0;0;0;0;0;0;1;3;2;2;3;2;2;3;1;1;3;2;1;1;1;1;1;1;1;2;3;2;2;0;0;0;0;1;0;1;1;0;0;0;0;0;0;0;0;0;1;0;0;0;2;995;995;995;995;995;995;995;995;3;2;0;0;0;1;0;0;3;2;995;2;2;2;2;2;2;2;999;999;999;999;999;999;1;2;3;4;995;;LANQUETOT;LANQUETOT;3;3;18;2;1;1;1;999;2;40;1;4;1;40;1;4;40;4;2;3;3;4;;;;;;
1522;2;1;1;2;2;2;1;1;2;2;0;0;0;0;0;0;0;0;2;2;2;2;2;2;2;3;3;3;999;3;3;1;2;1;999;2;2;2;999;1;3;0;0;1;0;0;0;5;995;995;995;995;995;995;995;995;995;995;995;995;995;995;2;995;995;995;995;995;995;995;995;999;2;0;0;0;0;0;1;3;2;995;4;2;2;2;2;2;2;2;2;2;2;2;2;1;2;999;4;995;;VIRVILLE;VIRVILLE;3;1;12;1;997;997;1;999;2;48;1;3;1;48;1;3;48;3;1;3;1;3;;;;;;
1523;2;1;1;1;1;1;999;999;1;1;1;0;1;0;0;0;0;0;2;999;999;999;999;999;999;999;999;999;999;999;999;999;999;999;999;999;999;999;999;999;2;0;0;0;0;1;0;2;1;0;0;0;0;1;0;0;0;0;0;0;0;0;999;2;0;0;0;1;0;1;0;3;999;0;0;0;0;0;0;999;999;999;2;2;2;1;1;1;3;999;999;999;999;999;999;1;2;3;999;999;;LE HAVRE;LEHAVRE;1;5;;6;6;6;1;1;2;52;1;4;1;52;1;4;52;4;2;4;4;1;;;;;;
1524;2;1;3;1;1;2;2;2;2;1;1;0;1;1;1;0;0;0;2;2;2;2;5;2;2;2;2;2;4;2;2;2;2;2;3;2;2;3;3;1;3;0;0;0;0;1;0;5;995;995;995;995;995;995;995;995;995;995;995;995;995;995;2;995;995;995;995;995;995;995;995;3;2;0;1;0;0;0;0;2;2;995;2;2;2;2;1;1;3;2;2;2;1;3;3;1;2;2;2;995;;LE HAVRE;LEHAVRE;1;1;16;2;997;997;1;999;2;47;1;5;1;47;1;5;47;5;3;3;1;3;;;;;;
1525;2;2;2;1;3;3;2;2;2;1;1;1;0;0;0;0;0;0;1;3;2;3;5;2;2;3;1;1;4;3;3;2;1;1;3;2;2;3;1;3;3;0;0;1;0;1;0;3;995;995;995;995;995;995;995;995;995;995;995;995;995;995;2;995;995;995;995;995;995;995;995;3;2;0;0;0;0;0;1;2;2;995;3;3;3;1;1;1;3;3;3;1;1;2;3;1;2;3;4;995;;999;999;999;3;11;1;997;997;1;999;2;34;2;8;1;34;1;8;34;8;4;2;3;2;;;;;;
1526;2;2;4;4;3;3;2;2;2;3;995;995;995;995;995;995;995;995;2;3;3;4;5;2;3;3;3;3;4;3;3;2;2;2;3;2;2;3;3;2;3;0;0;0;0;0;1;5;995;995;995;995;995;995;995;995;995;995;995;995;995;995;2;995;995;995;995;995;995;995;995;1;2;0;0;0;0;1;0;3;2;995;2;2;2;2;2;2;3;2;2;2;2;2;3;1;2;2;2;995;;LE HAVRE;LEHAVRE;1;1;19;3;997;997;1;2;2;44;1;5;1;44;1;5;44;5;3;3;1;4;;;;;;
1527;2;1;2;1;1;1;999;1;1;1;1;0;1;0;0;0;0;0;2;2;3;5;5;999;3;1;1;4;4;4;1;1;1;3;3;3;1;2;4;2;1;0;0;0;0;1;0;5;995;995;995;995;995;995;995;995;995;995;995;995;995;995;2;995;995;995;995;995;995;995;995;3;2;0;0;0;1;0;0;2;2;995;4;2;3;2;2;2;3;2;3;2;2;2;3;1;2;4;1;4;;TOURVILLE SUR ARQUES;TOURVILLESURARQUES;3;2;15;1;3;997;1;2;2;40;1;5;1;40;1;5;40;5;3;3;2;3;;;;;;
1528;2;2;2;1;1;1;1;1;1;999;0;0;1;1;0;0;0;0;1;999;2;2;3;2;2;3;1;3;3;3;3;999;999;999;999;999;999;3;3;5;3;1;0;0;0;0;0;5;995;995;995;995;995;995;995;995;995;995;995;995;995;995;2;995;995;995;995;995;995;995;995;4;2;0;0;0;1;0;0;3;999;999;3;2;2;999;1;3;3;2;2;999;2;3;3;1;2;3;4;995;;LE HAVRE;LEHAVRE;1;2;7;997;997;997;1;999;2;29;1;5;1;29;1;5;29;5;3;1;2;2;;;;;;
1529;2;2;2;2;3;1;2;2;1;1;1;1;0;1;1;0;0;0;2;3;3;2;3;3;3;3;3;3;3;3;3;2;2;2;2;2;2;3;2;1;3;0;0;1;0;0;0;5;995;995;995;995;995;995;995;995;995;995;995;995;995;995;2;995;995;995;995;995;995;995;995;3;1;0;1;0;0;0;0;3;2;995;4;2;2;2;2;2;3;2;2;2;2;2;3;1;2;4;4;995;;LE HAVRE;LEHAVRE;1;4;24;6;6;5;1;999;2;50;1;4;1;50;1;4;50;4;2;4;4;4;;;;;;
1530;2;1;1;1;1;1;1;1;1;1;1;0;0;1;0;0;0;0;2;2;4;1;1;2;2;2;1;2;2;2;2;2;1;2;2;2;2;4;3;999;999;0;0;0;0;1;0;4;995;995;995;995;995;995;995;995;995;995;995;995;995;995;2;995;995;995;995;995;995;995;995;999;2;0;0;0;1;0;0;1;2;995;3;2;1;1;2;2;3;2;2;2;2;3;3;1;2;3;1;2;;999;999;999;2;17;997;997;997;1;999;2;33;1;5;1;33;1;5;33;5;3;2;2;3;;;;;;
1531;2;2;3;2;3;3;1;2;3;3;995;995;995;995;995;995;995;995;2;5;2;2;5;5;5;4;3;3;4;4;4;3;2;2;3;3;3;3;3;5;2;0;1;0;0;1;0;5;995;995;995;995;995;995;995;995;995;995;995;995;995;995;1;1;995;995;995;995;995;995;995;2;2;1;0;0;0;0;0;2;2;995;3;1;1;2;2;2;3;2;2;2;2;2;3;1;2;3;1;1;;BARENTIN;BARENTIN;2;2;3;997;997;997;1;2;2;29;2;8;1;29;2;8;29;8;4;1;2;1;;;;;;
1532;2;2;2;2;1;1;1;1;2;3;995;995;995;995;995;995;995;995;2;5;3;3;5;2;5;4;3;3;4;3;4;3;2;2;3;2;3;3;3;5;2;0;1;0;1;1;0;2;1;0;0;0;0;0;0;0;0;0;1;0;0;0;2;995;995;995;995;995;995;995;995;4;2;0;0;0;1;0;0;2;2;995;2;2;2;2;2;2;3;2;2;2;2;2;3;1;2;4;1;4;;PETIT QUEVILLY;PETITQUEVILLY;1;2;9;997;997;997;1;999;1;36;1;5;2;36;1;5;36;5;3;2;2;2;;;;;;
1533;2;1;2;2;1;1;1;1;1;1;1;1;0;1;0;0;0;0;2;4;1;1;1;2;2;3;1;1;1;1;1;2;1;1;1;1;1;4;4;4;1;0;1;0;1;1;0;2;1;0;0;0;0;0;1;0;0;0;0;0;0;0;1;1;995;995;995;995;995;995;995;3;2;0;0;0;1;0;0;2;2;995;4;1;1;2;1;2;999;2;1;2;1;2;3;1;1;3;1;4;;BERVILLE;BERVILLE;3;3;17;4;1;1;1;999;2;48;1;5;1;48;1;5;48;5;3;3;3;3;;;;;;
1534;2;2;2;1;1;1;2;2;1;1;1;0;0;0;0;0;0;0;2;1;2;2;5;2;2;1;1;1;1;1;1;1;1;1;1;1;1;2;3;3;2;0;1;0;0;1;0;5;995;995;995;995;995;995;995;995;995;995;995;995;995;995;2;995;995;995;995;995;995;995;995;3;1;0;0;0;1;0;0;2;2;995;2;2;2;2;2;2;2;999;999;999;999;999;999;1;2;3;1;4;;BARENTIN;BARENTIN;2;3;10;997;997;997;1;999;1;41;1;4;2;41;1;4;41;4;2;3;3;2;;;;;;
1535;2;1;1;1;1;1;2;2;2;1;1;0;0;1;0;0;0;0;2;1;2;2;2;1;3;1;1;2;1;1;1;1;1;2;1;1;2;3;3;5;3;0;0;1;0;1;0;5;995;995;995;995;995;995;995;995;995;995;995;995;995;995;1;2;0;0;0;0;0;1;0;999;1;0;0;0;1;0;0;3;2;995;4;2;2;2;1;1;999;2;2;2;3;3;999;1;2;4;2;995;;OISSEL;OISSEL;2;2;22;5;5;997;1;999;2;47;1;5;1;47;1;5;47;5;3;3;2;4;;;;;;
1536;2;2;2;1;1;1;1;1;2;1;0;0;1;1;0;0;0;0;1;3;2;3;1;3;2;3;3;3;2;3;3;1;1;1;1;1;1;3;3;5;3;1;0;0;0;1;0;5;995;995;995;995;995;995;995;995;995;995;995;995;995;995;2;995;995;995;995;995;995;995;995;3;2;1;0;0;0;0;0;3;2;995;3;2;2;2;2;2;2;2;2;2;2;2;2;1;2;4;999;999;;OISSEL;OISSEL;2;1;20;5;997;997;1;999;1;60;2;7;2;60;1;7;60;7;4;4;1;4;;;;;;
1537;2;2;3;3;2;2;2;2;3;1;0;1;1;1;0;0;0;0;1;3;3;2;1;3;3;1;1;999;2;1;3;1;1;2;1;1;1;3;3;2;3;0;0;0;0;1;0;5;995;995;995;995;995;995;995;995;995;995;995;995;995;995;2;995;995;995;995;995;995;995;995;2;1;0;0;0;1;0;0;2;1;4;4;2;1;1;2;1;999;2;2;2;2;2;3;1;2;3;1;4;;NEUVILLE LES DIEPPE;NEUVILLELESDIEPPE;3;3;22;6;4;5;1;2;1;56;2;7;2;56;1;7;56;7;4;4;3;4;;;;;;
1538;2;2;2;2;1;1;2;1;3;1;1;1;1;1;0;0;0;0;1;2;3;2;1;3;2;3;3;3;3;3;3;999;999;999;999;999;999;1;2;1;3;0;0;0;0;0;1;5;995;995;995;995;995;995;995;995;995;995;995;995;995;995;1;2;1;0;0;0;0;1;0;999;1;0;1;0;0;0;0;3;2;995;2;2;2;2;2;2;2;999;999;999;999;999;999;1;2;2;1;1;;BELBEUF;BELBEUF;2;2;23;5;5;997;1;1;1;57;1;3;2;57;1;3;57;3;1;4;2;4;;;;;;
1539;2;2;3;2;3;3;2;2;1;2;0;0;0;0;0;0;0;0;2;1;3;2;3;2;4;3;3;3;3;1;1;2;2;2;2;2;2;3;3;5;3;1;0;0;1;0;0;4;995;995;995;995;995;995;995;995;995;995;995;995;995;995;2;995;995;995;995;995;995;995;995;999;1;0;0;0;1;0;0;3;2;995;2;2;2;2;2;3;3;2;2;2;2;2;3;1;2;4;4;995;;AUPPEGARD;AUPPEGARD;3;2;19;5;997;997;1;999;2;44;1;5;1;44;1;5;44;5;3;3;2;4;;;;;;
1540;2;1;2;2;1;1;1;1;1;1;0;0;1;1;0;0;0;0;2;2;2;2;2;3;2;2;1;3;3;3;3;1;1;2;2;2;2;3;3;5;3;0;0;1;0;1;0;3;995;995;995;995;995;995;995;995;995;995;995;995;995;995;2;995;995;995;995;995;995;995;995;999;999;0;0;0;0;0;0;999;999;999;999;999;999;999;999;999;999;999;999;999;999;999;999;999;999;999;999;999;;MELAMARE;MELAMARE;3;3;23;6;5;6;1;999;2;61;2;8;1;61;1;8;61;8;4;4;3;4;;;;;;
1541;2;2;2;1;3;3;2;2;2;1;1;0;0;1;0;0;0;0;2;5;3;5;5;5;5;3;3;4;4;4;4;3;2;3;3;3;3;3;3;2;2;0;0;1;0;1;0;4;995;995;995;995;995;995;995;995;995;995;995;995;995;995;2;995;995;995;995;995;995;995;995;3;1;0;1;0;0;0;0;3;2;995;2;2;2;2;2;2;3;2;3;2;2;3;3;1;2;2;2;995;;OISSEL;OISSEL;2;3;5;997;997;997;1;999;2;29;1;4;1;29;1;4;29;4;2;1;3;1;;;;;;
1542;2;1;2;3;1;1;1;1;2;1;0;0;1;1;0;0;0;0;1;2;3;4;4;3;4;3;3;3;3;3;3;1;1;1;1;1;1;3;4;5;3;1;0;1;1;0;0;5;995;995;995;995;995;995;995;995;995;995;995;995;995;995;2;995;995;995;995;995;995;995;995;4;2;0;0;0;0;1;0;3;2;995;2;2;2;2;2;2;2;2;2;2;2;2;2;1;2;3;4;995;;LA FRESNAYE;LAFRESNAYE;2;1;7;997;997;997;1;999;2;43;2;8;1;43;1;8;43;8;4;3;1;2;;;;;;
1543;2;2;3;2;3;3;1;1;1;3;995;995;995;995;995;995;995;995;1;2;3;3;1;1;1;3;3;1;3;1;1;1;1;1;1;1;1;3;3;2;3;1;0;0;0;0;0;5;995;995;995;995;995;995;995;995;995;995;995;995;995;995;2;995;995;995;995;995;995;995;995;999;1;0;1;0;0;0;0;2;1;1;4;2;2;2;2;2;2;999;999;999;999;999;999;1;2;3;4;995;;GRAND QUEVILLY;GRANDQUEVILLY;1;2;21;6;5;997;1;999;2;48;1;5;1;48;999;5;48;5;3;3;2;4;;;;;;
1544;2;2;2;2;1;1;2;1;2;1;1;0;0;0;0;1;0;0;2;5;2;2;2;3;2;4;1;3;3;3;3;3;1;2;2;1;2;3;3;2;1;0;0;0;0;1;0;4;995;995;995;995;995;995;995;995;995;995;995;995;995;995;2;995;995;995;995;995;995;995;995;999;2;0;0;0;0;1;0;2;2;995;3;2;2;1;2;1;3;2;2;2;3;3;3;1;2;3;1;4;;MONTMAIN;MONTMAIN;3;2;7;997;997;997;1;999;2;33;1;5;1;33;1;5;33;5;3;2;2;2;;;;;;
1545;2;2;3;1;3;1;2;2;2;3;995;995;995;995;995;995;995;995;2;2;3;3;3;2;3;1;3;3;3;1;1;1;2;2;2;1;2;3;3;2;3;0;1;0;0;1;0;3;995;995;995;995;995;995;995;995;995;995;995;995;995;995;2;995;995;995;995;995;995;995;995;3;2;0;0;0;1;0;0;2;2;995;3;2;2;2;1;1;999;2;2;2;2;2;3;1;2;3;2;995;;MALAUNAY;MALAUNAY;2;1;20;5;997;997;1;1;1;67;2;7;2;67;1;7;67;7;4;5;1;4;;;;;;
1546;2;1;3;3;1;1;2;2;1;1;1;1;0;0;1;0;0;0;2;5;3;3;3;4;4;4;1;1;4;1;3;3;1;1;3;1;2;4;4;3;1;1;0;0;1;0;0;4;995;995;995;995;995;995;995;995;995;995;995;995;995;995;2;995;995;995;995;995;995;995;995;3;2;0;1;0;0;0;0;2;2;995;3;1;1;2;1;3;3;2;2;2;1;1;3;1;2;3;1;3;;MAUQUENCHY;MAUQUENCHY;3;3;10;997;997;997;1;999;2;29;1;5;1;29;1;5;29;5;3;1;3;2;;;;;;
1547;2;2;999;3;3;3;2;1;2;3;995;995;995;995;995;995;995;995;2;5;3;3;2;2;2;3;3;3;3;3;4;2;2;2;2;2;1;3;4;2;3;1;1;0;0;0;0;5;995;995;995;995;995;995;995;995;995;995;995;995;995;995;2;995;995;995;995;995;995;995;995;4;2;1;0;0;0;0;0;3;2;995;3;2;2;2;2;2;2;2;2;2;2;2;2;1;2;4;1;2;;CANY BARVILLE;CANYBARVILLE;3;4;11;997;997;997;1;999;1;45;1;1;2;45;2;1;45;1;1;3;4;2;;;;;;
1548;2;2;3;1;3;2;1;1;2;1;0;1;0;0;1;0;1;0;2;5;3;5;5;5;5;4;3;4;4;4;4;3;2;3;3;3;3;2;2;2;2;0;0;1;1;1;0;5;995;995;995;995;995;995;995;995;995;995;995;995;995;995;2;995;995;995;995;995;995;995;995;3;1;0;0;0;0;1;0;3;2;995;4;2;2;2;2;2;3;2;2;2;2;3;3;1;2;3;4;995;;YVETOT;YVETOT;2;1;0;997;997;997;1;2;2;31;1;3;1;31;1;3;31;3;1;2;1;1;;;;;;
1549;2;1;1;1;1;1;1;1;1;1;1;0;0;1;0;0;0;1;1;1;1;1;1;1;1;3;1;2;2;999;3;1;1;2;2;999;999;3;4;3;3;1;1;1;0;0;0;3;995;995;995;995;995;995;995;995;995;995;995;995;995;995;2;995;995;995;995;995;995;995;995;3;2;0;1;0;0;0;0;1;2;995;4;1;1;1;1;1;1;999;999;999;999;999;999;1;2;4;1;6;;GRAND QUEVILLY;GRANDQUEVILLY;1;2;16;6;3;997;1;2;2;52;1;6;1;52;2;6;52;6;3;4;2;3;;;;;;
1550;2;1;3;1;1;1;1;1;1;2;0;0;0;0;0;0;0;0;1;3;999;3;3;2;2;3;1;1;1;1;2;1;1;1;1;1;2;4;4;2;3;1;0;1;0;0;0;4;995;995;995;995;995;995;995;995;995;995;995;995;995;995;2;995;995;995;995;995;995;995;995;3;2;1;0;0;0;0;0;1;1;4;4;2;2;1;2;2;3;2;2;2;2;3;3;1;2;3;4;995;;ROUEN;ROUEN;1;3;23;4;5;2;1;999;2;48;2;8;1;48;1;8;48;8;4;3;3;4;;;;;;
1551;2;2;3;3;3;1;2;1;2;2;0;0;0;0;0;0;0;0;2;5;3;2;3;2;5;4;1;2;1;1;4;3;2;1;3;1;3;3;3;3;2;0;1;0;0;1;0;5;995;995;995;995;995;995;995;995;995;995;995;995;995;995;1;1;995;995;995;995;995;995;995;3;2;0;0;1;0;0;0;999;2;995;3;2;1;2;1;2;3;2;1;2;2;2;3;2;995;3;4;995;;DARNETAL;DARNETAL;1;3;7;997;997;997;1;2;2;28;1;5;1;28;1;5;28;5;3;1;3;2;;;;;;
1552;2;2;2;1;1;1;1;1;1;1;0;1;1;1;0;0;0;0;2;1;2;1;5;3;1;3;3;1;4;3;1;1;1;1;3;1;1;4;2;5;3;1;0;0;1;1;0;2;1;0;0;0;0;0;1;0;0;0;0;0;0;0;2;995;995;995;995;995;995;995;995;2;2;0;0;0;1;0;0;2;2;995;1;2;1;1;1;2;3;2;1;2;2;2;3;1;2;4;2;995;;SAINT LEGER DU BOURG DENIS;SAINTLEGERDUBOURGDENIS;2;2;16;2;1;997;1;999;2;45;1;5;1;45;1;5;45;5;3;3;2;3;;;;;;
1553;2;2;3;3;3;3;2;2;3;3;995;995;995;995;995;995;995;995;2;3;3;3;3;3;3;3;3;3;3;3;2;2;2;2;2;2;2;2;2;2;3;0;0;1;0;1;0;4;995;995;995;995;995;995;995;995;995;995;995;995;995;995;2;995;995;995;995;995;995;995;995;2;1;0;0;0;0;1;0;3;2;995;2;2;2;2;2;2;3;2;2;2;2;2;3;1;2;4;1;6;;SAINT JACQUES SUR DARNETAL;SAINTJACQUESSURDARNETAL;3;3;13;997;997;997;1;999;1;39;1;3;2;39;1;3;39;3;1;2;3;3;;;;;;
1554;2;2;2;2;1;1;1;1;2;1;0;0;1;1;0;0;1;0;2;2;1;2;2;2;1;2;1;1;1;2;2;1;2;2;2;2;2;2;2;2;2;0;0;0;0;1;0;3;995;995;995;995;995;995;995;995;995;995;995;995;995;995;2;995;995;995;995;995;995;995;995;999;1;0;0;0;0;0;1;3;1;1;2;2;2;2;2;2;3;2;2;2;2;2;3;1;2;3;2;995;;MONT SAINT AIGNAN;MONTSAINTAIGNAN;1;3;22;6;6;5;1;2;2;52;1;3;1;52;1;3;52;3;1;4;3;4;;;;;;
1555;2;1;2;1;3;3;2;2;1;3;995;995;995;995;995;995;995;995;2;5;2;2;5;2;5;4;3;3;4;3;4;1;1;1;3;999;999;2;2;2;2;0;0;0;0;1;0;5;995;995;995;995;995;995;995;995;995;995;995;995;995;995;2;995;995;995;995;995;995;995;995;4;2;0;1;0;0;0;0;2;2;995;4;2;2;1;2;2;2;2;2;2;2;2;2;2;995;2;2;995;;BARENTIN;BARENTIN;2;3;7;997;997;997;1;999;2;37;1;5;1;37;1;5;37;5;3;2;3;2;;;;;;
1556;2;2;2;1;1;1;2;2;2;1;0;0;0;1;1;0;0;0;2;2;2;2;2;2;2;999;999;999;999;999;999;999;999;999;999;999;999;3;1;5;2;1;0;0;0;1;0;5;995;995;995;995;995;995;995;995;995;995;995;995;995;995;2;995;995;995;995;995;995;995;995;4;2;0;0;0;0;1;0;999;2;995;4;2;2;2;2;2;2;2;2;2;2;2;2;1;2;3;999;999;;BOIS GUILLAUME;BOISGUILLAUME;1;2;21;6;6;997;1;999;1;54;1;5;2;54;1;5;54;5;3;4;2;4;;;;;;
1557;2;2;2;2;1;1;2;2;2;1;1;0;1;0;0;0;1;0;2;2;2;1;1;1;1;2;1;2;2;1;2;2;2;2;2;1;2;3;3;3;3;0;1;1;1;0;0;999;1;0;0;0;0;0;0;0;0;0;1;0;0;0;2;995;995;995;995;995;995;995;995;3;2;0;1;0;0;0;0;3;1;4;2;2;2;2;2;1;3;2;2;2;2;2;3;1;2;3;1;4;;FECAMP;FECAMP;2;2;20;5;1;997;1;999;2;46;1;5;1;46;1;5;46;5;3;3;2;4;;;;;;
1558;2;2;2;1;1;1;1;1;2;1;1;1;1;1;0;0;0;0;1;5;5;5;5;5;5;4;4;4;4;4;4;3;3;3;3;3;3;3;3;2;3;1;0;0;0;1;0;3;995;995;995;995;995;995;995;995;995;995;995;995;995;995;2;995;995;995;995;995;995;995;995;3;2;1;0;0;0;0;0;1;2;995;4;2;2;2;1;1;1;999;999;999;999;999;999;1;2;4;2;995;;GRAND QUEVILLY;GRANDQUEVILLY;1;2;24;6;6;997;1;999;2;53;1;6;1;53;1;6;53;6;3;4;2;4;;;;;;
1559;2;2;3;2;1;1;1;2;2;1;0;0;1;1;0;0;1;0;1;5;3;5;5;5;5;4;3;4;4;4;4;3;1;3;3;3;3;3;3;5;3;1;1;0;0;1;0;5;995;995;995;995;995;995;995;995;995;995;995;995;995;995;2;995;995;995;995;995;995;995;995;3;2;1;0;0;0;0;0;2;2;995;2;2;2;1;1;1;3;2;2;2;3;3;3;1;2;3;1;2;;SOTTEVILLE LES ROUEN;SOTTEVILLELESROUEN;1;1;2;997;997;997;1;2;2;30;2;8;1;30;1;8;30;8;4;2;1;1;;;;;;
1560;2;1;2;2;1;1;2;1;2;1;0;0;1;1;0;0;0;0;2;999;999;999;999;999;999;3;1;1;3;1;3;999;999;1;999;1;999;3;3;2;3;0;0;0;1;0;0;3;995;995;995;995;995;995;995;995;995;995;995;995;995;995;2;995;995;995;995;995;995;995;995;3;2;1;0;0;0;0;0;2;2;995;4;999;999;999;1;1;999;999;999;999;999;999;999;1;2;3;1;3;;GOUY;GOUY;3;2;6;997;997;997;1;999;2;40;2;8;1;40;1;8;40;8;4;3;2;2;;;;;;
1561;2;1;1;1;1;1;1;1;1;1;1;1;1;1;0;0;0;1;1;999;999;999;1;999;999;3;1;999;1;999;1;2;1;999;1;999;1;3;1;1;3;1;1;1;0;0;0;5;995;995;995;995;995;995;995;995;995;995;995;995;995;995;1;2;0;0;0;0;0;0;0;999;2;0;0;0;1;0;0;999;999;999;3;1;1;1;1;1;1;1;1;1;1;1;999;1;2;4;4;995;;GOURNAY EN BRAY;GOURNAYENBRAY;2;2;20;6;5;997;1;999;2;42;2;8;1;42;2;8;42;8;4;3;2;4;;;;;;
1562;2;2;1;2;1;1;1;1;1;1;0;0;1;1;1;1;0;0;1;2;2;3;2;1;2;2;2;3;2;2;2;2;1;1;1;1;1;2;2;5;3;0;0;0;0;1;0;4;995;995;995;995;995;995;995;995;995;995;995;995;995;995;2;995;995;995;995;995;995;995;995;2;2;0;0;0;1;0;0;1;1;4;2;2;2;1;2;2;3;2;2;2;2;2;3;1;2;3;1;7;Mauvaise répartition des aides entre les enfants : moins d'aide s'il ne reste qu'un enfant;ISNEAUVILLE;ISNEAUVILLE;2;3;23;5;5;2;1;999;1;51;1;3;2;51;2;3;51;3;1;4;3;4;;;;;;
1563;2;1;1;1;1;3;2;2;1;1;1;1;1;0;0;0;0;0;1;5;1;1;5;5;5;3;3;3;4;4;3;1;1;1;3;3;2;3;4;5;3;1;0;0;0;1;0;5;995;995;995;995;995;995;995;995;995;995;995;995;995;995;2;995;995;995;995;995;995;995;995;3;2;0;0;1;0;0;0;3;2;995;3;3;3;3;3;3;3;3;3;3;3;3;3;1;2;4;1;6;;LILLEBONNE;LILLEBONNE;2;2;10;997;997;997;1;999;1;37;1;6;2;37;1;6;37;6;3;2;2;2;;;;;;
1564;2;2;2;2;1;1;2;2;2;1;0;0;0;0;1;0;0;1;1;3;3;3;3;3;2;1;1;1;4;3;3;1;1;1;3;1;1;2;2;3;2;0;0;0;0;1;0;5;995;995;995;995;995;995;995;995;995;995;995;995;995;995;2;995;995;995;995;995;995;995;995;3;2;0;0;0;0;1;0;2;2;995;2;2;2;2;2;2;3;2;2;2;2;2;3;1;2;3;1;6;;FECAMP;FECAMP;2;3;19;6;2;997;1;999;2;39;1;5;1;39;1;5;39;5;3;2;3;4;;;;;;
1565;2;2;2;2;1;1;1;1;2;1;0;0;1;0;0;0;1;0;2;3;3;3;999;3;3;4;1;2;4;2;2;3;1;1;3;2;2;3;2;5;3;1;0;1;0;1;0;5;995;995;995;995;995;995;995;995;995;995;995;995;995;995;2;995;995;995;995;995;995;995;995;999;999;0;0;0;0;0;0;999;999;999;999;999;999;999;999;999;999;999;999;999;999;999;999;999;999;999;4;995;;TRIQUERVILLE;TRIQUERVILLE;3;2;13;997;997;997;1;999;2;38;1;5;1;38;1;5;38;5;3;2;2;3;;;;;;
1566;2;2;1;1;1;1;1;1;2;1;1;0;1;1;0;0;1;0;2;5;2;3;3;2;2;3;1;3;3;1;3;1;1;1;1;1;2;2;3;2;3;0;0;1;0;1;0;3;995;995;995;995;995;995;995;995;995;995;995;995;995;995;2;995;995;995;995;995;995;995;995;2;2;0;0;0;1;0;0;3;2;995;2;2;2;2;2;2;2;999;999;999;999;999;999;1;2;3;2;995;;GAINNEVILLE;GAINNEVILLE;2;2;21;5;2;997;1;2;2;47;1;5;1;47;1;5;47;5;3;3;2;4;;;;;;
1567;2;2;2;2;1;1;1;1;2;1;1;1;0;0;0;0;0;0;2;5;2;2;5;2;2;4;1;3;4;1;3;3;1;2;3;1;2;2;2;2;2;0;0;1;0;0;0;999;2;995;995;995;995;995;995;995;995;995;995;995;995;995;2;995;995;995;995;995;995;995;995;4;1;0;1;0;0;0;0;2;2;995;2;2;2;2;2;999;999;2;2;2;2;3;3;1;2;4;1;4;;DARNETAL;DARNETAL;1;3;11;997;997;997;1;999;2;39;1;5;1;39;1;5;39;5;3;2;3;2;;;;;;
1568;2;3;2;3;3;3;2;2;2;3;995;995;995;995;995;995;995;995;2;3;3;4;5;5;5;3;3;3;3;3;3;2;2;2;2;2;2;3;3;5;1;0;0;0;0;1;0;4;995;995;995;995;995;995;995;995;995;995;995;995;995;995;1;2;0;0;0;0;0;0;1;1;2;0;0;0;0;1;0;3;2;995;4;2;2;2;2;2;2;2;2;2;2;2;2;2;995;2;4;995;;GRAND QUEVILLY;GRANDQUEVILLY;1;2;22;6;5;997;1;999;1;47;1;5;2;47;1;5;47;5;3;3;2;4;;;;;;
1569;2;2;2;1;3;3;1;1;2;1;1;0;1;1;0;0;0;0;999;5;5;5;5;5;5;4;4;4;4;4;4;3;3;3;3;3;3;2;2;2;3;0;0;0;0;1;0;3;995;995;995;995;995;995;995;995;995;995;995;995;995;995;1;2;1;0;0;0;0;0;0;2;2;0;0;0;1;0;0;3;1;1;1;2;2;2;1;1;3;2;2;2;2;2;3;1;2;3;1;3;;BELBEUF;BELBEUF;2;4;;6;6;6;1;1;2;61;2;7;1;61;2;7;61;7;4;4;4;1;;;;;;
1570;2;1;1;1;1;1;1;1;1;2;0;0;0;0;0;0;0;0;1;2;2;1;1;5;4;2;1;2;2;4;3;1;1;1;1;2;2;4;3;5;3;1;1;0;1;0;0;2;1;0;0;1;0;0;0;0;0;0;0;0;0;0;2;995;995;995;995;995;995;995;995;2;2;0;1;0;0;0;0;2;2;995;3;2;2;1;2;2;2;2;2;1;2;2;2;1;2;4;2;995;;MESNIL SOUS JUMIEGES;MESNILSOUSJUMIEGES;3;2;18;3;997;997;1;999;1;47;1;6;2;47;1;6;47;6;3;3;2;4;;;;;;
1571;2;1;1;1;3;3;1;1;1;1;1;0;1;1;0;0;0;0;2;2;2;2;5;5;3;3;3;3;4;3;3;3;3;3;3;3;3;4;4;5;3;1;1;1;0;0;0;5;995;995;995;995;995;995;995;995;995;995;995;995;995;995;1;1;995;995;995;995;995;995;995;3;2;0;0;0;1;0;0;2;2;995;4;1;1;1;1;1;3;1;1;1;1;1;3;2;995;3;1;2;;MAULEVRIER SAINTE GERTRUDE;MAULEVRIERSAINTEGERTRUDE;3;4;14;997;997;997;1;999;2;37;2;8;1;37;1;8;37;8;4;2;4;3;;;;;;
1572;2;1;2;1;1;1;1;1;1;1;1;0;0;1;0;0;0;0;1;2;2;2;1;2;2;3;1;1;3;3;3;2;1;999;2;1;1;3;1;2;2;1;1;0;1;0;0;4;995;995;995;995;995;995;995;995;995;995;995;995;995;995;2;995;995;995;995;995;995;995;995;1;2;0;0;0;1;0;0;1;2;995;1;2;2;1;2;1;1;2;2;2;2;2;2;1;2;4;2;995;;LE HAVRE;LEHAVRE;1;2;19;6;5;997;1;999;2;52;2;8;1;52;1;8;52;8;4;4;2;4;;;;;;
1573;2;1;1;1;1;1;1;1;1;1;1;0;0;1;0;0;0;0;1;999;1;1;1;1;1;1;1;999;1;1;1;1;1;2;1;1;2;3;3;5;3;0;1;1;1;0;0;2;1;1;0;0;0;0;0;0;0;0;0;0;0;0;2;995;995;995;995;995;995;995;995;3;2;0;1;0;0;0;0;3;999;999;4;1;1;1;1;1;999;1;1;1;999;999;999;1;1;4;2;995;;GODERVILLE;GODERVILLE;3;3;14;1;1;1;1;999;1;44;1;5;2;44;1;5;44;5;3;3;3;3;;;;;;
1574;2;2;1;1;1;1;1;1;1;1;1;0;0;1;0;0;1;0;2;3;2;2;5;2;2;3;1;3;3;1;3;2;2;2;3;1;2;3;2;5;3;0;0;0;0;1;0;2;1;0;0;0;0;1;0;0;0;0;0;0;0;0;2;995;995;995;995;995;995;995;995;4;1;0;1;0;0;0;0;2;1;4;4;2;1;1;2;2;3;2;2;2;2;2;3;1;2;3;1;6;;TOTES;TOTES;3;3;17;2;3;4;1;999;2;40;1;5;1;40;1;5;40;5;3;3;3;3;;;;;;
1575;2;1;2;2;1;1;2;2;2;1;0;0;1;1;0;0;1;0;2;5;2;5;2;5;5;4;4;4;1;4;4;3;3;3;3;3;3;3;2;5;3;0;0;1;0;1;0;5;995;995;995;995;995;995;995;995;995;995;995;995;995;995;2;995;995;995;995;995;995;995;995;3;2;0;0;0;1;0;0;3;2;995;4;2;2;2;2;1;3;2;2;2;2;2;3;1;2;3;2;995;;LE HAVRE;LEHAVRE;1;2;24;6;5;997;1;999;2;59;1;5;1;59;2;5;59;5;3;4;2;4;;;;;;
1576;2;2;3;2;1;3;1;2;2;1;1;0;1;0;0;0;1;0;2;2;2;2;2;2;2;3;1;2;2;1;2;2;2;2;2;2;2;3;3;1;3;0;1;0;0;1;0;4;995;995;995;995;995;995;995;995;995;995;995;995;995;995;2;995;995;995;995;995;995;995;995;999;999;0;0;0;0;0;0;999;999;999;999;999;999;999;999;999;999;999;999;999;999;999;999;999;999;999;1;6;;ROUEN;ROUEN;1;4;20;3;5;2;1;999;1;55;1;5;2;55;2;5;55;5;3;4;4;4;;;;;;
1577;2;2;2;1;2;2;2;1;1;1;0;0;0;1;0;0;0;0;999;3;1;2;2;4;3;2;2;2;2;1;3;2;2;2;2;2;2;3;3;2;3;1;0;0;0;0;0;3;995;995;995;995;995;995;995;995;995;995;995;995;995;995;2;995;995;995;995;995;995;995;995;4;2;0;0;0;1;0;0;1;2;995;4;2;2;2;1;2;1;2;2;2;2;2;3;1;2;4;1;4;;MONTIVILLIERS;MONTIVILLIERS;2;2;16;2;1;997;1;999;1;45;1;6;2;45;1;6;45;6;3;3;2;3;;;;;;
1578;2;1;2;2;1;1;2;2;1;1;1;1;1;1;1;0;0;0;2;5;2;1;5;2;2;4;1;1;4;3;1;3;2;1;3;2;2;1;2;1;3;0;0;0;0;1;0;2;1;0;0;0;0;0;0;1;0;0;0;0;0;0;2;995;995;995;995;995;995;995;995;2;2;0;0;0;0;1;0;2;1;5;4;2;2;2;2;1;3;2;2;2;2;2;3;1;2;4;1;4;;LE HAVRE;LEHAVRE;1;1;13;1;997;997;1;2;2;47;1;3;1;47;1;3;47;3;1;3;1;3;;;;;;
1579;2;2;2;3;1;3;1;2;2;1;0;0;0;0;0;1;1;0;2;1;3;3;1;3;2;3;3;3;3;3;3;2;2;2;2;2;2;1;1;1;2;0;0;0;0;0;1;5;995;995;995;995;995;995;995;995;995;995;995;995;995;995;2;995;995;995;995;995;995;995;995;2;2;0;0;0;0;1;0;3;2;995;2;2;2;2;2;2;2;2;2;2;2;2;2;1;2;2;2;995;;LE HAVRE;LEHAVRE;1;3;18;6;6;5;1;999;2;54;1;4;1;54;1;4;54;4;2;4;3;4;;;;;;
1580;2;2;3;2;1;1;2;2;3;3;995;995;995;995;995;995;995;995;2;5;3;5;5;5;5;4;3;4;4;4;4;3;2;3;3;3;3;2;2;2;3;0;0;1;0;0;0;5;995;995;995;995;995;995;995;995;995;995;995;995;995;995;2;995;995;995;995;995;995;995;995;1;1;0;0;0;1;0;0;3;999;999;3;2;2;2;2;2;3;999;999;999;999;999;999;1;2;3;2;995;;BEUZEVILLE LA GRENIER;BEUZEVILLELAGRENIER;3;1;2;997;997;997;1;999;1;44;1;3;2;44;2;3;44;3;1;3;1;1;;;;;;
1581;2;2;2;2;1;3;1;2;1;1;1;0;1;0;0;0;1;0;2;1;2;2;1;2;2;3;1;3;3;3;1;2;2;1;1;2;2;2;3;3;3;0;0;0;1;0;0;1;1;0;0;0;0;0;1;0;0;0;0;0;0;0;2;995;995;995;995;995;995;995;995;3;2;0;0;0;1;0;0;2;2;995;3;2;2;2;2;2;3;999;999;999;999;999;999;1;2;3;1;4;;DIEPPE;DIEPPE;2;2;19;5;2;997;1;2;2;48;1;5;1;48;1;5;48;5;3;3;2;4;;;;;;
1582;2;2;3;3;3;3;2;2;2;1;1;1;0;0;0;0;0;0;999;5;2;2;5;3;5;4;1;2;4;1;4;3;2;1;3;1;3;2;3;5;2;1;1;0;0;1;0;5;995;995;995;995;995;995;995;995;995;995;995;995;995;995;1;2;1;0;0;0;0;1;0;3;2;1;0;0;0;0;0;2;2;995;3;2;2;2;2;3;3;2;2;2;2;2;3;1;2;3;4;995;;NOTRE DAME DE GRAVENCHON;NOTREDAMEDEGRAVENCHON;3;3;6;997;997;997;1;999;2;32;1;5;1;32;1;5;32;5;3;2;3;2;;;;;;
1583;2;2;2;2;2;2;2;1;2;1;1;0;0;1;0;0;0;0;1;3;2;3;999;3;1;4;3;3;4;3;3;2;2;2;3;2;2;3;3;1;3;0;1;0;1;0;0;5;995;995;995;995;995;995;995;995;995;995;995;995;995;995;2;995;995;995;995;995;995;995;995;3;2;0;0;0;1;0;0;2;2;995;4;2;2;2;2;2;2;2;2;2;2;2;2;1;2;3;1;6;;VILLERS ECALLES;VILLERSECALLES;2;2;13;997;997;997;1;999;2;38;1;5;1;38;1;5;38;5;3;2;2;3;;;;;;
1584;2;999;3;3;1;1;2;2;3;3;995;995;995;995;995;995;995;995;2;5;4;4;4;3;3;3;3;3;3;3;3;1;2;2;2;2;2;2;2;999;2;0;0;0;0;0;1;5;995;995;995;995;995;995;995;995;995;995;995;995;995;995;2;995;995;995;995;995;995;995;995;3;2;0;0;0;0;1;0;3;2;995;2;2;2;2;2;2;3;2;2;2;2;2;3;1;2;1;3;995;;ROUEN;ROUEN;1;1;9;997;997;997;1;999;1;44;1;4;2;44;1;4;44;4;2;3;1;2;;;;;;
1585;2;1;2;2;1;1;1;1;1;1;1;0;0;1;0;0;0;0;1;2;2;3;5;2;2;999;2;2;4;1;4;3;1;1;3;1;3;1;2;5;3;0;0;0;1;0;0;2;1;0;0;0;0;0;0;0;1;0;0;0;0;0;2;995;995;995;995;995;995;995;995;999;1;0;0;0;0;0;1;3;2;995;3;3;3;3;3;3;3;999;999;999;999;999;999;1;2;4;2;995;;CAUCRIAUVILLE;CAUCRIAUVILLE;3;2;9;997;997;997;1;999;2;39;1;5;1;39;1;5;39;5;3;2;2;2;;;;;;
1586;2;1;3;3;3;3;1;1;1;3;995;995;995;995;995;995;995;995;1;5;2;2;2;2;3;3;1;3;3;3;2;1;2;1;1;2;1;3;2;2;3;0;0;0;0;1;0;3;995;995;995;995;995;995;995;995;995;995;995;995;995;995;2;995;995;995;995;995;995;995;995;3;1;0;0;0;0;1;0;3;2;995;3;2;2;2;2;2;3;2;2;2;2;2;3;1;2;4;2;995;;FECAMP;FECAMP;2;2;24;5;5;997;1;999;2;51;1;3;1;51;2;3;51;3;1;4;2;4;;;;;;
1587;2;2;3;2;1;3;2;2;2;1;0;0;0;0;1;0;1;0;2;5;2;3;5;3;2;4;1;3;4;3;1;3;2;2;3;2;2;2;2;1;2;0;0;0;0;0;1;4;995;995;995;995;995;995;995;995;995;995;995;995;995;995;2;995;995;995;995;995;995;995;995;3;2;0;0;0;0;1;0;3;2;995;2;2;2;2;2;2;3;2;2;2;2;2;3;1;2;2;1;2;;THEROULDEVILLE;THEROULDEVILLE;3;2;14;997;997;997;1;2;2;40;1;2;1;40;1;2;40;2;1;3;2;3;;;;;;
1588;2;1;2;1;1;2;1;2;1;2;0;0;0;0;0;0;0;0;2;2;2;3;3;2;1;2;2;2;2;2;1;2;2;2;2;2;1;3;3;5;3;0;0;0;0;1;0;5;995;995;995;995;995;995;995;995;995;995;995;995;995;995;2;995;995;995;995;995;995;995;995;3;2;0;0;0;0;1;0;3;2;995;2;2;2;2;2;1;1;999;999;999;999;999;999;1;2;3;4;995;;FECAMP;FECAMP;2;2;24;6;6;997;1;999;1;56;1;5;2;56;2;5;56;5;3;4;2;4;;;;;;
1589;2;1;3;2;1;1;1;2;1;1;1;0;0;1;0;0;1;0;2;4;2;3;5;5;4;3;1;3;4;4;3;2;1;2;3;3;2;2;3;3;3;0;0;1;1;0;0;5;995;995;995;995;995;995;995;995;995;995;995;995;995;995;2;995;995;995;995;995;995;995;995;2;2;0;1;0;0;0;0;1;2;995;1;2;2;2;1;2;3;2;2;2;2;2;3;1;2;4;2;995;;PETIT QUEVILLY;PETITQUEVILLY;1;2;16;3;997;997;1;1;2;39;1;5;1;39;1;5;39;5;3;2;2;3;;;;;;
1590;2;2;3;1;3;3;1;1;2;1;1;0;1;0;0;0;0;0;999;3;2;2;5;2;3;2;1;3;4;1;3;2;1;2;3;1;2;3;3;5;2;1;0;0;0;1;0;4;995;995;995;995;995;995;995;995;995;995;995;995;995;995;2;995;995;995;995;995;995;995;995;2;2;1;0;0;0;0;0;2;2;995;3;2;1;1;1;2;999;999;999;999;999;999;3;1;2;4;1;6;;AMFREVILLE LA MIVOIE;AMFREVILLELAMIVOIE;1;3;13;1;997;997;1;1;2;33;1;6;1;33;1;6;33;6;3;2;3;3;;;;;;
1591;2;2;3;2;1;1;2;2;2;1;0;0;0;1;0;1;0;0;2;2;1;3;3;2;3;3;1;3;3;3;3;1;2;2;2;2;2;2;2;1;3;0;0;0;0;1;0;5;995;995;995;995;995;995;995;995;995;995;995;995;995;995;2;995;995;995;995;995;995;995;995;2;1;0;0;0;1;0;0;3;2;995;1;2;2;2;2;2;2;2;2;2;2;2;2;1;2;2;2;995;;LE HAVRE;LEHAVRE;1;2;20;5;2;997;1;999;2;46;1;3;1;46;1;3;46;3;1;3;2;4;;;;;;
1592;2;2;2;2;3;3;2;2;1;1;0;0;0;1;0;0;0;0;2;2;3;3;5;3;5;3;3;3;4;1;4;2;2;2;3;2;3;1;2;5;1;0;0;0;0;1;0;5;995;995;995;995;995;995;995;995;995;995;995;995;995;995;2;995;995;995;995;995;995;995;995;999;999;0;0;0;0;0;0;999;999;999;999;999;999;999;999;999;999;999;999;999;999;999;999;999;999;999;1;4;;EU;EU;2;4;14;997;997;997;1;999;2;42;1;4;1;42;1;4;42;4;2;3;4;3;;;;;;
1593;2;2;1;1;1;1;1;1;2;3;995;995;995;995;995;995;995;995;1;5;5;5;3;3;3;4;4;4;3;3;3;3;3;3;2;2;2;3;2;1;2;0;0;0;0;0;1;5;995;995;995;995;995;995;995;995;995;995;995;995;995;995;2;995;995;995;995;995;995;995;995;999;1;0;0;0;0;1;0;3;2;995;2;2;2;2;2;2;2;2;2;2;2;2;2;1;2;3;1;1;;SAINTE ADRESSE;SAINTEADRESSE;1;2;22;6;5;997;1;2;2;53;1;3;1;53;1;3;53;3;1;4;2;4;;;;;;
1594;2;1;2;1;1;1;1;1;2;1;1;0;1;1;1;0;0;0;1;3;2;2;2;2;3;1;1;3;3;3;3;1;1;1;1;2;2;4;3;2;2;1;0;0;0;1;0;2;1;0;1;0;0;0;0;0;0;0;0;0;0;0;2;995;995;995;995;995;995;995;995;3;1;0;1;0;0;0;0;3;2;995;4;2;1;1;2;2;3;2;2;2;2;2;3;1;2;4;1;4;;ETALONDES;ETALONDES;3;5;15;2;997;997;1;2;2;40;1;5;1;40;1;5;40;5;3;3;4;3;;;;;;
1595;2;2;3;2;1;1;1;1;2;1;0;1;0;0;1;1;0;1;1;3;3;2;2;3;3;3;1;3;3;1;3;2;2;2;3;1;1;2;3;2;2;0;0;1;0;0;0;5;995;995;995;995;995;995;995;995;995;995;995;995;995;995;2;995;995;995;995;995;995;995;995;999;2;0;0;0;1;0;0;2;2;995;2;2;2;2;2;2;2;2;2;2;2;2;2;1;2;2;1;4;;DOUDEVILLE;DOUDEVILLE;3;2;16;2;997;997;1;2;2;41;1;5;1;41;1;5;41;5;3;3;2;3;;;;;;
1596;2;2;3;1;1;1;1;1;2;1;1;1;0;1;0;0;1;0;1;5;2;3;5;1;2;4;3;3;4;3;3;3;1;2;3;1;1;3;3;5;2;0;1;0;1;1;0;5;995;995;995;995;995;995;995;995;995;995;995;995;995;995;2;995;995;995;995;995;995;995;995;2;2;0;0;0;1;0;0;3;2;995;3;2;2;2;2;3;3;2;3;2;2;3;3;1;2;4;1;3;;TOCQUEVILLE LES MURS;TOCQUEVILLELESMURS;3;2;5;997;997;997;1;999;1;36;1;5;2;36;1;5;36;5;3;2;2;1;;;;;;
1597;2;2;3;3;1;1;1;1;2;1;1;1;0;1;0;0;0;0;2;2;3;2;2;1;3;3;1;1;1;1;3;2;1;1;2;1;2;3;3;3;3;1;0;0;0;1;0;4;995;995;995;995;995;995;995;995;995;995;995;995;995;995;2;995;995;995;995;995;995;995;995;2;1;0;0;0;1;0;0;2;1;4;1;999;999;999;1;999;999;2;2;2;2;2;2;1;1;4;2;995;;SAINNEVILLE SUR SEINE;SAINNEVILLESURSEINE;3;2;19;5;2;997;1;999;2;51;1;2;1;51;1;2;51;2;1;4;2;4;;;;;;
1598;2;2;3;3;3;3;1;1;3;1;1;0;0;0;1;0;0;0;1;5;2;2;2;4;3;4;2;2;2;3;3;3;1;1;1;2;2;2;3;2;2;0;0;1;0;1;0;5;995;995;995;995;995;995;995;995;995;995;995;995;995;995;2;995;995;995;995;995;995;995;995;2;2;1;0;0;0;0;0;3;2;995;3;2;2;2;2;2;2;2;2;2;2;2;2;1;2;3;999;999;;CRIEL SUR MER;CRIELSURMER;3;1;6;997;997;997;1;1;2;31;1;5;1;31;1;5;31;5;3;2;1;2;;;;;;
1599;2;2;2;2;1;1;1;1;2;1;1;0;1;0;1;1;0;0;1;3;2;2;5;2;2;3;3;3;4;3;3;1;1;1;3;1;1;3;4;2;3;0;0;1;0;1;0;5;995;995;995;995;995;995;995;995;995;995;995;995;995;995;1;2;1;0;0;0;0;0;0;2;2;0;0;0;1;0;0;3;2;995;4;2;2;2;2;2;3;2;2;2;2;2;3;2;995;3;1;4;;AVESNES EN VAL;AVESNESENVAL;3;3;12;997;997;997;1;999;2;41;1;5;1;41;1;5;41;5;3;3;3;3;;;;;;
1600;2;4;3;2;3;3;2;2;3;1;0;0;1;1;0;0;0;0;999;5;2;2;2;3;5;4;3;3;3;3;4;3;2;2;2;2;3;3;4;5;3;1;1;0;0;1;0;4;995;995;995;995;995;995;995;995;995;995;995;995;995;995;2;995;995;995;995;995;995;995;995;3;2;1;0;0;0;0;0;3;2;995;4;2;2;1;1;1;3;2;2;2;2;3;999;1;2;2;1;4;;DEVILLE LES ROUEN;DEVILLELESROUEN;1;2;9;997;997;997;1;999;2;38;1;5;1;38;1;5;38;5;3;2;2;2;;;;;;
1601;2;2;3;1;1;3;1;2;2;1;1;0;0;1;1;0;0;0;2;3;2;2;1;3;3;3;1;3;3;1;3;2;1;2;2;1;2;3;4;3;3;1;1;0;0;1;0;4;995;995;995;995;995;995;995;995;995;995;995;995;995;995;2;995;995;995;995;995;995;995;995;3;2;1;0;0;0;0;0;1;1;4;4;1;1;1;2;2;3;2;2;1;2;2;3;1;2;4;1;4;;BAILLY EN RIVIERE;BAILLYENRIVIERE;3;2;17;2;997;997;1;999;2;40;1;5;1;40;1;5;40;5;3;3;2;3;;;;;;
1602;2;4;3;3;3;3;1;1;4;3;995;995;995;995;995;995;995;995;2;4;3;3;2;4;4;3;3;3;2;3;3;2;2;2;2;2;2;2;2;2;2;0;0;0;0;0;1;5;995;995;995;995;995;995;995;995;995;995;995;995;995;995;2;995;995;995;995;995;995;995;995;1;1;0;0;0;0;1;0;3;2;995;4;2;2;2;2;2;2;2;2;2;2;2;2;1;2;2;1;1;;LA LONDE;LALONDE;2;3;18;5;2;1;1;2;2;43;1;4;1;43;1;4;43;4;2;3;3;4;;;;;;
1603;2;1;1;1;2;2;1;1;2;2;0;0;0;0;0;0;0;0;1;3;2;3;3;3;4;3;3;3;3;2;3;3;2;2;3;2;3;3;2;1;2;0;0;0;0;1;0;5;995;995;995;995;995;995;995;995;995;995;995;995;995;995;2;995;995;995;995;995;995;995;995;999;2;0;0;0;1;0;0;2;2;995;2;2;2;2;2;2;3;2;2;2;2;2;2;1;2;3;1;2;;999;999;999;2;3;997;997;997;1;1;2;34;1;4;1;34;1;4;34;4;2;2;2;1;;;;;;
1604;2;2;1;2;1;2;1;1;1;1;1;0;0;1;0;0;0;0;2;2;1;3;5;2;3;2;2;2;4;1;1;1;1;1;3;1;2;3;3;3;2;0;1;0;1;0;0;1;1;0;0;0;0;1;0;0;0;0;0;0;0;0;2;995;995;995;995;995;995;995;995;3;2;0;0;0;1;0;0;1;2;995;3;2;1;2;1;1;1;999;999;999;999;999;999;1;1;4;1;4;;SOTTEVILLE LES ROUEN;SOTTEVILLELESROUEN;1;2;11;997;997;997;1;1;1;37;1;5;2;37;1;5;37;5;3;2;2;2;;;;;;
1605;2;1;1;1;1;1;2;2;1;1;1;0;1;1;0;0;1;0;999;2;999;1;1;3;1;1;1;1;1;4;1;1;1;2;1;3;1;1;1;3;1;1;1;1;0;0;0;5;995;995;995;995;995;995;995;995;995;995;995;995;995;995;2;995;995;995;995;995;995;995;995;4;2;1;0;0;0;0;0;2;2;995;1;2;2;2;2;1;1;2;2;2;2;1;1;1;2;4;1;1;;SAINT JACQUES D'ALIERMONT;SAINTJACQUESDALIERMONT;3;3;16;4;3;2;1;999;1;45;1;5;2;45;2;5;45;5;3;3;3;3;;;;;;
1606;2;1;1;3;1;1;1;1;1;1;0;0;1;1;0;0;1;0;1;5;2;3;999;5;2;4;1;3;4;999;1;3;1;1;3;3;1;4;3;3;3;1;1;0;1;0;0;1;1;0;0;0;0;0;0;0;0;0;1;0;0;0;2;995;995;995;995;995;995;995;995;4;2;0;0;0;0;0;0;1;2;995;4;2;1;2;2;2;3;2;2;2;2;2;3;1;2;4;4;995;;MONTVILLE;MONTVILLE;2;4;23;6;6;6;1;999;1;51;1;6;2;51;2;6;51;6;3;4;4;4;;;;;;
1607;2;2;3;1;1;1;1;1;2;2;0;0;0;0;0;0;0;0;1;5;2;1;5;1;1;4;1;3;4;3;3;3;1;1;3;1;1;4;3;5;3;1;0;0;1;1;0;4;995;995;995;995;995;995;995;995;995;995;995;995;995;995;2;995;995;995;995;995;995;995;995;4;2;0;0;0;1;0;0;3;2;995;4;2;2;2;1;2;3;2;2;2;2;2;3;1;2;3;1;4;;MESNIL PANNEVILLE;MESNILPANNEVILLE;3;2;12;997;997;997;1;1;2;40;1;5;1;40;1;5;40;5;3;3;2;3;;;;;;
1608;2;1;1;2;1;1;1;1;1;1;0;0;1;0;0;0;0;0;1;2;1;2;1;2;2;1;1;1;1;1;1;2;2;2;2;2;2;3;3;2;3;1;1;0;0;1;0;3;995;995;995;995;995;995;995;995;995;995;995;995;995;995;2;995;995;995;995;995;995;995;995;2;2;0;0;0;1;0;0;1;2;995;3;2;2;2;1;1;3;2;2;2;2;3;3;1;2;4;2;995;;CANY BARVILLE;CANYBARVILLE;3;1;19;5;997;997;1;999;1;48;1;5;2;48;2;5;48;5;3;3;1;4;;;;;;
1609;2;2;2;2;1;1;2;2;2;1;1;1;1;0;1;0;1;0;2;2;2;2;2;3;2;1;1;3;3;1;1;2;2;2;2;2;2;2;3;5;2;1;1;0;0;1;0;3;995;995;995;995;995;995;995;995;995;995;995;995;995;995;2;995;995;995;995;995;995;995;995;3;2;0;0;0;0;1;0;3;2;995;4;2;2;2;2;2;1;2;2;2;2;3;3;1;2;4;2;995;;ROUXMESNIL BOUTEILLES;ROUXMESNILBOUTEILLES;2;2;21;5;2;997;1;1;2;51;1;5;1;51;2;5;51;5;3;4;2;4;;;;;;
1610;2;4;3;2;1;1;1;1;4;3;995;995;995;995;995;995;995;995;2;2;3;3;3;3;3;3;3;3;3;2;3;2;2;2;2;2;2;2;2;2;2;0;0;0;0;1;0;5;995;995;995;995;995;995;995;995;995;995;995;995;995;995;2;995;995;995;995;995;995;995;995;2;2;0;0;0;1;0;0;3;2;995;3;2;2;2;1;2;1;2;2;2;2;2;2;1;2;3;1;4;;LE MESNIL ESNARD;LEMESNILESNARD;1;3;23;6;6;5;1;999;1;59;1;3;2;59;2;3;59;3;1;4;3;4;;;;;;
1611;2;2;1;3;1;1;2;2;2;2;0;0;0;0;0;0;0;0;1;2;3;3;3;3;2;2;3;3;3;3;2;1;1;1;1;1;1;2;2;2;2;0;0;1;0;0;0;5;995;995;995;995;995;995;995;995;995;995;995;995;995;995;2;995;995;995;995;995;995;995;995;3;2;0;0;0;0;0;1;3;2;995;3;2;2;2;2;2;3;2;2;2;2;2;3;1;2;2;2;995;;HOUPPEVILLE;HOUPPEVILLE;2;1;22;5;997;997;1;999;2;45;1;4;1;45;1;4;45;4;2;3;1;4;;;;;;
1612;2;2;3;2;1;1;1;1;2;1;0;0;1;1;1;1;0;0;1;5;2;2;5;3;3;4;3;3;4;3;3;3;1;1;3;1;1;999;2;5;2;0;0;0;0;1;0;4;995;995;995;995;995;995;995;995;995;995;995;995;995;995;2;995;995;995;995;995;995;995;995;3;2;0;0;0;1;0;0;3;2;995;4;2;2;2;2;2;2;2;2;2;2;2;2;1;2;999;1;1;;999;999;999;2;13;997;997;997;1;999;2;38;1;6;1;38;1;6;38;6;3;2;2;3;;;;;;
1613;2;1;1;1;1;1;1;1;1;1;0;0;1;1;0;0;0;0;1;2;2;1;1;2;1;1;1;1;1;1;1;1;1;1;1;1;1;3;3;2;3;1;1;1;0;0;0;5;995;995;995;995;995;995;995;995;995;995;995;995;995;995;1;1;995;995;995;995;995;995;995;3;2;0;1;0;0;0;0;2;2;995;3;1;1;1;1;1;3;2;2;2;2;2;3;1;2;4;1;1;;SOTTEVILLE LES ROUEN;SOTTEVILLELESROUEN;1;4;12;1;997;997;1;999;2;38;1;5;1;38;1;5;38;5;3;2;4;3;;;;;;
1614;2;2;2;2;1;2;2;2;2;1;1;0;1;0;0;0;0;0;2;2;2;2;2;5;5;999;1;1;2;3;3;2;1;1;2;1;1;3;3;2;2;0;1;0;0;1;0;5;995;995;995;995;995;995;995;995;995;995;995;995;995;995;2;995;995;995;995;995;995;995;995;3;2;0;0;0;0;1;0;2;2;995;4;3;3;3;1;999;999;3;3;3;3;3;3;1;2;3;1;1;;MONTIVILLIERS;MONTIVILLIERS;2;2;15;3;1;997;1;2;2;38;2;8;1;38;1;8;38;8;4;2;2;3;;;;;;
1615;2;2;3;2;3;1;2;1;2;1;1;0;1;0;0;0;0;0;1;3;3;3;3;3;3;3;3;1;3;3;1;2;2;1;2;2;1;3;2;5;2;0;0;0;0;1;0;5;995;995;995;995;995;995;995;995;995;995;995;995;995;995;2;995;995;995;995;995;995;995;995;3;2;0;0;0;1;0;0;2;2;995;3;2;2;2;2;2;3;2;2;2;2;2;3;1;2;3;4;995;;BELMESNIL;BELMESNIL;3;3;20;6;3;997;1;999;2;45;1;5;1;45;1;5;45;5;3;3;3;4;;;;;;
1616;2;1;2;1;2;2;1;1;1;1;1;1;1;1;0;0;0;0;1;2;1;1;1;2;1;2;2;2;2;3;2;1;1;1;1;1;1;4;4;5;3;1;1;1;0;0;0;1;1;0;0;0;0;0;1;0;0;0;0;0;0;0;2;995;995;995;995;995;995;995;995;2;2;0;0;0;1;0;0;2;2;995;4;2;999;1;1;1;3;2;2;999;999;999;999;1;2;4;1;4;;SAINT AUBIN LES ELBEUF;SAINTAUBINLESELBEUF;2;2;15;997;997;997;1;2;2;41;2;8;1;41;1;8;41;8;4;3;2;3;;;;;;
1617;2;2;3;2;1;1;1;1;2;1;1;1;1;0;0;0;1;0;1;5;3;3;5;3;5;4;3;3;4;3;4;3;2;3;3;3;3;2;2;1;2;0;0;0;0;1;0;3;995;995;995;995;995;995;995;995;995;995;995;995;995;995;2;995;995;995;995;995;995;995;995;2;1;0;0;0;0;0;1;2;2;995;3;2;2;2;2;2;2;2;2;2;2;2;2;1;2;2;2;995;;DARNETAL;DARNETAL;1;1;9;997;997;997;1;999;2;57;1;6;1;57;2;6;57;6;3;4;1;2;;;;;;
1618;2;5;2;2;3;1;2;1;1;1;1;0;0;1;0;0;1;0;999;5;5;5;5;5;5;4;4;4;4;4;4;3;3;3;3;3;3;4;3;5;2;1;0;0;0;1;0;1;1;0;0;0;0;0;0;0;0;0;0;0;0;1;2;995;995;995;995;995;995;995;995;3;2;0;0;0;1;0;0;2;2;995;4;1;1;1;1;2;3;2;2;2;3;3;3;1;1;4;1;6;;999;999;999;1;2;997;997;997;1;999;2;27;1;5;1;27;1;5;27;5;3;1;1;1;;;;;;
1619;2;1;3;2;2;2;1;1;1;1;0;1;1;1;0;0;0;0;999;3;2;1;1;2;3;2;1;2;2;2;2;1;1;1;1;1;1;3;4;5;2;0;1;1;0;1;0;2;1;0;0;1;0;0;0;0;0;0;0;0;0;0;2;995;995;995;995;995;995;995;995;1;2;0;0;0;0;0;1;2;2;995;4;1;1;1;1;1;3;2;2;2;2;2;3;1;2;4;1;2;;NOTRE DAME D'ALIERMONT;NOTREDAMEDALIERMONT;3;4;13;997;997;997;1;1;2;31;2;8;1;31;1;8;31;8;4;2;4;3;;;;;;
1620;2;2;1;1;1;1;1;2;2;1;1;1;1;0;0;0;0;0;2;5;3;3;5;2;5;4;1;3;4;3;4;3;1;2;3;2;3;3;2;2;3;0;0;0;0;1;0;5;995;995;995;995;995;995;995;995;995;995;995;995;995;995;2;995;995;995;995;995;995;995;995;3;1;0;0;0;1;0;0;3;2;995;2;2;2;2;2;1;3;2;2;2;2;2;3;1;2;3;2;995;;EPOUVILLE;EPOUVILLE;2;2;7;997;997;997;1;999;2;35;1;3;1;35;1;3;35;3;1;2;2;2;;;;;;
1621;2;1;3;3;1;1;1;2;2;1;1;1;1;0;0;1;0;1;1;5;1;5;5;5;2;4;1;4;4;4;1;3;1;3;3;3;1;4;3;3;2;0;0;0;1;0;0;5;995;995;995;995;995;995;995;995;995;995;995;995;995;995;2;995;995;995;995;995;995;995;995;999;2;0;0;0;1;0;0;3;2;995;4;2;2;2;1;999;3;2;2;2;2;2;3;1;2;4;4;995;;999;999;999;2;21;6;4;997;1;999;2;43;1;5;1;43;2;5;43;5;3;3;2;4;;;;;;
1622;2;2;2;2;1;1;1;1;2;1;1;0;1;1;0;0;0;1;1;5;2;2;2;2;1;4;1;1;1;1;3;3;1;1;2;2;2;3;3;2;2;0;0;0;1;1;0;5;995;995;995;995;995;995;995;995;995;995;995;995;995;995;2;995;995;995;995;995;995;995;995;3;1;0;1;0;0;0;0;3;2;995;4;2;2;2;2;2;3;2;2;2;2;2;3;1;2;3;2;995;;LE HAVRE;LEHAVRE;1;2;18;6;1;997;1;1;2;43;1;4;1;43;1;4;43;4;2;3;2;4;;;;;;
1623;2;2;2;2;3;3;2;2;2;1;1;0;0;1;0;0;0;0;2;3;3;3;3;5;5;3;1;1;4;4;4;2;1;1;3;3;3;3;3;5;2;0;0;0;0;1;0;3;995;995;995;995;995;995;995;995;995;995;995;995;995;995;2;995;995;995;995;995;995;995;995;4;1;0;0;0;1;0;0;2;2;995;4;2;2;1;2;2;3;2;2;1;2;2;3;1;2;2;4;995;;999;999;999;2;7;997;997;997;1;999;2;39;1;5;1;39;1;5;39;5;3;2;2;2;;;;;;
1624;2;2;3;1;1;1;1;1;1;1;0;0;0;1;0;0;0;0;1;5;2;2;3;999;5;3;1;1;4;1;4;2;1;1;3;1;3;4;3;2;3;1;0;0;0;1;0;1;1;0;1;0;0;0;0;0;0;0;0;0;0;0;2;995;995;995;995;995;995;995;995;2;2;0;0;0;1;0;0;2;2;995;3;2;1;1;1;1;3;1;2;2;2;2;3;1;2;3;1;4;;INTRAVILLE;INTRAVILLE;2;2;13;997;997;997;1;2;2;35;2;8;1;35;1;8;35;8;4;2;2;3;;;;;;
1625;2;1;1;1;1;1;2;1;1;1;1;1;1;1;1;0;0;0;2;999;2;1;3;2;5;3;1;1;4;1;1;2;2;2;3;2;2;3;3;5;3;1;1;0;1;0;0;5;995;995;995;995;995;995;995;995;995;995;995;995;995;995;2;995;995;995;995;995;995;995;995;3;2;0;0;0;1;0;0;2;2;995;3;2;1;2;1;2;1;2;2;2;2;2;2;1;2;3;999;999;;LES GRANDES VENTES;LESGRANDESVENTES;3;3;9;997;997;997;1;999;1;43;1;6;2;43;1;6;43;6;3;3;3;2;;;;;;
1626;2;4;3;2;3;3;2;2;3;3;995;995;995;995;995;995;995;995;2;3;3;3;2;3;3;2;3;3;3;3;3;2;2;2;2;2;2;2;2;2;1;0;0;0;0;0;1;5;995;995;995;995;995;995;995;995;995;995;995;995;995;995;2;995;995;995;995;995;995;995;995;1;1;0;0;0;0;1;0;3;1;4;2;2;2;2;2;2;2;2;2;2;2;2;2;1;2;2;1;1;;999;999;999;2;20;6;997;997;1;999;1;45;1;5;2;45;1;5;45;5;3;3;2;4;;;;;;
1627;2;1;1;1;1;1;2;2;1;1;1;0;1;1;0;0;0;0;999;3;1;1;1;1;1;3;1;1;1;1;3;2;1;1;1;1;2;4;4;5;2;1;1;0;0;1;0;1;2;995;995;995;995;995;995;995;995;995;995;995;995;995;2;995;995;995;995;995;995;995;995;999;2;0;0;0;1;0;0;1;2;995;1;1;1;1;1;1;1;2;2;2;2;2;2;1;2;4;2;995;;LE HAVRE;LEHAVRE;1;2;16;2;1;997;1;999;2;46;1;5;1;46;1;5;46;5;3;3;2;3;;;;;;
1628;2;2;2;2;3;3;1;1;2;1;1;1;0;0;0;0;0;0;1;5;3;5;5;4;4;4;1;4;4;3;3;3;1;3;3;1;1;2;2;2;2;0;0;0;0;0;0;4;995;995;995;995;995;995;995;995;995;995;995;995;995;995;2;995;995;995;995;995;995;995;995;3;2;1;0;0;0;0;0;3;2;995;4;2;2;2;2;2;3;2;2;2;2;2;3;1;2;3;2;995;;GRUCHET LE VALASSE;GRUCHETLEVALASSE;2;2;10;997;997;997;1;2;2;37;2;8;1;37;1;8;37;8;4;2;2;2;;;;;;
1629;2;3;3;3;1;1;2;2;3;3;995;995;995;995;995;995;995;995;2;3;3;3;3;3;3;3;3;3;3;3;3;2;2;2;2;2;2;1;2;2;3;0;0;0;0;0;1;4;995;995;995;995;995;995;995;995;995;995;995;995;995;995;2;995;995;995;995;995;995;995;995;1;1;0;0;0;0;1;0;2;2;995;2;2;2;2;2;2;2;2;2;2;2;2;2;1;2;2;2;995;;LE HAVRE;LEHAVRE;1;3;20;6;6;5;1;1;1;61;1;2;2;61;1;2;61;2;1;4;3;4;;;;;;
1630;2;2;2;3;1;2;1;1;3;3;995;995;995;995;995;995;995;995;2;5;5;5;5;5;5;4;4;4;4;4;4;3;3;3;3;3;3;2;2;1;3;0;0;1;0;1;0;2;1;0;0;0;0;0;0;0;1;0;0;0;0;0;2;995;995;995;995;995;995;995;995;4;2;0;0;0;0;0;0;2;2;995;3;2;2;2;2;2;2;3;3;3;3;3;3;1;2;4;1;2;;LE HAVRE;LEHAVRE;1;3;24;6;6;6;1;2;1;64;2;7;2;64;2;7;64;7;4;5;3;4;;;;;;
1631;2;2;2;2;1;1;1;1;2;1;0;0;0;0;0;0;0;1;2;5;2;3;5;2;2;3;3;3;3;3;3;2;2;2;2;2;2;2;3;2;2;0;0;0;0;0;1;5;995;995;995;995;995;995;995;995;995;995;995;995;995;995;999;2;0;0;0;0;0;0;0;999;1;0;0;0;1;0;0;3;999;999;4;2;1;1;2;2;1;2;2;2;2;2;2;1;2;2;2;995;;NOTRE DAME DE GRAVENCHON;NOTREDAMEDEGRAVENCHON;3;2;13;997;997;997;1;999;2;40;1;5;1;40;1;5;40;5;3;3;2;3;;;;;;
1632;2;2;2;2;1;1;2;2;3;3;995;995;995;995;995;995;995;995;1;5;3;3;5;3;3;4;3;3;4;3;3;3;1;1;3;2;2;3;3;5;2;0;0;1;0;0;0;4;995;995;995;995;995;995;995;995;995;995;995;995;995;995;2;995;995;995;995;995;995;995;995;2;2;0;0;0;0;1;0;2;2;995;2;2;2;2;2;1;3;2;2;2;2;2;3;1;999;4;4;995;;MONTIVILLIERS;MONTIVILLIERS;2;2;15;2;1;997;1;2;1;53;1;5;2;53;1;5;53;5;3;4;2;3;;;;;;
1633;2;2;2;2;1;1;1;1;2;999;1;0;1;1;0;0;0;0;1;5;3;3;5;4;4;4;3;3;4;3;3;3;2;2;3;2;2;4;4;5;2;1;0;1;1;0;0;4;995;995;995;995;995;995;995;995;995;995;995;995;995;995;1;2;0;0;0;1;0;0;0;3;2;0;0;0;1;0;0;3;1;4;4;1;1;2;1;2;2;2;2;2;2;2;3;2;995;3;1;1;;LE HAVRE;LEHAVRE;1;3;18;2;997;997;1;999;2;41;1;5;1;41;1;5;41;5;3;3;3;4;;;;;;
1634;2;1;1;1;1;1;1;1;1;1;1;0;1;1;0;0;0;0;1;5;2;2;5;2;2;4;2;2;4;2;2;999;999;999;999;999;999;1;1;999;1;0;1;0;1;1;0;5;995;995;995;995;995;995;995;995;995;995;995;995;995;995;2;995;995;995;995;995;995;995;995;2;2;0;0;0;0;1;0;2;2;995;1;999;999;999;1;999;999;999;999;999;1;999;999;1;2;3;2;995;;MAROMME;MAROMME;1;2;12;997;997;997;1;999;1;64;2;7;2;64;1;7;64;7;4;5;2;3;;;;;;
1635;2;2;3;2;3;2;2;1;2;2;0;0;0;0;0;0;0;0;2;2;2;1;5;3;3;2;1;3;4;3;3;2;1;2;3;2;2;2;2;1;2;0;0;1;0;1;0;5;995;995;995;995;995;995;995;995;995;995;995;995;995;995;2;995;995;995;995;995;995;995;995;3;1;1;0;0;0;0;0;3;999;999;2;2;2;2;2;2;1;999;999;999;999;999;999;1;2;2;1;4;;BOIS ROBERT;BOISROBERT;3;4;10;997;997;997;1;2;2;37;1;5;1;37;1;5;37;5;3;2;4;2;;;;;;
1636;2;1;2;3;1;1;2;2;1;1;0;0;1;1;0;1;0;0;2;3;1;2;1;2;2;3;2;3;3;3;3;2;2;2;2;1;2;3;3;2;3;0;1;0;0;1;0;4;995;995;995;995;995;995;995;995;995;995;995;995;995;995;2;995;995;995;995;995;995;995;995;999;999;0;0;0;0;0;0;999;999;999;999;999;999;999;999;999;999;999;999;999;999;999;999;999;999;999;2;995;;LE MESNIL ESNARD;LEMESNILESNARD;1;3;18;6;5;5;1;2;2;57;1;4;1;57;1;4;57;4;2;4;3;4;;;;;;
1637;2;2;4;4;3;3;2;2;2;1;1;0;1;0;0;0;0;0;2;3;2;3;5;3;3;3;3;3;3;3;3;2;2;2;2;2;2;2;2;5;1;0;0;1;0;1;0;3;995;995;995;995;995;995;995;995;995;995;995;995;995;995;2;995;995;995;995;995;995;995;995;3;2;0;0;0;0;0;1;2;2;995;2;2;2;2;2;2;2;2;2;2;2;2;2;1;2;3;1;3;;BELLENGREVILLE;BELLENGREVILLE;3;2;14;997;997;997;1;999;2;36;1;5;1;36;1;5;36;5;3;2;2;3;;;;;;
1638;2;2;2;1;1;1;1;2;1;1;0;1;0;0;1;0;0;1;999;3;2;3;2;2;2;3;3;3;3;3;3;1;1;1;1;1;1;3;3;2;3;1;1;0;0;0;0;3;995;995;995;995;995;995;995;995;995;995;995;995;995;995;2;995;995;995;995;995;995;995;995;2;1;0;0;0;1;0;0;2;1;1;4;1;1;1;2;2;3;2;2;2;2;2;3;1;2;4;4;995;;SENNEVILLE SUR FECAMP;SENNEVILLESURFECAMP;3;2;20;5;997;997;1;2;2;46;1;5;1;46;1;5;46;5;3;3;2;4;;;;;;
1639;2;1;2;1;1;1;2;2;2;1;1;0;1;0;0;0;0;0;2;2;2;1;1;3;3;3;3;3;3;3;3;2;2;2;2;2;2;3;4;5;3;1;1;1;0;0;0;3;995;995;995;995;995;995;995;995;995;995;995;995;995;995;2;995;995;995;995;995;995;995;995;999;2;0;1;0;0;0;0;1;2;995;3;2;2;2;2;2;2;2;2;2;2;2;2;1;2;4;1;4;;SAINT LEONARD;SAINTLEONARD;2;4;15;3;4;1;1;1;2;36;1;5;1;36;1;5;36;5;3;2;4;3;;;;;;
1640;2;2;3;1;3;3;2;2;2;3;995;995;995;995;995;995;995;995;2;1;3;5;3;3;3;1;3;3;3;3;3;2;2;2;2;2;2;3;3;5;2;0;0;1;0;1;0;5;995;995;995;995;995;995;995;995;995;995;995;995;995;995;2;995;995;995;995;995;995;995;995;2;2;0;0;0;0;1;0;3;2;995;4;2;2;2;2;2;2;2;2;2;2;2;2;1;2;3;4;995;;SAINT LEONARD;SAINTLEONARD;2;1;22;6;997;997;1;999;2;46;1;6;1;46;1;6;46;6;3;3;1;4;;;;;;
1641;2;1;2;1;1;1;2;2;1;1;0;1;0;1;1;1;0;0;2;2;2;2;2;2;1;1;3;3;3;3;1;1;2;2;2;2;2;2;2;2;3;0;1;0;0;1;0;5;995;995;995;995;995;995;995;995;995;995;995;995;995;995;1;2;1;0;0;0;0;0;0;2;2;0;0;0;1;0;0;3;2;995;3;2;1;1;1;1;1;2;2;2;2;2;3;1;2;4;2;995;;VEAUVILLE LES BAONS;VEAUVILLELESBAONS;3;3;20;5;5;997;1;1;1;55;1;3;2;55;1;3;55;3;1;4;3;4;;;;;;
1642;2;1;2;1;2;2;1;1;1;1;1;0;1;1;0;0;0;0;1;5;2;3;5;5;5;4;1;3;4;4;4;3;1;2;3;3;3;3;3;5;3;0;0;0;1;1;0;5;995;995;995;995;995;995;995;995;995;995;995;995;995;995;1;995;995;995;995;995;995;995;995;999;1;0;0;0;1;0;0;2;2;995;4;2;2;1;2;2;2;2;2;2;2;2;2;1;2;4;1;2;;VILLERS ECALLES;VILLERSECALLES;2;2;3;997;997;997;1;999;2;29;1;5;1;29;1;5;29;5;3;1;2;1;;;;;;
1643;2;1;3;2;1;1;1;1;1;1;1;0;1;1;0;0;0;0;1;2;2;2;5;2;2;3;1;2;999;4;2;2;2;1;3;1;1;3;3;2;2;1;0;0;0;1;0;3;995;995;995;995;995;995;995;995;995;995;995;995;995;995;2;995;995;995;995;995;995;995;995;3;2;0;0;0;1;0;0;3;1;4;4;999;1;1;1;1;999;999;2;2;2;2;999;1;2;3;2;995;;BRACHY;BRACHY;3;5;19;3;3;1;1;999;2;41;1;5;1;41;1;5;41;5;3;3;4;4;;;;;;
1644;2;2;2;2;1;1;1;1;2;2;0;0;0;0;0;0;0;0;2;4;4;2;2;3;3;4;3;2;3;3;3;1;2;2;2;2;2;1;2;2;3;0;0;0;0;1;0;4;995;995;995;995;995;995;995;995;995;995;995;995;995;995;2;995;995;995;995;995;995;995;995;999;1;0;0;0;1;0;0;2;2;995;4;2;2;2;1;1;2;2;2;2;2;2;2;1;2;999;1;3;;FECAMP;FECAMP;2;2;18;2;2;997;1;999;2;47;1;5;1;47;1;5;47;5;3;3;2;4;;;;;;
1645;2;1;2;2;1;1;1;1;1;1;1;0;1;1;0;0;0;0;1;2;3;2;2;2;2;2;2;2;2;2;2;1;1;1;1;1;1;4;4;5;3;1;1;1;0;0;0;2;1;0;0;0;1;0;0;0;0;0;0;0;0;0;2;995;995;995;995;995;995;995;995;2;2;0;0;0;1;0;0;2;999;1;4;2;1;2;1;1;3;2;2;2;2;2;2;1;2;4;1;4;;SAINT ETIENNE DU ROUVRAY;SAINTETIENNEDUROUVRAY;1;2;21;5;2;997;1;2;2;44;1;4;1;44;1;4;44;4;2;3;2;4;;;;;;
1646;2;1;3;2;1;1;1;1;1;1;1;0;1;0;1;0;0;0;1;3;2;2;2;2;3;3;3;3;3;3;3;2;2;2;2;2;2;4;3;2;3;1;1;1;0;0;0;4;995;995;995;995;995;995;995;995;995;995;995;995;995;995;2;995;995;995;995;995;995;995;995;3;2;0;0;0;0;1;0;1;2;995;4;2;1;2;1;1;3;3;3;3;3;3;3;1;2;4;1;3;;SAINT MACLOU DE FOLLEVILLE;SAINTMACLOUDEFOLLEVILLE;3;3;20;5;2;997;1;999;2;41;1;5;1;41;1;5;41;5;3;3;3;4;;;;;;
1647;2;1;2;2;2;2;2;1;2;1;1;0;0;0;0;0;0;0;2;5;2;3;5;2;2;4;3;3;4;2;3;3;2;2;3;2;2;2;2;1;3;0;0;0;0;1;0;5;995;995;995;995;995;995;995;995;995;995;995;995;995;995;2;995;995;995;995;995;995;995;995;2;1;0;0;0;0;1;0;3;999;999;2;2;2;2;1;1;3;2;2;2;2;3;3;1;1;3;1;4;;FONTAINE LA MALLET;FONTAINELAMALLET;2;2;7;997;997;997;1;999;2;36;1;2;1;36;1;2;36;2;1;2;2;2;;;;;;
1648;2;1;1;2;1;1;2;2;1;1;1;0;1;0;0;0;0;0;2;2;2;1;1;2;2;1;3;3;3;3;3;2;2;2;2;2;2;999;3;5;2;0;1;0;0;0;0;5;995;995;995;995;995;995;995;995;995;995;995;995;995;995;2;995;995;995;995;995;995;995;995;999;2;0;0;0;1;0;0;2;2;995;4;1;1;1;1;1;3;1;1;1;1;1;3;1;2;4;2;995;;MALAUNAY;MALAUNAY;2;3;19;6;6;5;1;1;2;56;2;7;1;56;2;7;56;7;4;4;3;4;;;;;;
1649;2;2;1;1;1;1;1;1;1;1;1;0;1;1;1;0;1;0;1;5;2;3;5;3;2;4;1;1;4;1;3;2;1;1;3;1;2;1;3;5;2;0;1;0;0;1;0;5;995;995;995;995;995;995;995;995;995;995;995;995;995;995;2;995;995;995;995;995;995;995;995;4;2;0;0;0;1;0;0;2;2;995;4;1;1;2;1;2;3;2;2;2;2;2;3;1;2;3;4;995;;VATTETOT SOUS BEAUMONT;VATTETOTSOUSBEAUMONT;3;4;20;6;6;5;1;999;1;48;1;6;2;48;2;6;48;6;3;3;4;4;;;;;;
1650;2;2;3;2;1;1;1;1;1;1;1;1;0;1;0;0;0;0;1;1;3;5;5;5;5;2;4;4;4;4;4;1;3;3;3;3;3;4;4;1;3;1;1;0;1;0;0;1;1;0;0;1;0;0;0;0;0;0;0;0;0;0;2;995;995;995;995;995;995;995;995;4;2;0;1;0;0;0;0;2;2;995;4;2;2;2;2;2;2;2;2;2;2;2;2;1;2;4;1;2;;BOLBEC;BOLBEC;2;3;18;6;6;6;1;999;1;54;1;6;2;54;2;6;54;6;3;4;3;4;;;;;;
1651;2;2;2;3;3;1;2;1;1;2;0;0;0;0;0;0;0;0;2;1;2;1;5;2;4;2;2;2;1;1;4;2;2;2;3;1;1;3;3;3;3;0;1;0;1;0;0;2;1;0;0;0;0;0;0;0;0;0;1;0;0;0;2;995;995;995;995;995;995;995;995;3;2;0;0;0;0;0;1;2;999;999;1;2;2;1;1;1;3;2;2;2;2;2;3;1;2;3;1;4;;SAUSSAY;SAUSSAY;3;3;14;997;997;997;1;999;2;38;1;5;1;38;1;5;38;5;3;2;3;3;;;;;;
1652;2;2;4;4;1;1;2;1;2;1;0;0;1;1;0;0;0;0;999;5;3;3;5;2;5;4;3;3;4;3;4;3;3;3;3;3;3;3;2;2;3;0;0;1;0;1;0;2;1;0;0;0;0;0;0;0;0;0;1;0;0;0;2;995;995;995;995;995;995;995;995;3;1;0;0;0;0;0;0;2;2;995;2;2;2;2;2;2;2;2;2;2;2;2;2;1;2;3;1;4;;MONTIVILLIERS;MONTIVILLIERS;2;2;13;997;997;997;1;999;1;38;1;3;2;38;1;3;38;3;1;2;2;3;;;;;;
1653;2;2;3;2;3;3;1;1;2;1;1;0;1;1;0;0;0;0;1;5;2;2;5;4;2;4;3;3;4;3;3;3;2;2;3;2;2;3;3;5;3;0;1;0;0;1;0;5;995;995;995;995;995;995;995;995;995;995;995;995;995;995;2;995;995;995;995;995;995;995;995;3;2;0;1;0;0;0;0;3;2;995;2;2;2;2;2;2;3;2;2;2;2;2;3;1;2;3;1;3;;BOLBEC;BOLBEC;2;2;8;997;997;997;1;1;2;40;1;5;1;40;1;5;40;5;3;3;2;2;;;;;;
1654;2;1;1;1;1;1;2;2;1;999;1;0;0;0;0;0;0;0;2;2;2;2;2;2;3;3;3;3;3;3;3;2;2;2;2;2;2;4;4;2;3;1;0;0;0;0;0;5;995;995;995;995;995;995;995;995;995;995;995;995;995;995;2;995;995;995;995;995;995;995;995;1;2;1;0;0;0;0;0;1;2;995;2;999;1;1;1;1;1;999;999;999;999;999;999;1;2;2;2;995;;999;999;999;5;10;997;997;997;1;999;1;37;1;6;2;37;2;6;37;6;3;2;4;2;;;;;;
1655;2;1;1;1;1;1;2;2;1;1;1;0;0;1;0;0;0;0;2;1;1;1;1;1;2;1;1;1;1;1;1;2;2;2;2;2;2;3;3;3;3;1;1;0;1;0;0;4;995;995;995;995;995;995;995;995;995;995;995;995;995;995;1;1;995;995;995;995;995;995;995;2;2;0;0;0;1;0;0;1;2;995;3;1;1;2;1;2;999;2;2;2;2;2;3;1;2;4;1;2;;SOTTEVILLE LES ROUEN;SOTTEVILLELESROUEN;1;3;20;6;3;1;1;999;2;41;1;5;1;41;1;5;41;5;3;3;3;4;;;;;;
1656;2;1;1;1;1;1;1;1;1;1;0;0;0;0;1;1;0;1;1;1;1;1;1;1;1;3;3;3;3;3;3;2;2;2;2;2;2;4;4;5;3;1;1;1;0;0;0;5;995;995;995;995;995;995;995;995;995;995;995;995;995;995;2;995;995;995;995;995;995;995;995;4;1;0;1;0;0;0;0;3;2;995;4;1;1;1;1;1;999;1;1;1;1;1;999;1;1;4;1;1;;SAINT GERMAIN SOUS CAILLY;SAINTGERMAINSOUSCAILLY;3;1;13;1;997;997;1;999;1;43;1;6;2;43;2;6;43;6;3;3;1;3;;;;;;
1657;2;2;3;4;1;3;2;1;2;1;1;1;0;1;0;0;0;0;1;5;2;3;5;3;2;4;2;3;4;3;2;3;1;1;3;1;1;2;3;2;2;0;0;0;0;1;0;5;995;995;995;995;995;995;995;995;995;995;995;995;995;995;2;995;995;995;995;995;995;995;995;999;2;0;0;0;0;1;0;3;999;999;2;2;2;2;2;1;3;2;3;2;2;3;3;2;995;4;999;999;;SAINT VALERY EN CAUX;SAINTVALERYENCAUX;3;2;10;997;997;997;1;999;2;34;2;8;1;34;1;8;34;8;4;2;2;2;;;;;;
1658;2;2;2;1;3;3;1;1;1;3;995;995;995;995;995;995;995;995;1;2;2;3;5;2;2;3;3;3;4;3;3;1;1;1;3;1;1;3;3;5;2;0;1;0;0;1;0;4;995;995;995;995;995;995;995;995;995;995;995;995;995;995;2;995;995;995;995;995;995;995;995;999;1;0;0;0;0;1;0;1;2;995;4;2;2;2;1;2;2;999;999;999;999;999;999;1;2;4;4;995;;LE HOULME;LEHOULME;2;1;11;997;997;997;1;999;2;45;1;5;1;45;1;5;45;5;3;3;1;2;;;;;;
1659;2;1;1;1;1;3;1;1;2;1;1;1;1;1;0;0;0;0;1;2;999;2;1;2;2;2;1;1;1;1;1;1;1;1;1;1;1;4;4;2;3;0;1;1;1;0;0;4;995;995;995;995;995;995;995;995;995;995;995;995;995;995;2;995;995;995;995;995;995;995;995;999;2;0;0;0;1;0;0;1;1;4;4;2;2;1;1;1;3;2;2;2;2;2;3;1;999;3;999;1;;LE HAVRE;LEHAVRE;1;1;20;5;997;997;2;997;2;48;1;5;997;997;997;997;48;5;3;3;1;4;;;;;;
1660;2;2;3;3;3;3;1;1;3;3;995;995;995;995;995;995;995;995;1;5;3;5;5;5;4;4;1;4;4;4;4;3;1;3;3;3;3;4;1;5;2;1;0;0;0;0;0;5;995;995;995;995;995;995;995;995;995;995;995;995;995;995;2;995;995;995;995;995;995;995;995;2;2;1;0;0;0;0;0;999;2;995;2;1;1;1;1;1;1;1;1;1;1;1;1;1;2;3;4;995;;NOTRE DAME DE GRAVENCHON;NOTREDAMEDEGRAVENCHON;3;2;5;997;997;997;1;999;1;30;2;8;2;30;2;8;30;8;4;2;2;1;;;;;;
1661;2;2;2;2;3;1;2;2;2;3;995;995;995;995;995;995;995;995;2;2;2;3;3;3;3;3;3;3;3;3;3;2;2;2;2;2;2;3;2;5;2;0;0;1;1;0;0;4;995;995;995;995;995;995;995;995;995;995;995;995;995;995;2;995;995;995;995;995;995;995;995;3;2;0;0;0;1;0;0;3;2;995;2;2;2;2;2;2;3;2;2;2;2;2;3;1;2;3;3;995;;LE HAVRE;LEHAVRE;1;2;22;5;5;997;1;2;1;50;1;3;2;50;1;3;50;3;1;4;2;4;;;;;;
1662;2;1;2;1;1;1;2;2;2;1;0;0;1;1;1;0;0;0;2;5;1;1;5;1;3;4;1;3;4;1;3;3;1;2;3;1;2;3;3;5;3;0;1;1;0;1;0;3;995;995;995;995;995;995;995;995;995;995;995;995;995;995;2;995;995;995;995;995;995;995;995;999;2;0;0;0;1;0;0;2;2;995;3;1;1;2;2;2;999;2;2;2;2;2;3;1;2;2;1;3;;DEVILLE LES ROUEN;DEVILLELESROUEN;1;4;17;2;3;997;1;999;2;39;1;6;1;39;1;6;39;6;3;2;4;3;;;;;;
1663;2;2;2;1;2;2;2;1;2;3;995;995;995;995;995;995;995;995;2;2;2;2;2;2;2;3;3;3;2;2;2;2;2;2;2;2;2;3;3;2;3;0;0;0;0;1;0;3;995;995;995;995;995;995;995;995;995;995;995;995;995;995;2;995;995;995;995;995;995;995;995;999;2;1;0;0;0;0;0;1;2;995;4;2;2;2;2;2;3;2;2;2;2;2;3;1;2;4;999;999;;LA VIEUX RUE;LAVIEUXRUE;3;2;21;6;3;997;1;999;1;51;1;4;2;51;1;4;51;4;2;4;2;4;;;;;;
1664;2;2;2;1;1;1;2;1;2;1;1;0;1;1;0;0;0;0;1;3;3;2;2;2;2;1;1;1;1;1;1;1;1;2;2;1;1;3;3;5;3;1;0;0;0;1;0;2;1;0;0;0;0;0;0;0;0;0;1;0;0;0;1;2;0;0;0;0;0;0;0;2;1;0;0;0;1;0;0;1;2;995;2;2;2;2;2;1;3;2;2;2;2;2;2;1;2;3;2;995;;LE HOULME;LEHOULME;2;2;19;2;997;997;1;999;1;44;1;4;2;44;1;4;44;4;2;3;2;4;;;;;;
1665;2;2;1;2;1;1;2;2;2;1;1;0;0;0;0;0;0;0;2;5;3;2;2;2;3;3;3;3;1;1;3;2;2;2;2;2;2;2;2;5;2;0;0;0;0;1;0;2;2;995;995;995;995;995;995;995;995;995;995;995;995;995;2;995;995;995;995;995;995;995;995;2;2;0;0;0;1;0;0;3;2;995;2;2;2;2;2;2;3;2;2;2;3;3;3;1;2;3;2;995;;OUVILLE LA RIVIERE;OUVILLELARIVIERE;3;2;7;997;997;997;1;2;2;37;1;3;1;37;1;3;37;3;1;2;2;2;;;;;;
1666;2;2;3;2;1;1;1;1;2;1;1;1;0;0;1;0;0;0;1;2;3;2;999;2;3;1;1;1;999;1;1;1;1;1;999;1;1;3;3;5;3;0;0;1;0;1;1;5;995;995;995;995;995;995;995;995;995;995;995;995;995;995;999;2;0;0;0;0;0;1;0;2;2;0;0;0;1;0;0;1;1;4;4;999;1;1;1;1;999;999;999;999;999;999;999;1;2;4;1;3;;OCTEVILLE SUR MER;OCTEVILLESURMER;2;3;22;6;2;2;1;999;2;48;2;7;1;48;1;7;48;7;4;3;3;4;;;;;;
1667;2;1;3;2;1;3;1;2;2;1;1;0;0;0;1;1;0;0;2;5;5;5;5;5;5;4;4;4;4;4;4;3;3;3;3;3;3;3;3;5;3;1;1;1;0;0;0;5;995;995;995;995;995;995;995;995;995;995;995;995;995;995;2;995;995;995;995;995;995;995;995;4;2;0;0;0;0;1;0;1;2;995;4;2;1;1;1;1;1;999;999;999;999;999;999;1;2;4;4;995;;QUEVREVILLE LA POTERIE;QUEVREVILLELAPOTERIE;3;2;21;6;6;997;1;999;2;50;1;5;1;50;1;5;50;5;3;4;2;4;;;;;;
1668;2;2;3;2;3;3;1;1;2;1;1;0;0;1;0;0;0;0;2;5;2;2;5;3;5;4;1;2;4;3;4;3;999;2;3;2;3;3;3;5;3;0;0;1;0;1;0;5;995;995;995;995;995;995;995;995;995;995;995;995;995;995;2;995;995;995;995;995;995;995;995;2;1;0;0;0;1;0;0;2;2;995;4;2;2;2;1;1;2;2;2;2;2;3;2;1;2;4;2;995;;SAINT ETIENNE DU ROUVRAY;SAINTETIENNEDUROUVRAY;1;1;8;997;997;997;1;2;2;45;2;8;1;45;1;8;45;8;4;3;1;2;;;;;;
1669;2;2;2;2;3;3;2;2;2;999;1;0;0;0;0;0;0;0;2;3;3;3;2;2;2;3;3;1;1;3;3;2;2;2;2;2;1;2;3;5;2;0;0;1;0;0;0;4;995;995;995;995;995;995;995;995;995;995;995;995;995;995;2;995;995;995;995;995;995;995;995;999;2;0;0;0;0;1;0;3;2;995;2;2;2;1;2;1;2;2;2;1;2;1;2;1;2;3;4;995;;BERTRIMONT;BERTRIMONT;3;2;14;1;1;997;1;999;2;39;1;6;1;39;1;6;39;6;3;2;2;3;;;;;;
1670;2;2;3;3;1;1;1;1;2;1;1;0;1;1;0;0;0;0;1;3;3;3;2;2;3;3;2;2;2;3;3;2;2;1;1;2;2;2;2;2;2;0;0;0;0;1;0;5;995;995;995;995;995;995;995;995;995;995;995;995;995;995;2;995;995;995;995;995;995;995;995;999;999;0;0;0;0;0;0;999;999;999;999;999;999;999;999;999;999;999;999;999;999;999;999;999;999;999;2;995;;LE HAVRE;LEHAVRE;1;2;21;5;1;997;1;999;2;44;1;5;1;44;1;5;44;5;3;3;2;4;;;;;;
1671;2;2;2;2;3;3;2;2;1;1;1;0;1;1;0;1;0;0;2;5;2;5;5;5;5;3;2;4;4;3;3;2;2;3;3;2;2;3;2;2;2;0;0;1;0;1;0;5;995;995;995;995;995;995;995;995;995;995;995;995;995;995;2;995;995;995;995;995;995;995;995;999;2;0;0;0;1;0;0;3;2;995;2;2;2;2;2;1;3;2;2;999;3;3;3;1;2;3;1;4;;LINTOT;LINTOT;3;1;1;997;997;997;1;1;2;36;1;4;1;36;1;4;36;4;2;2;1;1;;;;;;
1672;2;2;2;2;1;1;1;1;2;1;1;0;1;0;1;0;0;0;1;3;2;2;2;2;3;3;3;1;3;3;3;1;1;1;1;1;1;3;3;5;1;0;0;0;0;1;0;4;995;995;995;995;995;995;995;995;995;995;995;995;995;995;999;2;1;0;0;0;0;0;0;999;2;1;0;0;0;0;0;2;1;4;4;2;2;2;2;2;3;2;2;2;2;2;3;1;2;3;4;995;;LE HAVRE;LEHAVRE;1;3;17;3;1;997;1;999;2;40;1;5;1;40;1;5;40;5;3;3;3;3;;;;;;
1673;2;2;3;2;3;3;2;2;2;1;1;0;0;1;0;0;0;0;2;3;3;3;3;3;3;3;3;3;3;3;3;1;1;1;1;1;1;2;2;5;3;0;0;1;0;1;0;5;995;995;995;995;995;995;995;995;995;995;995;995;995;995;2;995;995;995;995;995;995;995;995;3;2;0;0;0;1;0;0;2;1;4;2;2;2;2;2;2;2;2;2;2;2;2;2;1;2;999;1;3;;SAINTE MARGUERITE SUR DUCLAIR;SAINTEMARGUERITESURDUCLAIR;3;6;23;5;5;5;1;999;2;50;2;8;1;50;1;8;50;8;4;4;4;4;;;;;;
1674;2;2;1;1;1;1;2;2;2;1;1;1;0;0;1;0;0;0;2;3;3;1;2;3;3;3;3;3;3;3;3;2;1;2;2;2;2;1;2;1;2;0;1;0;0;1;0;5;995;995;995;995;995;995;995;995;995;995;995;995;995;995;2;995;995;995;995;995;995;995;995;4;1;1;0;0;0;0;0;3;2;995;3;2;2;2;2;2;2;2;2;2;2;2;2;1;2;4;1;1;;999;999;999;2;16;3;1;997;1;999;1;42;1;3;2;42;1;3;42;3;1;3;2;3;;;;;;
1675;2;2;3;3;3;1;2;1;2;3;995;995;995;995;995;995;995;995;1;5;3;3;5;5;4;4;1;2;4;1;3;3;1;1;3;1;1;3;4;5;3;0;0;1;1;0;0;5;995;995;995;995;995;995;995;995;995;995;995;995;995;995;2;995;995;995;995;995;995;995;995;4;1;0;0;0;0;1;0;1;999;999;4;999;1;1;1;1;999;2;2;2;2;2;2;1;2;4;1;2;;HODENG AU BOSC;HODENGAUBOSC;3;2;6;997;997;997;1;999;2;36;1;5;1;36;1;5;36;5;3;2;2;2;;;;;;
1676;2;999;1;2;1;1;2;2;1;1;0;0;0;0;0;0;0;0;999;1;2;5;5;2;2;1;1;4;999;3;1;2;1;3;3;3;2;2;2;2;2;0;0;0;0;1;0;5;995;995;995;995;995;995;995;995;995;995;995;995;995;995;2;995;995;995;995;995;995;995;995;3;1;0;0;0;0;1;0;3;2;995;2;2;2;2;2;2;2;999;999;999;999;999;999;1;2;3;999;999;;LE HAVRE;LEHAVRE;1;1;21;997;997;997;1;1;2;64;2;7;1;64;2;7;64;7;4;5;1;4;;;;;;
1677;2;2;2;2;3;3;2;2;2;1;1;0;0;0;0;0;0;0;2;5;3;5;5;5;4;4;2;4;4;4;3;3;2;3;3;3;2;2;3;2;3;0;0;0;0;1;0;5;995;995;995;995;995;995;995;995;995;995;995;995;995;995;999;999;995;995;995;995;995;995;995;999;999;0;0;0;0;0;0;999;999;999;999;999;999;999;999;999;999;999;999;999;999;999;999;999;999;999;2;995;;SAINT ETIENNE DU ROUVRAY;SAINTETIENNEDUROUVRAY;1;1;2;997;997;997;1;2;1;30;1;5;2;30;1;5;30;5;3;2;1;1;;;;;;
1678;2;1;2;2;1;1;1;1;1;3;995;995;995;995;995;995;995;995;2;3;2;3;3;5;3;3;3;3;3;999;3;1;2;1;1;1;2;3;3;2;3;0;0;1;0;0;0;3;995;995;995;995;995;995;995;995;995;995;995;995;995;995;1;2;1;0;0;0;0;0;0;1;2;0;0;0;1;0;0;1;2;995;2;2;2;2;2;2;3;2;2;2;2;2;3;1;2;2;2;995;;LE HAVRE;LEHAVRE;1;1;19;5;997;997;1;999;2;47;1;5;1;47;1;5;47;5;3;3;1;4;;;;;;
1679;2;2;2;1;1;1;1;1;2;1;1;1;0;1;0;1;0;0;1;5;3;2;3;3;5;4;1;3;3;3;4;3;1;1;2;2;3;1;2;1;2;0;0;1;0;1;0;5;995;995;995;995;995;995;995;995;995;995;995;995;995;995;2;995;995;995;995;995;995;995;995;999;999;0;0;0;0;0;0;999;999;999;2;2;2;2;2;2;3;2;2;2;2;2;3;1;2;3;1;7;Allocation sous forme de bons;999;999;999;2;8;997;997;997;1;2;2;38;1;5;1;38;1;5;38;5;3;2;2;2;;;;;;
1680;2;1;1;1;3;1;2;1;1;1;1;0;1;1;0;0;0;0;1;1;2;1;1;2;2;3;1;3;3;3;3;2;2;2;2;2;2;4;4;4;3;1;1;1;0;0;0;1;1;1;0;0;0;0;0;0;0;0;0;0;0;0;2;995;995;995;995;995;995;995;995;3;2;0;0;0;0;1;0;2;1;4;4;1;1;1;1;1;3;2;2;2;2;2;3;1;2;4;1;1;;NOTRE DAME DE BONDEVILLE;NOTREDAMEDEBONDEVILLE;1;4;19;3;3;997;1;2;2;41;2;8;1;41;1;8;41;8;4;3;4;4;;;;;;
1681;2;1;3;2;1;1;1;1;3;1;1;1;0;1;0;0;0;0;1;3;3;3;2;2;2;1;1;2;2;1;2;1;1;2;2;1;2;3;3;4;3;1;0;1;1;0;0;5;995;995;995;995;995;995;995;995;995;995;995;995;995;995;1;1;995;995;995;995;995;995;995;3;2;0;0;1;0;0;0;1;2;995;3;2;1;2;1;1;3;2;2;2;1;2;3;1;1;3;2;995;;999;999;999;1;9;997;997;997;1;999;2;33;1;6;1;33;2;5;33;5;3;2;1;2;;;;;;
1682;2;2;3;3;3;1;2;2;2;3;995;995;995;995;995;995;995;995;2;5;2;5;5;3;5;3;3;4;4;3;3;2;2;3;3;2;2;2;2;2;3;0;0;0;0;0;1;5;995;995;995;995;995;995;995;995;995;995;995;995;995;995;2;995;995;995;995;995;995;995;995;2;2;0;0;0;0;1;0;3;2;995;2;2;2;2;2;2;3;2;2;2;2;3;3;1;2;3;4;995;;ETRETAT;ETRETAT;3;1;8;997;997;997;1;999;2;50;1;4;1;50;1;4;50;4;2;4;1;2;;;;;;
1683;2;1;1;1;1;1;1;1;1;1;1;1;0;1;0;0;1;0;1;2;1;1;999;1;2;3;1;3;3;1;3;1;1;1;1;1;1;3;3;4;3;1;1;1;0;0;0;3;995;995;995;995;995;995;995;995;995;995;995;995;995;995;2;995;995;995;995;995;995;995;995;4;2;0;0;0;0;0;0;2;2;995;3;2;1;999;1;1;999;2;2;2;2;2;2;1;2;3;1;4;;LE HAVRE;LEHAVRE;1;3;16;3;997;997;1;999;2;40;1;6;1;40;1;6;40;6;3;3;3;3;;;;;;
1684;2;2;2;2;1;1;2;2;2;1;1;0;1;1;1;0;0;0;2;5;2;5;5;5;5;4;1;4;4;4;4;3;2;3;3;3;3;2;2;1;2;1;0;1;0;0;0;5;995;995;995;995;995;995;995;995;995;995;995;995;995;995;2;995;995;995;995;995;995;995;995;999;2;0;0;0;0;0;1;2;999;999;4;2;2;1;2;3;3;2;2;2;3;3;3;1;2;4;3;995;;BAONS LE COMTE;BAONSLECOMTE;3;1;1;997;997;997;1;999;2;26;1;5;1;26;1;5;26;5;3;1;1;1;;;;;;
1685;2;1;2;1;1;1;1;1;1;1;0;1;0;1;0;0;1;0;999;3;2;3;5;1;2;3;3;3;4;3;3;1;1;1;3;1;1;3;3;999;3;0;0;1;0;1;0;4;995;995;995;995;995;995;995;995;995;995;995;995;995;995;2;995;995;995;995;995;995;995;995;2;2;0;0;0;1;0;0;2;2;995;4;2;2;2;1;1;3;2;2;2;1;3;3;1;2;3;1;4;;LE HAVRE;LEHAVRE;1;6;;6;6;6;1;1;2;55;2;7;1;55;1;7;55;7;4;4;4;1;;;;;;
1686;2;1;2;1;1;1;1;1;1;2;0;0;0;0;0;0;0;0;2;5;2;5;5;1;5;4;1;4;4;4;4;3;1;3;3;3;3;2;3;2;3;1;0;1;0;1;0;5;995;995;995;995;995;995;995;995;995;995;995;995;995;995;2;995;995;995;995;995;995;995;995;3;1;0;1;0;0;0;0;3;999;999;4;2;1;1;2;1;3;2;2;2;3;3;3;1;2;3;4;995;;NOTRE DAME DE GRAVENCHON;NOTREDAMEDEGRAVENCHON;3;2;1;997;997;997;1;999;2;25;1;5;1;25;1;5;25;5;3;1;2;1;;;;;;
1687;2;2;2;2;1;1;1;1;2;1;0;1;1;0;1;0;0;0;999;5;5;5;5;5;5;4;4;4;4;4;4;3;3;3;3;3;3;3;2;5;2;0;0;0;0;1;0;5;995;995;995;995;995;995;995;995;995;995;995;995;995;995;2;995;995;995;995;995;995;995;995;999;2;0;0;0;0;0;0;999;999;999;3;2;2;2;2;2;3;2;2;2;2;2;3;1;2;999;2;995;;PARC D'ANXTOT;PARCDANXTOT;3;2;23;6;6;997;1;999;2;52;1;5;1;52;1;5;52;5;3;4;2;4;;;;;;
1688;2;2;2;2;3;3;2;2;1;1;1;0;1;0;0;0;0;0;1;5;3;4;5;4;5;4;3;4;4;3;3;3;2;3;3;2;2;3;3;5;3;0;0;0;0;0;1;5;995;995;995;995;995;995;995;995;995;995;995;995;995;995;2;995;995;995;995;995;995;995;995;2;2;0;0;0;0;1;0;2;2;995;4;2;2;2;2;3;3;2;2;2;2;3;3;1;2;3;4;995;;BOSC LE HARD;BOSCLEHARD;3;3;8;997;997;997;1;999;1;33;1;2;2;33;1;2;33;2;1;2;3;2;;;;;;
1689;2;999;2;2;1;1;2;2;2;1;0;0;1;1;1;0;0;0;2;1;2;1;1;2;2;3;3;3;3;3;3;2;2;2;2;2;2;3;2;5;2;0;0;1;0;1;0;4;995;995;995;995;995;995;995;995;995;995;995;995;995;995;2;995;995;995;995;995;995;995;995;2;1;0;1;0;0;0;0;2;2;995;4;2;1;1;1;2;3;2;2;2;2;2;3;1;2;3;1;3;;SOTTEVILLE LES ROUEN;SOTTEVILLELESROUEN;1;2;19;5;5;997;1;999;2;52;1;4;1;52;1;4;52;4;2;4;2;4;;;;;;
1690;2;2;3;3;1;1;1;1;2;1;0;0;0;0;1;0;0;1;1;3;3;3;999;5;3;3;1;1;4;4;1;1;1;1;3;3;1;3;3;5;2;0;0;0;0;1;0;5;995;995;995;995;995;995;995;995;995;995;995;995;995;995;1;2;1;0;0;0;0;0;0;2;2;0;0;0;0;0;0;999;2;995;2;2;2;2;2;2;2;2;2;2;2;2;2;1;2;2;1;7;Donner aux écoles;CRIQUETOT L'ESNEVAL;CRIQUETOTLESNEVAL;3;3;17;3;1;1;1;2;2;44;1;1;1;44;1;1;44;1;1;3;3;3;;;;;;
1691;2;2;2;2;1;3;1;2;2;1;0;0;1;1;1;0;0;0;1;5;2;1;1;2;2;4;3;3;3;3;3;3;2;2;2;2;2;3;999;2;3;0;1;1;0;1;0;5;995;995;995;995;995;995;995;995;995;995;995;995;995;995;999;999;995;995;995;995;995;995;995;999;1;0;0;0;0;0;1;2;2;995;4;2;2;2;1;1;3;2;2;2;2;2;3;1;2;3;2;995;;AMFREVILLE LA MIVOIE;AMFREVILLELAMIVOIE;1;2;6;997;997;997;1;999;2;31;1;3;1;31;1;3;31;3;1;2;2;2;;;;;;
1692;2;2;2;3;1;1;1;1;1;999;1;0;1;1;0;0;0;0;2;5;5;5;5;5;5;4;4;4;4;4;4;3;3;3;3;3;3;4;3;2;3;1;1;0;1;0;0;1;1;0;0;1;0;0;0;0;0;0;0;0;0;0;2;995;995;995;995;995;995;995;995;4;2;0;1;0;0;0;0;1;2;995;3;1;1;1;1;2;3;999;999;999;999;999;999;1;2;4;1;4;;MESNIL PANNEVILLE;MESNILPANNEVILLE;3;2;24;6;6;997;1;1;1;58;1;3;2;58;1;3;58;3;1;4;2;4;;;;;;
1693;2;2;2;2;3;3;1;1;2;1;0;0;1;0;0;1;1;0;1;5;2;5;2;5;1;4;3;3;3;4;2;3;1;1;1;3;1;3;3;1;3;0;0;0;0;1;0;5;995;995;995;995;995;995;995;995;995;995;995;995;995;995;2;995;995;995;995;995;995;995;995;999;2;0;0;0;0;1;0;3;2;995;3;2;2;2;2;2;3;2;2;2;2;2;3;1;2;4;1;4;;ANCRETTEVILLE SUR MER;ANCRETTEVILLESURMER;3;3;21;6;6;5;1;999;2;57;1;5;1;57;1;5;57;5;3;4;3;4;;;;;;
1694;2;2;2;1;1;1;1;1;1;1;1;0;1;1;0;0;0;0;1;3;2;1;3;1;1;3;1;1;4;1;4;1;1;1;3;1;3;4;3;3;2;1;1;1;0;0;0;4;995;995;995;995;995;995;995;995;995;995;995;995;995;995;2;995;995;995;995;995;995;995;995;3;1;0;0;0;1;0;0;3;999;999;1;1;1;1;2;2;3;2;2;2;2;3;3;1;2;3;4;995;;SAINT PIERRE LES ELBEUF;SAINTPIERRELESELBEUF;2;2;7;997;997;997;1;999;2;34;1;5;1;34;1;5;34;5;3;2;2;2;;;;;;
1695;2;1;1;1;1;1;2;2;1;1;1;0;1;1;0;0;0;0;999;2;2;2;2;2;2;1;1;1;1;3;3;2;2;2;2;2;2;4;4;5;3;1;1;0;1;0;0;999;1;0;0;0;0;0;0;0;0;0;0;1;0;0;1;1;995;995;995;995;995;995;995;4;2;1;0;0;0;0;0;2;1;4;4;2;1;2;1;1;999;2;2;2;2;2;3;1;2;4;1;1;;RONCHEROLLES SUR LE VIVIER;RONCHEROLLESSURLEVIVIER;2;4;19;3;2;997;1;999;1;57;1;5;2;57;2;5;57;5;3;4;4;4;;;;;;
1696;2;2;3;2;1;1;1;1;2;1;0;1;1;1;1;0;0;0;999;3;3;3;5;2;2;1;1;1;1;1;1;1;1;1;3;1;1;2;3;4;3;0;1;0;0;0;0;5;995;995;995;995;995;995;995;995;995;995;995;995;995;995;2;995;995;995;995;995;995;995;995;999;1;0;1;0;0;0;0;2;2;995;4;2;2;2;2;2;2;2;2;2;2;2;2;1;2;4;1;1;;SAINTE CROIX SUR   BUCAY;SAINTECROIXSURBUCAY;3;3;13;6;6;1;1;2;2;48;1;5;1;48;1;5;48;5;3;3;3;3;;;;;;
1697;2;2;3;3;3;3;2;2;2;2;0;0;0;0;0;0;0;0;2;5;3;4;5;4;5;4;1;3;4;3;4;3;2;1;3;2;3;2;3;2;3;0;0;0;0;0;1;4;995;995;995;995;995;995;995;995;995;995;995;995;995;995;2;995;995;995;995;995;995;995;995;3;1;0;0;0;0;0;1;2;2;995;4;2;2;2;2;3;3;2;2;2;2;3;3;1;2;3;2;995;;ECTOT LES BAONS;ECTOTLESBAONS;3;2;7;997;997;997;1;2;2;32;1;5;1;32;1;5;32;5;3;2;2;2;;;;;;
1698;2;1;2;2;1;1;1;1;2;1;0;0;1;0;0;0;0;0;2;5;2;3;5;2;5;4;3;3;4;3;4;3;2;2;3;2;3;3;3;5;2;0;0;0;0;1;0;5;995;995;995;995;995;995;995;995;995;995;995;995;995;995;2;995;995;995;995;995;995;995;995;3;1;0;0;0;0;0;1;3;999;999;2;2;2;2;2;2;3;2;2;2;2;3;3;1;2;3;4;995;;LE HAVRE;LEHAVRE;1;1;10;997;997;997;1;1;2;35;1;5;1;35;1;5;35;5;3;2;1;2;;;;;;
1699;2;1;2;2;3;3;1;1;1;1;0;1;1;1;0;0;0;0;1;3;3;2;2;3;2;3;3;3;1;3;1;1;1;1;1;1;1;3;3;2;3;0;0;1;0;1;0;5;995;995;995;995;995;995;995;995;995;995;995;995;995;995;999;999;995;995;995;995;995;995;995;999;1;0;1;0;0;0;0;3;2;995;2;2;2;2;2;2;3;2;2;2;2;2;3;1;2;3;1;4;;LA FRESNAYE;LAFRESNAYE;2;3;18;5;2;997;1;2;1;46;1;3;2;46;1;3;46;3;1;3;3;4;;;;;;
1700;2;2;2;3;1;1;2;1;2;1;0;1;1;0;0;0;0;0;1;2;3;3;2;3;2;1;3;1;3;1;1;1;1;1;1;1;1;2;2;2;2;0;0;0;0;1;0;5;995;995;995;995;995;995;995;995;995;995;995;995;995;995;1;995;995;995;995;995;995;995;995;999;999;0;0;0;0;0;0;999;999;999;999;999;999;999;999;999;999;999;999;999;999;999;999;999;999;999;2;995;;THEUVILLE AUX MAILLOTS;THEUVILLEAUXMAILLOTS;3;2;22;5;2;997;1;999;2;46;1;5;1;46;1;5;46;5;3;3;2;4;;;;;;
1701;2;2;3;2;1;1;1;1;2;1;0;0;1;0;1;1;0;0;1;5;5;5;5;5;5;4;4;4;4;4;4;3;3;3;3;3;3;3;3;999;3;0;0;0;1;1;0;5;995;995;995;995;995;995;995;995;995;995;995;995;995;995;2;995;995;995;995;995;995;995;995;4;2;0;0;0;0;0;0;999;2;995;4;2;2;2;2;2;1;2;2;2;2;2;999;1;2;3;999;999;;ERNEMONT SUR BUCHY;ERNEMONTSURBUCHY;3;2;23;6;6;997;1;2;2;49;1;6;1;49;1;6;49;6;3;3;2;4;;;;;;
1702;2;2;3;1;2;1;2;1;2;3;995;995;995;995;995;995;995;995;2;5;4;5;3;3;2;4;3;3;999;2;2;3;999;2;2;1;2;2;2;2;1;0;0;0;0;1;0;5;995;995;995;995;995;995;995;995;995;995;995;995;995;995;2;995;995;995;995;995;995;995;995;999;1;0;0;0;1;0;0;2;2;995;3;2;2;2;2;2;2;2;2;2;2;2;2;1;2;2;1;1;;999;999;999;2;11;997;997;997;1;999;2;40;1;6;1;40;1;6;40;6;3;3;2;2;;;;;;
1703;2;2;3;2;3;3;1;2;2;1;0;0;0;1;0;0;0;0;1;3;2;2;2;2;1;3;3;3;3;3;3;2;2;2;2;2;2;4;4;5;3;1;0;0;1;0;0;1;1;1;0;0;0;0;0;0;0;0;0;0;0;0;2;995;995;995;995;995;995;995;995;3;2;0;1;0;0;0;0;2;2;995;3;2;1;1;1;1;1;2;2;2;2;2;2;1;2;4;1;6;;MONTVILLE;MONTVILLE;2;1;14;997;997;997;1;999;1;45;1;5;2;45;2;5;45;5;3;3;1;3;;;;;;
1704;2;2;4;2;1;1;2;2;2;1;0;0;1;0;0;0;1;0;2;3;3;3;5;2;3;1;2;3;4;1;3;1;2;1;3;1;2;2;3;5;1;1;1;0;0;0;0;3;995;995;995;995;995;995;995;995;995;995;995;995;995;995;2;995;995;995;995;995;995;995;995;2;2;1;0;0;0;0;0;2;2;995;2;1;1;2;1;3;3;2;2;2;2;3;3;1;2;3;1;2;;ANNEVILLE AMBOURVILLE;ANNEVILLEAMBOURVILLE;3;3;7;997;997;997;1;999;2;26;1;5;1;26;2;5;26;5;3;1;3;2;;;;;;
1705;2;2;1;1;1;1;1;1;2;1;0;0;0;1;0;0;0;0;2;5;3;2;2;3;5;3;3;3;3;3;3;2;2;2;2;2;2;2;2;2;3;0;0;0;0;0;1;5;995;995;995;995;995;995;995;995;995;995;995;995;995;995;2;995;995;995;995;995;995;995;995;2;1;0;0;0;1;0;0;2;999;999;4;2;2;2;2;2;2;2;2;2;2;2;2;1;999;3;2;995;;BIHOREL;BIHOREL;1;1;4;997;997;997;1;1;2;45;1;4;1;45;1;4;45;4;2;3;1;1;;;;;;
1706;2;2;2;1;1;1;1;1;1;1;1;0;0;1;1;0;0;0;1;5;5;5;5;5;5;4;4;4;4;4;4;3;3;3;3;3;3;3;3;5;3;1;0;0;0;1;0;3;995;995;995;995;995;995;995;995;995;995;995;995;995;995;2;995;995;995;995;995;995;995;995;4;2;0;0;0;0;0;1;1;2;995;4;2;2;1;1;1;3;999;999;999;999;999;999;1;2;4;2;995;;SAINT AUBIN SUR SCIE;SAINTAUBINSURSCIE;2;4;24;6;6;6;1;1;2;55;1;5;1;55;1;5;55;5;3;4;4;4;;;;;;
1707;2;2;3;1;3;3;2;2;2;1;1;0;1;0;0;0;0;0;2;2;3;2;2;3;2;3;3;1;1;1;1;1;1;2;2;2;2;3;3;5;1;1;0;0;1;1;0;5;995;995;995;995;995;995;995;995;995;995;995;995;995;995;2;995;995;995;995;995;995;995;995;4;2;0;0;1;0;0;0;3;2;995;999;2;1;1;2;1;3;2;1;1;2;3;3;1;1;3;1;4;;EPOUVILLE;EPOUVILLE;2;2;21;6;2;997;1;999;2;46;1;5;1;46;1;5;46;5;3;3;2;4;;;;;;
1708;2;2;2;1;1;2;1;1;2;3;995;995;995;995;995;995;995;995;2;999;2;3;999;2;1;999;3;3;3;3;3;999;1;1;1;1;1;3;2;1;2;0;0;0;0;1;1;5;995;995;995;995;995;995;995;995;995;995;995;995;995;995;2;995;995;995;995;995;995;995;995;1;2;0;0;0;0;1;0;3;2;995;4;2;2;1;999;2;999;2;2;1;999;2;999;1;2;999;4;995;;LE HAVRE;LEHAVRE;1;3;22;6;5;2;1;2;2;51;2;8;1;51;1;8;51;8;4;4;3;4;;;;;;
1709;2;2;2;1;1;3;1;1;2;1;1;0;1;1;0;0;1;0;2;5;3;2;5;1;5;4;3;3;4;3;4;3;2;2;3;2;3;3;3;5;2;0;0;1;0;1;0;5;995;995;995;995;995;995;995;995;995;995;995;995;995;995;2;995;995;995;995;995;995;995;995;3;2;0;0;0;0;0;1;3;2;995;4;2;2;2;2;2;3;2;2;2;3;3;3;1;2;4;1;3;;LE HAVRE;LEHAVRE;1;2;4;997;997;997;1;999;2;31;1;5;1;31;1;5;31;5;3;2;2;1;;;;;;
1710;2;3;3;2;3;1;2;2;2;1;0;0;1;1;0;1;0;0;1;5;3;2;5;5;5;3;3;2;4;4;4;3;2;2;3;3;3;3;3;5;3;1;0;1;1;0;0;5;995;995;995;995;995;995;995;995;995;995;995;995;995;995;2;995;995;995;995;995;995;995;995;3;2;0;0;0;0;1;0;3;2;995;2;2;2;2;2;2;3;2;2;2;2;3;3;1;2;3;4;995;;CLERES;CLERES;3;2;3;997;997;997;1;999;2;30;1;5;1;30;1;5;30;5;3;2;2;1;;;;;;
1711;2;2;1;2;3;1;2;2;2;3;995;995;995;995;995;995;995;995;2;5;2;3;5;3;2;4;3;3;4;3;4;3;2;2;3;2;2;2;2;2;2;0;0;1;0;0;0;4;995;995;995;995;995;995;995;995;995;995;995;995;995;995;2;995;995;995;995;995;995;995;995;3;2;0;0;0;1;0;0;3;2;995;3;2;2;2;1;2;3;2;2;2;2;2;3;1;2;3;1;1;;SAINT RIQUIER ES PLAINS;SAINTRIQUIERESPLAINS;3;2;8;997;997;997;1;999;2;36;1;4;1;36;1;4;36;4;2;2;2;2;;;;;;
1712;2;2;3;2;1;1;1;1;2;1;0;1;0;0;0;1;0;0;1;4;3;5;2;4;4;3;3;3;3;3;3;1;1;1;1;1;1;2;2;2;3;0;0;0;0;1;0;5;995;995;995;995;995;995;995;995;995;995;995;995;995;995;2;995;995;995;995;995;995;995;995;3;2;0;0;0;0;1;0;3;2;995;4;2;2;2;2;2;3;2;2;2;2;2;3;1;2;4;1;1;;SAINT SAENS;SAINTSAENS;3;2;24;6;5;997;1;999;1;53;1;4;2;53;1;4;53;4;2;4;2;4;;;;;;
1713;2;2;2;2;3;3;2;2;2;3;995;995;995;995;995;995;995;995;2;5;3;3;3;2;2;4;3;3;3;3;3;3;2;2;2;2;2;3;2;5;2;0;0;0;0;1;0;5;995;995;995;995;995;995;995;995;995;995;995;995;995;995;2;995;995;995;995;995;995;995;995;999;2;0;0;0;0;1;0;3;2;995;3;2;2;2;2;2;2;2;2;2;2;2;2;1;2;3;2;995;;LE SAUSSAY;LESAUSSAY;3;2;24;6;5;997;1;999;2;57;2;8;1;57;1;8;57;8;4;4;2;4;;;;;;
1714;2;2;2;2;1;1;1;2;2;1;1;0;1;0;0;0;0;0;1;5;2;1;5;3;5;4;1;3;4;3;4;3;1;1;3;2;3;2;4;5;3;0;0;0;0;1;0;5;995;995;995;995;995;995;995;995;995;995;995;995;995;995;2;995;995;995;995;995;995;995;995;4;1;0;0;0;0;1;0;3;2;995;2;2;2;2;2;2;3;2;2;2;3;3;3;1;2;3;1;6;;LE HAVRE;LEHAVRE;1;2;5;997;997;997;1;999;2;34;1;6;1;34;2;6;34;6;3;2;2;1;;;;;;
1715;2;2;2;2;1;1;1;1;2;1;1;0;1;1;0;0;0;0;2;3;2;1;999;999;2;3;1;3;999;3;1;2;1;2;999;2;2;3;3;5;3;0;0;1;0;0;0;4;995;995;995;995;995;995;995;995;995;995;995;995;995;995;2;995;995;995;995;995;995;995;995;2;2;0;0;0;1;0;0;1;2;995;3;2;1;1;2;2;3;2;2;2;2;2;3;1;2;3;1;6;;DOUDEVILLE;DOUDEVILLE;3;3;12;997;997;997;1;1;1;52;1;5;2;52;1;5;52;5;3;4;3;3;;;;;;
1716;2;2;1;1;3;3;2;2;1;3;995;995;995;995;995;995;995;995;2;1;1;1;1;2;2;3;3;3;3;3;3;2;2;2;2;2;2;3;3;2;2;0;0;0;0;1;0;5;995;995;995;995;995;995;995;995;995;995;995;995;995;995;2;995;995;995;995;995;995;995;995;1;2;0;0;0;1;0;0;3;2;995;1;2;2;2;2;2;2;2;2;2;2;2;2;1;2;3;2;995;;SAINTE HELENE BONDEVILLE;SAINTEHELENEBONDEVILLE;3;2;22;6;5;997;1;2;2;48;1;3;1;48;1;3;48;3;1;3;2;4;;;;;;
1717;2;1;2;1;1;1;2;2;1;1;1;0;1;1;0;1;0;0;999;2;2;1;1;2;2;1;1;3;3;1;1;2;2;2;2;2;2;1;2;1;3;0;0;0;0;1;0;3;995;995;995;995;995;995;995;995;995;995;995;995;995;995;2;995;995;995;995;995;995;995;995;999;2;0;0;0;1;0;0;1;2;995;4;2;2;2;2;2;3;2;2;2;2;3;3;1;2;4;2;995;;LE MESNIL ESNARD;LEMESNILESNARD;1;1;23;5;997;997;1;2;2;56;1;4;1;56;1;4;56;4;2;4;1;4;;;;;;
1718;2;2;2;2;3;3;2;2;2;1;0;0;0;1;0;0;1;1;2;1;1;2;2;1;1;3;3;3;3;3;3;2;2;2;2;2;2;2;3;2;3;1;1;0;1;0;0;3;995;995;995;995;995;995;995;995;995;995;995;995;995;995;2;995;995;995;995;995;995;995;995;3;2;0;0;0;1;0;0;3;2;995;4;2;2;2;1;1;3;999;999;999;999;999;999;1;2;4;2;995;;LE HAVRE;LEHAVRE;1;2;21;6;3;997;1;999;2;46;1;6;1;46;1;6;46;6;3;3;2;4;;;;;;
1719;2;2;4;4;2;2;2;2;3;2;0;0;0;0;0;0;0;0;1;5;1;1;1;1;1;3;2;2;2;2;2;1;2;2;2;2;2;3;3;4;3;1;1;0;0;0;0;5;995;995;995;995;995;995;995;995;995;995;995;995;995;995;2;995;995;995;995;995;995;995;995;4;2;1;0;0;0;0;0;1;2;995;2;2;999;999;999;999;999;2;999;999;999;999;999;1;1;3;1;1;;999;999;999;3;9;997;997;997;1;999;2;30;2;8;1;30;2;8;30;8;4;2;3;2;;;;;;
1720;2;2;4;2;3;3;2;2;2;1;1;0;0;1;0;0;0;0;2;4;5;5;5;5;5;4;3;3;4;4;4;3;2;3;3;3;3;3;3;4;2;1;0;0;0;1;0;5;995;995;995;995;995;995;995;995;995;995;995;995;995;995;1;1;995;995;995;995;995;995;995;2;2;0;1;0;0;0;0;3;2;995;2;2;2;2;2;2;3;2;2;2;2;2;3;1;2;3;4;995;;GONFREVILLE L'ORCHER;GONFREVILLELORCHER;1;2;8;997;997;997;1;999;2;30;1;5;1;30;2;5;30;5;3;2;2;2;;;;;;
1721;2;2;3;2;3;3;2;2;1;3;995;995;995;995;995;995;995;995;2;3;2;2;5;3;1;3;3;3;4;3;2;2;1;2;3;2;2;3;3;5;3;0;0;0;0;1;0;4;995;995;995;995;995;995;995;995;995;995;995;995;995;995;2;995;995;995;995;995;995;995;995;3;2;0;0;0;0;0;1;1;2;995;4;2;2;1;3;1;1;2;2;2;3;3;3;1;2;4;4;995;;BERNIERES;BERNIERES;3;2;3;997;997;997;1;999;2;23;1;5;1;23;1;5;23;5;3;1;2;1;;;;;;
1722;2;999;1;1;3;3;1;1;2;3;995;995;995;995;995;995;995;995;2;3;2;2;5;2;1;4;1;3;4;1;1;3;1;999;1;1;1;4;3;5;3;0;0;1;0;1;0;4;995;995;995;995;995;995;995;995;995;995;995;995;995;995;999;2;0;0;0;0;0;0;0;999;2;0;0;0;1;0;0;2;2;995;4;2;2;2;2;2;2;999;999;999;999;999;999;1;2;4;4;995;;SAINT SAUVEUR D'EMALLEVILLE;SAINTSAUVEURDEMALLEVILLE;3;2;15;2;1;997;1;999;1;48;1;2;2;48;1;2;48;2;1;3;2;3;;;;;;
1723;2;1;1;1;3;3;2;2;1;2;0;0;0;0;0;0;0;0;2;5;2;1;3;3;3;4;2;3;3;3;3;3;2;2;2;2;2;4;3;2;3;1;1;0;0;0;0;4;995;995;995;995;995;995;995;995;995;995;995;995;995;995;2;995;995;995;995;995;995;995;995;3;2;0;0;1;0;0;0;2;2;995;4;2;2;2;2;2;3;2;2;2;2;2;3;1;2;3;1;4;;PAVILLY;PAVILLY;2;2;15;1;997;997;1;999;2;41;1;5;1;41;1;5;41;5;3;3;2;3;;;;;;
1724;2;2;2;2;1;1;1;1;2;2;0;0;0;0;0;0;0;0;2;2;2;2;2;2;2;1;2;2;2;2;2;2;2;2;2;2;2;3;3;2;3;0;0;0;0;1;0;2;2;995;995;995;995;995;995;995;995;995;995;995;995;995;2;995;995;995;995;995;995;995;995;3;2;0;0;0;1;0;0;2;2;995;3;2;2;2;2;2;3;999;999;999;999;999;999;1;2;3;4;995;;ELBEUF;ELBEUF;2;2;16;2;997;997;1;999;1;53;1;6;2;53;1;6;53;6;3;4;2;3;;;;;;
1725;2;1;2;2;1;1;1;1;2;1;1;0;0;1;0;1;0;0;1;5;3;5;5;5;5;4;1;4;4;4;4;3;1;3;3;3;3;4;4;1;3;1;1;0;1;0;0;3;995;995;995;995;995;995;995;995;995;995;995;995;995;995;2;995;995;995;995;995;995;995;995;4;2;0;0;0;1;0;0;3;2;995;4;2;2;1;2;2;3;2;2;2;3;3;3;1;2;4;1;4;;LUNERAY;LUNERAY;3;1;3;997;997;997;1;999;2;28;1;5;1;28;1;5;28;5;3;1;1;1;;;;;;
1726;2;1;1;2;1;1;1;1;1;1;1;1;0;1;1;0;0;0;1;999;999;999;999;999;999;999;999;999;999;999;999;999;999;999;999;999;999;3;3;5;3;1;0;1;1;0;0;2;1;0;0;1;0;0;0;0;0;0;0;0;0;0;2;995;995;995;995;995;995;995;995;3;999;0;0;0;0;0;0;999;999;999;4;2;1;1;1;1;999;2;2;2;2;2;999;1;1;4;1;1;;LE HAVRE;LEHAVRE;1;1;20;6;997;997;2;997;2;55;1;4;997;997;997;997;55;4;2;4;1;4;;;;;;
1727;2;1;2;1;1;1;2;2;1;1;1;0;1;0;1;0;0;0;1;5;2;3;1;1;5;4;3;3;3;3;4;3;1;1;1;1;3;3;3;5;3;0;1;0;0;1;0;5;995;995;995;995;995;995;995;995;995;995;995;995;995;995;2;995;995;995;995;995;995;995;995;1;2;0;0;0;0;1;0;3;2;995;4;2;2;2;2;2;3;2;2;2;2;2;3;1;2;4;2;995;;GUEURES;GUEURES;3;2;10;997;997;997;1;999;1;36;1;6;2;36;1;6;36;6;3;2;2;2;;;;;;
1728;2;1;3;3;1;1;1;1;1;1;0;1;0;0;1;0;0;0;1;5;3;3;2;2;2;4;1;1;1;1;1;3;1;1;1;1;1;3;3;1;2;0;1;0;0;1;0;999;995;995;995;995;995;995;995;995;995;995;995;995;995;995;2;995;995;995;995;995;995;995;995;999;1;0;0;0;0;1;0;3;2;995;3;2;2;2;2;2;2;3;3;3;3;3;3;1;2;999;1;3;;GONFREVILLE L'ORCHER;GONFREVILLELORCHER;1;3;11;1;997;997;1;2;2;33;1;5;1;33;1;5;33;5;3;2;3;2;;;;;;
1729;2;1;2;2;1;1;2;2;1;1;1;0;0;1;0;0;0;0;2;2;3;2;5;5;2;3;3;1;1;4;1;2;1;2;3;3;1;4;3;3;2;1;0;1;1;0;0;4;995;995;995;995;995;995;995;995;995;995;995;995;995;995;2;995;995;995;995;995;995;995;995;3;2;0;0;0;0;1;0;2;2;995;4;2;2;1;1;1;3;2;2;2;2;3;3;1;2;4;2;995;;SAINT PIERRE LES ELBEUF;SAINTPIERRELESELBEUF;2;2;15;2;997;997;1;999;2;42;1;2;1;42;2;2;42;2;1;3;2;3;;;;;;
1730;2;1;3;1;3;1;2;2;1;1;1;1;1;0;1;0;1;0;2;1;2;2;2;3;2;3;1;1;3;3;1;1;2;2;2;2;2;3;2;1;2;1;0;0;0;1;0;2;2;995;995;995;995;995;995;995;995;995;995;995;995;995;2;995;995;995;995;995;995;995;995;999;2;0;1;0;0;0;0;3;2;995;4;2;2;2;1;1;3;2;2;2;2;2;3;1;2;4;1;3;;VATTEVILLE LA RUE;VATTEVILLELARUE;3;4;14;2;997;997;1;999;2;41;1;5;1;41;1;5;41;5;3;3;4;3;;;;;;
1731;2;2;3;3;3;3;2;2;2;1;0;0;0;1;0;1;0;0;2;2;3;3;2;3;2;2;3;3;2;3;2;2;2;2;2;2;2;3;2;1;2;0;0;0;0;1;0;5;995;995;995;995;995;995;995;995;995;995;995;995;995;995;2;995;995;995;995;995;995;995;995;999;1;0;0;0;0;1;0;3;2;995;2;2;2;2;2;2;3;2;2;2;2;3;3;1;2;1;2;995;;MONTMAIN;MONTMAIN;3;1;20;5;997;997;1;999;2;61;2;7;1;61;1;7;61;7;4;4;1;4;;;;;;
1732;2;3;2;4;3;3;2;2;3;3;995;995;995;995;995;995;995;995;2;3;2;3;3;3;3;3;3;3;3;3;3;1;1;1;1;2;2;1;3;2;2;0;0;0;0;0;1;5;995;995;995;995;995;995;995;995;995;995;995;995;995;995;1;2;1;0;0;0;0;1;0;2;2;0;0;0;0;1;0;3;2;995;2;2;2;2;2;2;3;2;2;2;2;2;3;1;2;2;1;4;;YAINVILLE;YAINVILLE;3;3;18;6;6;5;1;999;2;55;2;7;1;55;2;7;55;7;4;4;3;4;;;;;;
1733;2;2;2;2;1;1;2;2;2;1;1;0;1;0;1;0;0;0;2;4;3;2;3;5;3;3;3;1;3;4;3;2;1;1;2;3;2;2;3;1;1;0;0;0;0;1;0;4;995;995;995;995;995;995;995;995;995;995;995;995;995;995;2;995;995;995;995;995;995;995;995;3;2;0;0;0;0;1;0;2;2;995;4;2;2;1;1;1;3;2;2;2;3;3;3;1;2;4;1;6;;BOUQUETOT;BOUQUETOT;3;3;14;997;997;997;1;1;2;25;2;8;1;25;1;8;25;8;4;1;3;3;;;;;;
1734;2;2;2;2;2;2;1;1;1;1;1;1;1;1;1;0;0;0;999;3;3;3;3;3;3;1;3;3;3;1;1;1;2;2;2;1;1;1;2;4;2;0;0;1;0;1;0;5;995;995;995;995;995;995;995;995;995;995;995;995;995;995;2;995;995;995;995;995;995;995;995;999;2;0;0;0;1;0;0;3;2;995;4;2;2;2;2;2;2;2;2;2;2;2;2;1;2;3;1;999;;TOTES;TOTES;3;2;22;6;3;997;1;999;2;44;1;5;1;44;1;5;44;5;3;3;2;4;;;;;;
